sample_id,target,official_seq_index,signed_importance,absolute_importance,unaligned_row,native_source_row,source_start_sec,source_end_sec,video_offset_sec,audio_offset_sec,abs_difference_sec,local_start_sec,local_end_sec,candidate_frame_count,selected_local_pts,previous_frame_pts,next_frame_pts,interval_midpoint,distance_selected_to_midpoint,source_expected_time,source_frame_pts,source_frame_time_error,pixel_pearson,same_underlying_evidence_unit,evidence_unit_id,frame_path,c2_unique,native_unique,source_row_status,mapping_status,failure_reason
04,classification,15,0.011122848838567734,0.011122848838567734,96,5562,185.4,185.433,179.03,178.9681875,0.061812500000002046,6.3700000000000045,6.402999999999992,1,6.4,6.366666666666666,6.433333333333334,6.386499999999998,0.013500000000002288,185.43,185.435,0.0049999999999954525,0.9994640707622817,False,04:vision:unaligned:96,frames/sample04_cls_vision_seq15_pts_6.400000.png,1,1,SOURCE_ROW_UNIQUE,reconstructed_keyframe_from_verified_lineage,
04,classification,14,0.010619373992085457,0.010619373992085457,95,5560,185.333,185.367,179.03,178.9681875,0.061812500000002046,6.302999999999997,6.336999999999989,1,6.333333333333333,6.3,6.366666666666666,6.319999999999993,0.013333333333339858,185.36333333333334,185.352,-0.011333333333340079,0.9994841373882892,False,04:vision:unaligned:95,frames/sample04_cls_vision_seq14_pts_6.333333.png,1,1,SOURCE_ROW_UNIQUE,reconstructed_keyframe_from_verified_lineage,
04,classification,13,0.009539926424622536,0.009539926424622536,94,5558,185.267,185.3,179.03,178.9681875,0.061812500000002046,6.236999999999995,6.27000000000001,1,6.266666666666667,6.233333333333333,6.3,6.2535000000000025,0.013166666666664106,185.29666666666668,185.31,0.013333333333321207,0.9994637778424708,False,04:vision:unaligned:94,frames/sample04_cls_vision_seq13_pts_6.266667.png,1,1,SOURCE_ROW_UNIQUE,reconstructed_keyframe_from_verified_lineage,
14,classification,34,0.013268489390611649,0.013268489390611649,152,911,30.3667,30.4,20.292666666666666,20.2025,0.09016666666666495,10.074033333333336,10.107333333333333,1,10.1,10.066666666666666,10.133333333333333,10.090683333333335,0.009316666666665085,30.392666666666663,30.397,0.0043333333333350765,0.9994095812318713,True,14:vision:unaligned:152,frames/sample14_cls_vision_seq34-35_pts_10.100000.png,1,1,SOURCE_ROW_UNIQUE,reconstructed_keyframe_from_verified_lineage,
14,classification,35,0.013268489390611649,0.013268489390611649,152,911,30.3667,30.4,20.292666666666666,20.2025,0.09016666666666495,10.074033333333336,10.107333333333333,1,10.1,10.066666666666666,10.133333333333333,10.090683333333335,0.009316666666665085,30.392666666666663,30.397,0.0043333333333350765,0.9994095812318713,True,14:vision:unaligned:152,frames/sample14_cls_vision_seq34-35_pts_10.100000.png,1,1,SOURCE_ROW_UNIQUE,reconstructed_keyframe_from_verified_lineage,
14,classification,33,0.013234797865152359,0.013234797865152359,151,909,30.3,30.3333,20.292666666666666,20.2025,0.09016666666666495,10.007333333333335,10.040633333333336,1,10.033333333333333,10.0,10.066666666666666,10.023983333333335,0.009349999999997749,30.326,30.33,0.003999999999997783,0.9993982517711786,False,14:vision:unaligned:151,frames/sample14_cls_vision_seq33_pts_10.033333.png,1,1,SOURCE_ROW_UNIQUE,reconstructed_keyframe_from_verified_lineage,
19,classification,22,0.00573238218203187,0.00573238218203187,189,5490,183.0,183.033,170.4,170.347375,0.05262500000000614,12.599999999999994,12.632999999999981,1,12.6,12.566666666666666,12.633333333333333,12.616499999999988,0.01649999999998819,183.0,183.0,0.0,0.9998167042682429,False,19:vision:unaligned:189,frames/sample19_cls_vision_seq22_pts_12.600000.png,1,1,SOURCE_ROW_UNIQUE,reconstructed_keyframe_from_verified_lineage,
19,classification,21,0.005489755887538195,0.005489755887538195,188,5488,182.933,182.967,170.4,170.347375,0.05262500000000614,12.532999999999987,12.567000000000007,2,12.533333333333333,12.5,12.566666666666666,12.549999999999997,0.016666666666663943,182.93333333333334,182.933,-0.00033333333334439885,0.9998233731390763,False,19:vision:unaligned:188,frames/sample19_cls_vision_seq21_pts_12.533333.png,1,1,SOURCE_ROW_UNIQUE,reconstructed_keyframe_from_verified_lineage,
19,classification,23,0.005072193685919046,0.005072193685919046,190,5492,183.067,183.1,170.4,170.347375,0.05262500000000614,12.667000000000002,12.699999999999989,1,12.7,12.666666666666666,12.733333333333333,12.683499999999995,0.016500000000004178,183.1,183.1,0.0,0.9998168361180464,False,19:vision:unaligned:190,frames/sample19_cls_vision_seq23_pts_12.700000.png,1,1,SOURCE_ROW_UNIQUE,reconstructed_keyframe_from_verified_lineage,
