sample_id,modality,official_seq_index,unaligned_j,c2_unique,native_unique,source_row_status,media_origin_status,local_navigation_candidate,formal_mapping_status
01,audio,1,158,1,1,SOURCE_ROW_UNIQUE,UNVERIFIED,0,index_only
01,audio,2,159,1,1,SOURCE_ROW_UNIQUE,UNVERIFIED,0,index_only
01,audio,3,160,1,1,SOURCE_ROW_UNIQUE,UNVERIFIED,0,index_only
01,audio,4,161,1,1,SOURCE_ROW_UNIQUE,UNVERIFIED,0,index_only
01,audio,5,162,1,1,SOURCE_ROW_UNIQUE,UNVERIFIED,0,index_only
01,audio,6,163,1,1,SOURCE_ROW_UNIQUE,UNVERIFIED,0,index_only
01,audio,7,164,1,1,SOURCE_ROW_UNIQUE,UNVERIFIED,0,index_only
01,audio,8,165,1,1,SOURCE_ROW_UNIQUE,UNVERIFIED,0,index_only
01,audio,9,166,1,1,SOURCE_ROW_UNIQUE,UNVERIFIED,0,index_only
01,audio,10,167,1,1,SOURCE_ROW_UNIQUE,UNVERIFIED,0,index_only
01,audio,11,168,1,1,SOURCE_ROW_UNIQUE,UNVERIFIED,0,index_only
01,audio,12,169,1,1,SOURCE_ROW_UNIQUE,UNVERIFIED,0,index_only
01,audio,13,170,1,1,SOURCE_ROW_UNIQUE,UNVERIFIED,0,index_only
01,audio,14,171,1,1,SOURCE_ROW_UNIQUE,UNVERIFIED,0,index_only
01,audio,15,172,1,1,SOURCE_ROW_UNIQUE,UNVERIFIED,0,index_only
01,audio,16,173,1,1,SOURCE_ROW_UNIQUE,UNVERIFIED,0,index_only
01,audio,17,174,1,1,SOURCE_ROW_UNIQUE,UNVERIFIED,0,index_only
01,audio,18,175,1,1,SOURCE_ROW_UNIQUE,UNVERIFIED,0,index_only
01,audio,19,176,1,1,SOURCE_ROW_UNIQUE,UNVERIFIED,0,index_only
01,audio,20,177,1,1,SOURCE_ROW_UNIQUE,UNVERIFIED,0,index_only
01,audio,21,177,1,1,SOURCE_ROW_UNIQUE,UNVERIFIED,0,index_only
01,audio,22,178,1,1,SOURCE_ROW_UNIQUE,UNVERIFIED,0,index_only
01,vision,1,114,1,1,SOURCE_ROW_UNIQUE,UNVERIFIED,0,index_only
01,vision,2,115,1,1,SOURCE_ROW_UNIQUE,UNVERIFIED,0,index_only
01,vision,3,116,1,1,SOURCE_ROW_UNIQUE,UNVERIFIED,0,index_only
01,vision,4,117,1,1,SOURCE_ROW_UNIQUE,UNVERIFIED,0,index_only
01,vision,5,118,1,1,SOURCE_ROW_UNIQUE,UNVERIFIED,0,index_only
01,vision,6,119,1,1,SOURCE_ROW_UNIQUE,UNVERIFIED,0,index_only
01,vision,7,120,1,1,SOURCE_ROW_UNIQUE,UNVERIFIED,0,index_only
01,vision,8,121,1,1,SOURCE_ROW_UNIQUE,UNVERIFIED,0,index_only
01,vision,9,122,1,1,SOURCE_ROW_UNIQUE,UNVERIFIED,0,index_only
01,vision,10,123,1,1,SOURCE_ROW_UNIQUE,UNVERIFIED,0,index_only
01,vision,11,124,1,1,SOURCE_ROW_UNIQUE,UNVERIFIED,0,index_only
01,vision,12,125,1,1,SOURCE_ROW_UNIQUE,UNVERIFIED,0,index_only
01,vision,13,126,1,1,SOURCE_ROW_UNIQUE,UNVERIFIED,0,index_only
01,vision,14,127,1,1,SOURCE_ROW_UNIQUE,UNVERIFIED,0,index_only
01,vision,15,128,1,1,SOURCE_ROW_UNIQUE,UNVERIFIED,0,index_only
01,vision,16,129,1,1,SOURCE_ROW_UNIQUE,UNVERIFIED,0,index_only
01,vision,17,130,1,1,SOURCE_ROW_UNIQUE,UNVERIFIED,0,index_only
01,vision,18,131,1,1,SOURCE_ROW_UNIQUE,UNVERIFIED,0,index_only
01,vision,19,132,1,1,SOURCE_ROW_UNIQUE,UNVERIFIED,0,index_only
01,vision,20,133,1,1,SOURCE_ROW_UNIQUE,UNVERIFIED,0,index_only
01,vision,21,133,1,1,SOURCE_ROW_UNIQUE,UNVERIFIED,0,index_only
01,vision,22,134,1,1,SOURCE_ROW_UNIQUE,UNVERIFIED,0,index_only
02,audio,1,52,1,1,SOURCE_ROW_UNIQUE,PASS_MEDIA_02,1,index_only
02,audio,2,53,1,1,SOURCE_ROW_UNIQUE,PASS_MEDIA_02,1,index_only
02,audio,3,54,1,1,SOURCE_ROW_UNIQUE,PASS_MEDIA_02,1,index_only
02,audio,4,55,1,1,SOURCE_ROW_UNIQUE,PASS_MEDIA_02,1,index_only
02,audio,5,56,1,1,SOURCE_ROW_UNIQUE,PASS_MEDIA_02,1,index_only
02,audio,6,57,1,1,SOURCE_ROW_UNIQUE,PASS_MEDIA_02,1,index_only
02,audio,7,58,1,1,SOURCE_ROW_UNIQUE,PASS_MEDIA_02,1,index_only
02,audio,8,58,1,1,SOURCE_ROW_UNIQUE,PASS_MEDIA_02,1,index_only
02,audio,9,58,1,1,SOURCE_ROW_UNIQUE,PASS_MEDIA_02,1,index_only
02,audio,10,59,1,1,SOURCE_ROW_UNIQUE,PASS_MEDIA_02,1,index_only
02,audio,11,60,1,1,SOURCE_ROW_UNIQUE,PASS_MEDIA_02,1,index_only
02,audio,12,61,1,1,SOURCE_ROW_UNIQUE,PASS_MEDIA_02,1,index_only
02,audio,13,62,1,1,SOURCE_ROW_UNIQUE,PASS_MEDIA_02,1,index_only
02,audio,14,63,1,1,SOURCE_ROW_UNIQUE,PASS_MEDIA_02,1,index_only
02,audio,15,64,1,1,SOURCE_ROW_UNIQUE,PASS_MEDIA_02,1,index_only
02,audio,16,64,1,1,SOURCE_ROW_UNIQUE,PASS_MEDIA_02,1,index_only
02,audio,17,64,1,1,SOURCE_ROW_UNIQUE,PASS_MEDIA_02,1,index_only
02,audio,18,65,1,1,SOURCE_ROW_UNIQUE,PASS_MEDIA_02,1,index_only
02,audio,19,65,1,1,SOURCE_ROW_UNIQUE,PASS_MEDIA_02,1,index_only
02,vision,1,36,1,1,SOURCE_ROW_UNIQUE,PASS_MEDIA_02,1,index_only
02,vision,2,37,1,1,SOURCE_ROW_UNIQUE,PASS_MEDIA_02,1,index_only
02,vision,3,38,1,1,SOURCE_ROW_UNIQUE,PASS_MEDIA_02,1,index_only
02,vision,4,39,1,1,SOURCE_ROW_UNIQUE,PASS_MEDIA_02,1,index_only
02,vision,5,40,1,1,SOURCE_ROW_UNIQUE,PASS_MEDIA_02,1,index_only
02,vision,6,41,1,1,SOURCE_ROW_UNIQUE,PASS_MEDIA_02,1,index_only
02,vision,7,42,1,1,SOURCE_ROW_UNIQUE,PASS_MEDIA_02,1,index_only
02,vision,8,42,1,1,SOURCE_ROW_UNIQUE,PASS_MEDIA_02,1,index_only
02,vision,9,42,1,1,SOURCE_ROW_UNIQUE,PASS_MEDIA_02,1,index_only
02,vision,10,43,1,1,SOURCE_ROW_UNIQUE,PASS_MEDIA_02,1,index_only
02,vision,11,44,1,1,SOURCE_ROW_UNIQUE,PASS_MEDIA_02,1,index_only
02,vision,12,45,1,1,SOURCE_ROW_UNIQUE,PASS_MEDIA_02,1,index_only
02,vision,13,46,1,1,SOURCE_ROW_UNIQUE,PASS_MEDIA_02,1,index_only
02,vision,14,47,1,1,SOURCE_ROW_UNIQUE,PASS_MEDIA_02,1,index_only
02,vision,15,48,1,1,SOURCE_ROW_UNIQUE,PASS_MEDIA_02,1,index_only
02,vision,16,48,1,1,SOURCE_ROW_UNIQUE,PASS_MEDIA_02,1,index_only
02,vision,17,48,1,1,SOURCE_ROW_UNIQUE,PASS_MEDIA_02,1,index_only
02,vision,18,49,1,1,SOURCE_ROW_UNIQUE,PASS_MEDIA_02,1,index_only
02,vision,19,49,1,1,SOURCE_ROW_UNIQUE,PASS_MEDIA_02,1,index_only
03,audio,1,166,1,1,SOURCE_ROW_UNIQUE,UNVERIFIED,0,index_only
03,audio,2,166,1,1,SOURCE_ROW_UNIQUE,UNVERIFIED,0,index_only
03,audio,3,166,1,1,SOURCE_ROW_UNIQUE,UNVERIFIED,0,index_only
03,audio,4,167,1,1,SOURCE_ROW_UNIQUE,UNVERIFIED,0,index_only
03,audio,5,168,1,1,SOURCE_ROW_UNIQUE,UNVERIFIED,0,index_only
03,audio,6,168,1,1,SOURCE_ROW_UNIQUE,UNVERIFIED,0,index_only
03,audio,7,169,1,1,SOURCE_ROW_UNIQUE,UNVERIFIED,0,index_only
03,audio,8,170,1,1,SOURCE_ROW_UNIQUE,UNVERIFIED,0,index_only
03,audio,9,171,1,1,SOURCE_ROW_UNIQUE,UNVERIFIED,0,index_only
03,audio,10,172,1,1,SOURCE_ROW_UNIQUE,UNVERIFIED,0,index_only
03,audio,11,173,1,1,SOURCE_ROW_UNIQUE,UNVERIFIED,0,index_only
03,audio,12,174,1,1,SOURCE_ROW_UNIQUE,UNVERIFIED,0,index_only
03,audio,13,175,1,1,SOURCE_ROW_UNIQUE,UNVERIFIED,0,index_only
03,audio,14,176,1,1,SOURCE_ROW_UNIQUE,UNVERIFIED,0,index_only
03,audio,15,177,1,1,SOURCE_ROW_UNIQUE,UNVERIFIED,0,index_only
03,audio,16,177,1,1,SOURCE_ROW_UNIQUE,UNVERIFIED,0,index_only
03,audio,17,178,1,1,SOURCE_ROW_UNIQUE,UNVERIFIED,0,index_only
03,audio,18,179,1,1,SOURCE_ROW_UNIQUE,UNVERIFIED,0,index_only
03,audio,19,179,1,1,SOURCE_ROW_UNIQUE,UNVERIFIED,0,index_only
03,audio,20,179,1,1,SOURCE_ROW_UNIQUE,UNVERIFIED,0,index_only
03,audio,21,180,1,1,SOURCE_ROW_UNIQUE,UNVERIFIED,0,index_only
03,audio,22,181,1,1,SOURCE_ROW_UNIQUE,UNVERIFIED,0,index_only
03,audio,23,182,1,1,SOURCE_ROW_UNIQUE,UNVERIFIED,0,index_only
03,audio,24,183,1,1,SOURCE_ROW_UNIQUE,UNVERIFIED,0,index_only
03,audio,25,184,1,1,SOURCE_ROW_UNIQUE,UNVERIFIED,0,index_only
03,audio,26,184,1,1,SOURCE_ROW_UNIQUE,UNVERIFIED,0,index_only
03,audio,27,185,1,1,SOURCE_ROW_UNIQUE,UNVERIFIED,0,index_only
03,audio,28,186,1,1,SOURCE_ROW_UNIQUE,UNVERIFIED,0,index_only
03,audio,29,187,1,1,SOURCE_ROW_UNIQUE,UNVERIFIED,0,index_only
03,audio,30,188,1,1,SOURCE_ROW_UNIQUE,UNVERIFIED,0,index_only
03,audio,31,189,1,1,SOURCE_ROW_UNIQUE,UNVERIFIED,0,index_only
03,audio,32,190,1,1,SOURCE_ROW_UNIQUE,UNVERIFIED,0,index_only
03,audio,33,190,1,1,SOURCE_ROW_UNIQUE,UNVERIFIED,0,index_only
03,vision,1,119,1,1,SOURCE_ROW_UNIQUE,UNVERIFIED,0,index_only
03,vision,2,119,1,1,SOURCE_ROW_UNIQUE,UNVERIFIED,0,index_only
03,vision,3,119,1,1,SOURCE_ROW_UNIQUE,UNVERIFIED,0,index_only
03,vision,4,120,1,1,SOURCE_ROW_UNIQUE,UNVERIFIED,0,index_only
03,vision,5,121,1,1,SOURCE_ROW_UNIQUE,UNVERIFIED,0,index_only
03,vision,6,121,1,1,SOURCE_ROW_UNIQUE,UNVERIFIED,0,index_only
03,vision,7,122,1,1,SOURCE_ROW_UNIQUE,UNVERIFIED,0,index_only
03,vision,8,123,1,1,SOURCE_ROW_UNIQUE,UNVERIFIED,0,index_only
03,vision,9,124,1,1,SOURCE_ROW_UNIQUE,UNVERIFIED,0,index_only
03,vision,10,125,1,1,SOURCE_ROW_UNIQUE,UNVERIFIED,0,index_only
03,vision,11,126,1,1,SOURCE_ROW_UNIQUE,UNVERIFIED,0,index_only
03,vision,12,127,1,1,SOURCE_ROW_UNIQUE,UNVERIFIED,0,index_only
03,vision,13,128,1,1,SOURCE_ROW_UNIQUE,UNVERIFIED,0,index_only
03,vision,14,129,1,1,SOURCE_ROW_UNIQUE,UNVERIFIED,0,index_only
03,vision,15,130,1,1,SOURCE_ROW_UNIQUE,UNVERIFIED,0,index_only
03,vision,16,130,1,1,SOURCE_ROW_UNIQUE,UNVERIFIED,0,index_only
03,vision,17,131,1,1,SOURCE_ROW_UNIQUE,UNVERIFIED,0,index_only
03,vision,18,132,1,1,SOURCE_ROW_UNIQUE,UNVERIFIED,0,index_only
03,vision,19,132,1,1,SOURCE_ROW_UNIQUE,UNVERIFIED,0,index_only
03,vision,20,132,1,1,SOURCE_ROW_UNIQUE,UNVERIFIED,0,index_only
03,vision,21,133,1,1,SOURCE_ROW_UNIQUE,UNVERIFIED,0,index_only
03,vision,22,134,1,1,SOURCE_ROW_UNIQUE,UNVERIFIED,0,index_only
03,vision,23,135,1,1,SOURCE_ROW_UNIQUE,UNVERIFIED,0,index_only
03,vision,24,136,1,1,SOURCE_ROW_UNIQUE,UNVERIFIED,0,index_only
03,vision,25,137,1,1,SOURCE_ROW_UNIQUE,UNVERIFIED,0,index_only
03,vision,26,137,1,1,SOURCE_ROW_UNIQUE,UNVERIFIED,0,index_only
03,vision,27,138,1,1,SOURCE_ROW_UNIQUE,UNVERIFIED,0,index_only
03,vision,28,139,1,1,SOURCE_ROW_UNIQUE,UNVERIFIED,0,index_only
03,vision,29,140,1,1,SOURCE_ROW_UNIQUE,UNVERIFIED,0,index_only
03,vision,30,141,1,1,SOURCE_ROW_UNIQUE,UNVERIFIED,0,index_only
03,vision,31,142,1,1,SOURCE_ROW_UNIQUE,UNVERIFIED,0,index_only
03,vision,32,143,1,1,SOURCE_ROW_UNIQUE,UNVERIFIED,0,index_only
03,vision,33,143,1,1,SOURCE_ROW_UNIQUE,UNVERIFIED,0,index_only
04,audio,1,117,1,1,SOURCE_ROW_UNIQUE,UNVERIFIED,0,index_only
04,audio,2,118,1,1,SOURCE_ROW_UNIQUE,UNVERIFIED,0,index_only
04,audio,3,119,1,1,SOURCE_ROW_UNIQUE,UNVERIFIED,0,index_only
04,audio,4,120,1,1,SOURCE_ROW_UNIQUE,UNVERIFIED,0,index_only
04,audio,5,121,1,1,SOURCE_ROW_UNIQUE,UNVERIFIED,0,index_only
04,audio,6,122,1,1,SOURCE_ROW_UNIQUE,UNVERIFIED,0,index_only
04,audio,7,123,1,1,SOURCE_ROW_UNIQUE,UNVERIFIED,0,index_only
04,audio,8,124,1,1,SOURCE_ROW_UNIQUE,UNVERIFIED,0,index_only
04,audio,9,124,1,1,SOURCE_ROW_UNIQUE,UNVERIFIED,0,index_only
04,audio,10,125,1,1,SOURCE_ROW_UNIQUE,UNVERIFIED,0,index_only
04,audio,11,126,1,1,SOURCE_ROW_UNIQUE,UNVERIFIED,0,index_only
04,audio,12,127,1,1,SOURCE_ROW_UNIQUE,UNVERIFIED,0,index_only
04,audio,13,128,1,1,SOURCE_ROW_UNIQUE,UNVERIFIED,0,index_only
04,audio,14,129,1,1,SOURCE_ROW_UNIQUE,UNVERIFIED,0,index_only
04,audio,15,130,1,1,SOURCE_ROW_UNIQUE,UNVERIFIED,0,index_only
04,audio,16,131,1,1,SOURCE_ROW_UNIQUE,UNVERIFIED,0,index_only
04,audio,17,132,1,1,SOURCE_ROW_UNIQUE,UNVERIFIED,0,index_only
04,audio,18,132,1,1,SOURCE_ROW_UNIQUE,UNVERIFIED,0,index_only
04,audio,19,133,1,1,SOURCE_ROW_UNIQUE,UNVERIFIED,0,index_only
04,audio,20,133,1,1,SOURCE_ROW_UNIQUE,UNVERIFIED,0,index_only
04,audio,21,134,1,1,SOURCE_ROW_UNIQUE,UNVERIFIED,0,index_only
04,audio,22,134,1,1,SOURCE_ROW_UNIQUE,UNVERIFIED,0,index_only
04,audio,23,134,1,1,SOURCE_ROW_UNIQUE,UNVERIFIED,0,index_only
04,audio,24,135,1,1,SOURCE_ROW_UNIQUE,UNVERIFIED,0,index_only
04,audio,25,136,1,1,SOURCE_ROW_UNIQUE,UNVERIFIED,0,index_only
04,audio,26,136,1,1,SOURCE_ROW_UNIQUE,UNVERIFIED,0,index_only
04,vision,1,83,1,1,SOURCE_ROW_UNIQUE,UNVERIFIED,0,index_only
04,vision,2,84,1,1,SOURCE_ROW_UNIQUE,UNVERIFIED,0,index_only
04,vision,3,85,1,1,SOURCE_ROW_UNIQUE,UNVERIFIED,0,index_only
04,vision,4,86,1,1,SOURCE_ROW_UNIQUE,UNVERIFIED,0,index_only
04,vision,5,87,1,1,SOURCE_ROW_UNIQUE,UNVERIFIED,0,index_only
04,vision,6,88,1,1,SOURCE_ROW_UNIQUE,UNVERIFIED,0,index_only
04,vision,7,89,1,1,SOURCE_ROW_UNIQUE,UNVERIFIED,0,index_only
04,vision,8,90,1,1,SOURCE_ROW_UNIQUE,UNVERIFIED,0,index_only
04,vision,9,90,1,1,SOURCE_ROW_UNIQUE,UNVERIFIED,0,index_only
04,vision,10,91,1,1,SOURCE_ROW_UNIQUE,UNVERIFIED,0,index_only
04,vision,11,92,1,1,SOURCE_ROW_UNIQUE,UNVERIFIED,0,index_only
04,vision,12,93,1,1,SOURCE_ROW_UNIQUE,UNVERIFIED,0,index_only
04,vision,13,94,1,1,SOURCE_ROW_UNIQUE,UNVERIFIED,0,index_only
04,vision,14,95,1,1,SOURCE_ROW_UNIQUE,UNVERIFIED,0,index_only
04,vision,15,96,1,1,SOURCE_ROW_UNIQUE,UNVERIFIED,0,index_only
04,vision,16,97,1,1,SOURCE_ROW_UNIQUE,UNVERIFIED,0,index_only
04,vision,17,98,1,1,SOURCE_ROW_UNIQUE,UNVERIFIED,0,index_only
04,vision,18,98,1,1,SOURCE_ROW_UNIQUE,UNVERIFIED,0,index_only
04,vision,19,99,1,1,SOURCE_ROW_UNIQUE,UNVERIFIED,0,index_only
04,vision,20,99,1,1,SOURCE_ROW_UNIQUE,UNVERIFIED,0,index_only
04,vision,21,100,1,1,SOURCE_ROW_UNIQUE,UNVERIFIED,0,index_only
04,vision,22,100,1,1,SOURCE_ROW_UNIQUE,UNVERIFIED,0,index_only
04,vision,23,100,1,1,SOURCE_ROW_UNIQUE,UNVERIFIED,0,index_only
04,vision,24,101,1,1,SOURCE_ROW_UNIQUE,UNVERIFIED,0,index_only
04,vision,25,102,1,1,SOURCE_ROW_UNIQUE,UNVERIFIED,0,index_only
04,vision,26,102,1,1,SOURCE_ROW_UNIQUE,UNVERIFIED,0,index_only
05,audio,1,109,1,1,SOURCE_ROW_UNIQUE,UNVERIFIED,0,index_only
05,audio,2,109,1,1,SOURCE_ROW_UNIQUE,UNVERIFIED,0,index_only
05,audio,3,110,1,1,SOURCE_ROW_UNIQUE,UNVERIFIED,0,index_only
05,audio,4,111,1,1,SOURCE_ROW_UNIQUE,UNVERIFIED,0,index_only
05,audio,5,112,1,1,SOURCE_ROW_UNIQUE,UNVERIFIED,0,index_only
05,audio,6,113,1,1,SOURCE_ROW_UNIQUE,UNVERIFIED,0,index_only
05,audio,7,113,1,1,SOURCE_ROW_UNIQUE,UNVERIFIED,0,index_only
05,audio,8,114,1,1,SOURCE_ROW_UNIQUE,UNVERIFIED,0,index_only
05,audio,9,115,1,1,SOURCE_ROW_UNIQUE,UNVERIFIED,0,index_only
05,audio,10,115,1,1,SOURCE_ROW_UNIQUE,UNVERIFIED,0,index_only
05,audio,11,116,1,1,SOURCE_ROW_UNIQUE,UNVERIFIED,0,index_only
05,audio,12,117,1,1,SOURCE_ROW_UNIQUE,UNVERIFIED,0,index_only
05,audio,13,118,1,1,SOURCE_ROW_UNIQUE,UNVERIFIED,0,index_only
05,audio,14,119,1,1,SOURCE_ROW_UNIQUE,UNVERIFIED,0,index_only
05,audio,15,119,1,1,SOURCE_ROW_UNIQUE,UNVERIFIED,0,index_only
05,vision,1,79,1,1,SOURCE_ROW_UNIQUE,UNVERIFIED,0,index_only
05,vision,2,79,1,1,SOURCE_ROW_UNIQUE,UNVERIFIED,0,index_only
05,vision,3,80,1,1,SOURCE_ROW_UNIQUE,UNVERIFIED,0,index_only
05,vision,4,81,1,1,SOURCE_ROW_UNIQUE,UNVERIFIED,0,index_only
05,vision,5,82,1,1,SOURCE_ROW_UNIQUE,UNVERIFIED,0,index_only
05,vision,6,83,1,1,SOURCE_ROW_UNIQUE,UNVERIFIED,0,index_only
05,vision,7,83,1,1,SOURCE_ROW_UNIQUE,UNVERIFIED,0,index_only
05,vision,8,84,1,1,SOURCE_ROW_UNIQUE,UNVERIFIED,0,index_only
05,vision,9,85,1,1,SOURCE_ROW_UNIQUE,UNVERIFIED,0,index_only
05,vision,10,85,1,1,SOURCE_ROW_UNIQUE,UNVERIFIED,0,index_only
05,vision,11,86,1,1,SOURCE_ROW_UNIQUE,UNVERIFIED,0,index_only
05,vision,12,87,1,1,SOURCE_ROW_UNIQUE,UNVERIFIED,0,index_only
05,vision,13,88,1,1,SOURCE_ROW_UNIQUE,UNVERIFIED,0,index_only
05,vision,14,89,1,1,SOURCE_ROW_UNIQUE,UNVERIFIED,0,index_only
05,vision,15,89,1,1,SOURCE_ROW_UNIQUE,UNVERIFIED,0,index_only
06,audio,1,132,1,1,SOURCE_ROW_UNIQUE,UNVERIFIED,0,index_only
06,audio,2,133,1,1,SOURCE_ROW_UNIQUE,UNVERIFIED,0,index_only
06,audio,3,133,1,1,SOURCE_ROW_UNIQUE,UNVERIFIED,0,index_only
06,audio,4,133,1,1,SOURCE_ROW_UNIQUE,UNVERIFIED,0,index_only
06,audio,5,134,1,1,SOURCE_ROW_UNIQUE,UNVERIFIED,0,index_only
06,audio,6,135,1,1,SOURCE_ROW_UNIQUE,UNVERIFIED,0,index_only
06,audio,7,136,1,1,SOURCE_ROW_UNIQUE,UNVERIFIED,0,index_only
06,audio,8,137,1,1,SOURCE_ROW_UNIQUE,UNVERIFIED,0,index_only
06,audio,9,138,1,1,SOURCE_ROW_UNIQUE,UNVERIFIED,0,index_only
06,audio,10,139,1,1,SOURCE_ROW_UNIQUE,UNVERIFIED,0,index_only
06,audio,11,140,1,1,SOURCE_ROW_UNIQUE,UNVERIFIED,0,index_only
06,audio,12,140,1,1,SOURCE_ROW_UNIQUE,UNVERIFIED,0,index_only
06,audio,13,141,1,1,SOURCE_ROW_UNIQUE,UNVERIFIED,0,index_only
06,audio,14,142,1,1,SOURCE_ROW_UNIQUE,UNVERIFIED,0,index_only
06,audio,15,143,1,1,SOURCE_ROW_UNIQUE,UNVERIFIED,0,index_only
06,audio,16,144,1,1,SOURCE_ROW_UNIQUE,UNVERIFIED,0,index_only
06,audio,17,145,1,1,SOURCE_ROW_UNIQUE,UNVERIFIED,0,index_only
06,audio,18,146,1,1,SOURCE_ROW_UNIQUE,UNVERIFIED,0,index_only
06,audio,19,146,1,1,SOURCE_ROW_UNIQUE,UNVERIFIED,0,index_only
06,audio,20,147,1,1,SOURCE_ROW_UNIQUE,UNVERIFIED,0,index_only
06,audio,21,148,1,1,SOURCE_ROW_UNIQUE,UNVERIFIED,0,index_only
06,audio,22,149,1,1,SOURCE_ROW_UNIQUE,UNVERIFIED,0,index_only
06,audio,23,150,1,1,SOURCE_ROW_UNIQUE,UNVERIFIED,0,index_only
06,audio,24,151,1,1,SOURCE_ROW_UNIQUE,UNVERIFIED,0,index_only
06,audio,25,152,1,1,SOURCE_ROW_UNIQUE,UNVERIFIED,0,index_only
06,audio,26,153,1,1,SOURCE_ROW_UNIQUE,UNVERIFIED,0,index_only
06,audio,27,154,1,1,SOURCE_ROW_UNIQUE,UNVERIFIED,0,index_only
06,audio,28,155,1,1,SOURCE_ROW_UNIQUE,UNVERIFIED,0,index_only
06,audio,29,156,1,1,SOURCE_ROW_UNIQUE,UNVERIFIED,0,index_only
06,audio,30,157,1,1,SOURCE_ROW_UNIQUE,UNVERIFIED,0,index_only
06,audio,31,158,1,1,SOURCE_ROW_UNIQUE,UNVERIFIED,0,index_only
06,audio,32,159,1,1,SOURCE_ROW_UNIQUE,UNVERIFIED,0,index_only
06,audio,33,160,1,1,SOURCE_ROW_UNIQUE,UNVERIFIED,0,index_only
06,audio,34,161,1,1,SOURCE_ROW_UNIQUE,UNVERIFIED,0,index_only
06,audio,35,162,1,1,SOURCE_ROW_UNIQUE,UNVERIFIED,0,index_only
06,vision,1,92,1,1,SOURCE_ROW_UNIQUE,UNVERIFIED,0,index_only
06,vision,2,93,1,1,SOURCE_ROW_UNIQUE,UNVERIFIED,0,index_only
06,vision,3,93,1,1,SOURCE_ROW_UNIQUE,UNVERIFIED,0,index_only
06,vision,4,93,1,1,SOURCE_ROW_UNIQUE,UNVERIFIED,0,index_only
06,vision,5,94,1,1,SOURCE_ROW_UNIQUE,UNVERIFIED,0,index_only
06,vision,6,95,1,0,NATIVE_ROW_NONUNIQUE,UNVERIFIED,0,index_only
06,vision,7,96,1,1,SOURCE_ROW_UNIQUE,UNVERIFIED,0,index_only
06,vision,8,97,1,1,SOURCE_ROW_UNIQUE,UNVERIFIED,0,index_only
06,vision,9,98,1,1,SOURCE_ROW_UNIQUE,UNVERIFIED,0,index_only
06,vision,10,99,1,1,SOURCE_ROW_UNIQUE,UNVERIFIED,0,index_only
06,vision,11,100,1,1,SOURCE_ROW_UNIQUE,UNVERIFIED,0,index_only
06,vision,12,100,1,1,SOURCE_ROW_UNIQUE,UNVERIFIED,0,index_only
06,vision,13,101,1,1,SOURCE_ROW_UNIQUE,UNVERIFIED,0,index_only
06,vision,14,102,1,1,SOURCE_ROW_UNIQUE,UNVERIFIED,0,index_only
06,vision,15,103,1,1,SOURCE_ROW_UNIQUE,UNVERIFIED,0,index_only
06,vision,16,104,1,1,SOURCE_ROW_UNIQUE,UNVERIFIED,0,index_only
06,vision,17,105,1,1,SOURCE_ROW_UNIQUE,UNVERIFIED,0,index_only
06,vision,18,106,1,1,SOURCE_ROW_UNIQUE,UNVERIFIED,0,index_only
06,vision,19,106,1,1,SOURCE_ROW_UNIQUE,UNVERIFIED,0,index_only
06,vision,20,107,1,1,SOURCE_ROW_UNIQUE,UNVERIFIED,0,index_only
06,vision,21,108,1,1,SOURCE_ROW_UNIQUE,UNVERIFIED,0,index_only
06,vision,22,109,1,1,SOURCE_ROW_UNIQUE,UNVERIFIED,0,index_only
06,vision,23,110,1,1,SOURCE_ROW_UNIQUE,UNVERIFIED,0,index_only
06,vision,24,111,1,1,SOURCE_ROW_UNIQUE,UNVERIFIED,0,index_only
06,vision,25,112,1,1,SOURCE_ROW_UNIQUE,UNVERIFIED,0,index_only
06,vision,26,113,1,1,SOURCE_ROW_UNIQUE,UNVERIFIED,0,index_only
06,vision,27,114,1,1,SOURCE_ROW_UNIQUE,UNVERIFIED,0,index_only
06,vision,28,115,1,1,SOURCE_ROW_UNIQUE,UNVERIFIED,0,index_only
06,vision,29,116,1,1,SOURCE_ROW_UNIQUE,UNVERIFIED,0,index_only
06,vision,30,117,1,1,SOURCE_ROW_UNIQUE,UNVERIFIED,0,index_only
06,vision,31,118,1,1,SOURCE_ROW_UNIQUE,UNVERIFIED,0,index_only
06,vision,32,119,1,1,SOURCE_ROW_UNIQUE,UNVERIFIED,0,index_only
06,vision,33,120,1,1,SOURCE_ROW_UNIQUE,UNVERIFIED,0,index_only
06,vision,34,121,1,1,SOURCE_ROW_UNIQUE,UNVERIFIED,0,index_only
06,vision,35,122,1,1,SOURCE_ROW_UNIQUE,UNVERIFIED,0,index_only
07,audio,1,375,1,1,SOURCE_ROW_UNIQUE,UNVERIFIED,0,index_only
07,audio,2,376,1,1,SOURCE_ROW_UNIQUE,UNVERIFIED,0,index_only
07,audio,3,376,1,1,SOURCE_ROW_UNIQUE,UNVERIFIED,0,index_only
07,audio,4,376,1,1,SOURCE_ROW_UNIQUE,UNVERIFIED,0,index_only
07,audio,5,376,1,1,SOURCE_ROW_UNIQUE,UNVERIFIED,0,index_only
07,audio,6,377,1,1,SOURCE_ROW_UNIQUE,UNVERIFIED,0,index_only
07,audio,7,378,1,1,SOURCE_ROW_UNIQUE,UNVERIFIED,0,index_only
07,audio,8,379,1,1,SOURCE_ROW_UNIQUE,UNVERIFIED,0,index_only
07,audio,9,380,1,1,SOURCE_ROW_UNIQUE,UNVERIFIED,0,index_only
07,audio,10,380,1,1,SOURCE_ROW_UNIQUE,UNVERIFIED,0,index_only
07,audio,11,380,1,1,SOURCE_ROW_UNIQUE,UNVERIFIED,0,index_only
07,audio,12,381,1,1,SOURCE_ROW_UNIQUE,UNVERIFIED,0,index_only
07,audio,13,382,1,1,SOURCE_ROW_UNIQUE,UNVERIFIED,0,index_only
07,audio,14,383,1,1,SOURCE_ROW_UNIQUE,UNVERIFIED,0,index_only
07,audio,15,384,1,1,SOURCE_ROW_UNIQUE,UNVERIFIED,0,index_only
07,audio,16,385,1,1,SOURCE_ROW_UNIQUE,UNVERIFIED,0,index_only
07,audio,17,386,1,1,SOURCE_ROW_UNIQUE,UNVERIFIED,0,index_only
07,audio,18,386,1,1,SOURCE_ROW_UNIQUE,UNVERIFIED,0,index_only
07,audio,19,387,1,1,SOURCE_ROW_UNIQUE,UNVERIFIED,0,index_only
07,audio,20,388,1,1,SOURCE_ROW_UNIQUE,UNVERIFIED,0,index_only
07,audio,21,388,1,1,SOURCE_ROW_UNIQUE,UNVERIFIED,0,index_only
07,audio,22,389,1,1,SOURCE_ROW_UNIQUE,UNVERIFIED,0,index_only
07,audio,23,390,1,1,SOURCE_ROW_UNIQUE,UNVERIFIED,0,index_only
07,audio,24,391,1,1,SOURCE_ROW_UNIQUE,UNVERIFIED,0,index_only
07,audio,25,392,1,1,SOURCE_ROW_UNIQUE,UNVERIFIED,0,index_only
07,audio,26,393,1,1,SOURCE_ROW_UNIQUE,UNVERIFIED,0,index_only
07,audio,27,394,1,1,SOURCE_ROW_UNIQUE,UNVERIFIED,0,index_only
07,audio,28,395,1,1,SOURCE_ROW_UNIQUE,UNVERIFIED,0,index_only
07,audio,29,395,1,1,SOURCE_ROW_UNIQUE,UNVERIFIED,0,index_only
07,audio,30,396,1,1,SOURCE_ROW_UNIQUE,UNVERIFIED,0,index_only
07,audio,31,397,1,1,SOURCE_ROW_UNIQUE,UNVERIFIED,0,index_only
07,audio,32,398,1,1,SOURCE_ROW_UNIQUE,UNVERIFIED,0,index_only
07,audio,33,399,1,1,SOURCE_ROW_UNIQUE,UNVERIFIED,0,index_only
07,audio,34,400,1,1,SOURCE_ROW_UNIQUE,UNVERIFIED,0,index_only
07,audio,35,400,1,1,SOURCE_ROW_UNIQUE,UNVERIFIED,0,index_only
07,audio,36,401,1,1,SOURCE_ROW_UNIQUE,UNVERIFIED,0,index_only
07,audio,37,402,1,1,SOURCE_ROW_UNIQUE,UNVERIFIED,0,index_only
07,audio,38,403,1,1,SOURCE_ROW_UNIQUE,UNVERIFIED,0,index_only
07,audio,39,404,1,1,SOURCE_ROW_UNIQUE,UNVERIFIED,0,index_only
07,audio,40,404,1,1,SOURCE_ROW_UNIQUE,UNVERIFIED,0,index_only
07,audio,41,404,1,1,SOURCE_ROW_UNIQUE,UNVERIFIED,0,index_only
07,audio,42,405,1,1,SOURCE_ROW_UNIQUE,UNVERIFIED,0,index_only
07,audio,43,405,1,1,SOURCE_ROW_UNIQUE,UNVERIFIED,0,index_only
07,audio,44,406,1,1,SOURCE_ROW_UNIQUE,UNVERIFIED,0,index_only
07,audio,45,407,1,1,SOURCE_ROW_UNIQUE,UNVERIFIED,0,index_only
07,audio,46,408,1,1,SOURCE_ROW_UNIQUE,UNVERIFIED,0,index_only
07,audio,47,409,1,1,SOURCE_ROW_UNIQUE,UNVERIFIED,0,index_only
07,audio,48,410,1,1,SOURCE_ROW_UNIQUE,UNVERIFIED,0,index_only
07,vision,1,269,1,1,SOURCE_ROW_UNIQUE,UNVERIFIED,0,index_only
07,vision,2,270,1,1,SOURCE_ROW_UNIQUE,UNVERIFIED,0,index_only
07,vision,3,270,1,1,SOURCE_ROW_UNIQUE,UNVERIFIED,0,index_only
07,vision,4,270,1,1,SOURCE_ROW_UNIQUE,UNVERIFIED,0,index_only
07,vision,5,270,1,1,SOURCE_ROW_UNIQUE,UNVERIFIED,0,index_only
07,vision,6,271,1,1,SOURCE_ROW_UNIQUE,UNVERIFIED,0,index_only
07,vision,7,272,1,1,SOURCE_ROW_UNIQUE,UNVERIFIED,0,index_only
07,vision,8,273,1,1,SOURCE_ROW_UNIQUE,UNVERIFIED,0,index_only
07,vision,9,274,1,1,SOURCE_ROW_UNIQUE,UNVERIFIED,0,index_only
07,vision,10,274,1,1,SOURCE_ROW_UNIQUE,UNVERIFIED,0,index_only
07,vision,11,274,1,1,SOURCE_ROW_UNIQUE,UNVERIFIED,0,index_only
07,vision,12,275,1,1,SOURCE_ROW_UNIQUE,UNVERIFIED,0,index_only
07,vision,13,276,1,1,SOURCE_ROW_UNIQUE,UNVERIFIED,0,index_only
07,vision,14,277,1,1,SOURCE_ROW_UNIQUE,UNVERIFIED,0,index_only
07,vision,15,278,1,1,SOURCE_ROW_UNIQUE,UNVERIFIED,0,index_only
07,vision,16,279,1,1,SOURCE_ROW_UNIQUE,UNVERIFIED,0,index_only
07,vision,17,280,1,1,SOURCE_ROW_UNIQUE,UNVERIFIED,0,index_only
07,vision,18,280,1,1,SOURCE_ROW_UNIQUE,UNVERIFIED,0,index_only
07,vision,19,281,1,1,SOURCE_ROW_UNIQUE,UNVERIFIED,0,index_only
07,vision,20,282,1,1,SOURCE_ROW_UNIQUE,UNVERIFIED,0,index_only
07,vision,21,282,1,1,SOURCE_ROW_UNIQUE,UNVERIFIED,0,index_only
07,vision,22,283,1,1,SOURCE_ROW_UNIQUE,UNVERIFIED,0,index_only
07,vision,23,284,1,1,SOURCE_ROW_UNIQUE,UNVERIFIED,0,index_only
07,vision,24,285,1,1,SOURCE_ROW_UNIQUE,UNVERIFIED,0,index_only
07,vision,25,286,1,1,SOURCE_ROW_UNIQUE,UNVERIFIED,0,index_only
07,vision,26,287,1,1,SOURCE_ROW_UNIQUE,UNVERIFIED,0,index_only
07,vision,27,288,1,1,SOURCE_ROW_UNIQUE,UNVERIFIED,0,index_only
07,vision,28,289,1,1,SOURCE_ROW_UNIQUE,UNVERIFIED,0,index_only
07,vision,29,289,1,1,SOURCE_ROW_UNIQUE,UNVERIFIED,0,index_only
07,vision,30,290,1,1,SOURCE_ROW_UNIQUE,UNVERIFIED,0,index_only
07,vision,31,291,1,1,SOURCE_ROW_UNIQUE,UNVERIFIED,0,index_only
07,vision,32,292,1,1,SOURCE_ROW_UNIQUE,UNVERIFIED,0,index_only
07,vision,33,293,1,1,SOURCE_ROW_UNIQUE,UNVERIFIED,0,index_only
07,vision,34,294,1,1,SOURCE_ROW_UNIQUE,UNVERIFIED,0,index_only
07,vision,35,294,1,1,SOURCE_ROW_UNIQUE,UNVERIFIED,0,index_only
07,vision,36,295,1,1,SOURCE_ROW_UNIQUE,UNVERIFIED,0,index_only
07,vision,37,296,1,1,SOURCE_ROW_UNIQUE,UNVERIFIED,0,index_only
07,vision,38,297,1,1,SOURCE_ROW_UNIQUE,UNVERIFIED,0,index_only
07,vision,39,298,1,1,SOURCE_ROW_UNIQUE,UNVERIFIED,0,index_only
07,vision,40,298,1,1,SOURCE_ROW_UNIQUE,UNVERIFIED,0,index_only
07,vision,41,298,1,1,SOURCE_ROW_UNIQUE,UNVERIFIED,0,index_only
07,vision,42,299,1,1,SOURCE_ROW_UNIQUE,UNVERIFIED,0,index_only
07,vision,43,299,1,1,SOURCE_ROW_UNIQUE,UNVERIFIED,0,index_only
07,vision,44,300,1,1,SOURCE_ROW_UNIQUE,UNVERIFIED,0,index_only
07,vision,45,301,1,1,SOURCE_ROW_UNIQUE,UNVERIFIED,0,index_only
07,vision,46,302,1,1,SOURCE_ROW_UNIQUE,UNVERIFIED,0,index_only
07,vision,47,303,1,1,SOURCE_ROW_UNIQUE,UNVERIFIED,0,index_only
07,vision,48,304,1,1,SOURCE_ROW_UNIQUE,UNVERIFIED,0,index_only
08,audio,1,88,1,1,SOURCE_ROW_UNIQUE,UNVERIFIED,0,index_only
08,audio,2,89,1,1,SOURCE_ROW_UNIQUE,UNVERIFIED,0,index_only
08,audio,3,90,1,1,SOURCE_ROW_UNIQUE,UNVERIFIED,0,index_only
08,audio,4,91,1,1,SOURCE_ROW_UNIQUE,UNVERIFIED,0,index_only
08,audio,5,92,1,1,SOURCE_ROW_UNIQUE,UNVERIFIED,0,index_only
08,audio,6,92,1,1,SOURCE_ROW_UNIQUE,UNVERIFIED,0,index_only
08,audio,7,93,1,1,SOURCE_ROW_UNIQUE,UNVERIFIED,0,index_only
08,audio,8,94,1,1,SOURCE_ROW_UNIQUE,UNVERIFIED,0,index_only
08,audio,9,95,1,1,SOURCE_ROW_UNIQUE,UNVERIFIED,0,index_only
08,audio,10,96,1,1,SOURCE_ROW_UNIQUE,UNVERIFIED,0,index_only
08,audio,11,97,1,1,SOURCE_ROW_UNIQUE,UNVERIFIED,0,index_only
08,vision,1,64,1,1,SOURCE_ROW_UNIQUE,UNVERIFIED,0,index_only
08,vision,2,65,1,1,SOURCE_ROW_UNIQUE,UNVERIFIED,0,index_only
08,vision,3,66,1,1,SOURCE_ROW_UNIQUE,UNVERIFIED,0,index_only
08,vision,4,67,1,1,SOURCE_ROW_UNIQUE,UNVERIFIED,0,index_only
08,vision,5,68,1,1,SOURCE_ROW_UNIQUE,UNVERIFIED,0,index_only
08,vision,6,68,1,1,SOURCE_ROW_UNIQUE,UNVERIFIED,0,index_only
08,vision,7,69,1,1,SOURCE_ROW_UNIQUE,UNVERIFIED,0,index_only
08,vision,8,70,1,1,SOURCE_ROW_UNIQUE,UNVERIFIED,0,index_only
08,vision,9,71,1,1,SOURCE_ROW_UNIQUE,UNVERIFIED,0,index_only
08,vision,10,72,1,1,SOURCE_ROW_UNIQUE,UNVERIFIED,0,index_only
08,vision,11,73,1,1,SOURCE_ROW_UNIQUE,UNVERIFIED,0,index_only
09,audio,1,85,1,1,SOURCE_ROW_UNIQUE,UNVERIFIED,0,index_only
09,audio,2,85,1,1,SOURCE_ROW_UNIQUE,UNVERIFIED,0,index_only
09,audio,3,85,1,1,SOURCE_ROW_UNIQUE,UNVERIFIED,0,index_only
09,audio,4,85,1,1,SOURCE_ROW_UNIQUE,UNVERIFIED,0,index_only
09,audio,5,86,1,1,SOURCE_ROW_UNIQUE,UNVERIFIED,0,index_only
09,audio,6,87,1,1,SOURCE_ROW_UNIQUE,UNVERIFIED,0,index_only
09,audio,7,88,1,1,SOURCE_ROW_UNIQUE,UNVERIFIED,0,index_only
09,audio,8,89,1,1,SOURCE_ROW_UNIQUE,UNVERIFIED,0,index_only
09,audio,9,90,1,1,SOURCE_ROW_UNIQUE,UNVERIFIED,0,index_only
09,audio,10,91,1,1,SOURCE_ROW_UNIQUE,UNVERIFIED,0,index_only
09,audio,11,92,1,1,SOURCE_ROW_UNIQUE,UNVERIFIED,0,index_only
09,audio,12,93,1,1,SOURCE_ROW_UNIQUE,UNVERIFIED,0,index_only
09,audio,13,93,1,1,SOURCE_ROW_UNIQUE,UNVERIFIED,0,index_only
09,audio,14,94,1,1,SOURCE_ROW_UNIQUE,UNVERIFIED,0,index_only
09,audio,15,95,1,1,SOURCE_ROW_UNIQUE,UNVERIFIED,0,index_only
09,audio,16,96,1,1,SOURCE_ROW_UNIQUE,UNVERIFIED,0,index_only
09,audio,17,97,1,1,SOURCE_ROW_UNIQUE,UNVERIFIED,0,index_only
09,audio,18,98,1,1,SOURCE_ROW_UNIQUE,UNVERIFIED,0,index_only
09,vision,1,61,1,1,SOURCE_ROW_UNIQUE,UNVERIFIED,0,index_only
09,vision,2,61,1,1,SOURCE_ROW_UNIQUE,UNVERIFIED,0,index_only
09,vision,3,61,1,1,SOURCE_ROW_UNIQUE,UNVERIFIED,0,index_only
09,vision,4,61,1,1,SOURCE_ROW_UNIQUE,UNVERIFIED,0,index_only
09,vision,5,62,1,1,SOURCE_ROW_UNIQUE,UNVERIFIED,0,index_only
09,vision,6,63,1,1,SOURCE_ROW_UNIQUE,UNVERIFIED,0,index_only
09,vision,7,64,1,1,SOURCE_ROW_UNIQUE,UNVERIFIED,0,index_only
09,vision,8,65,1,1,SOURCE_ROW_UNIQUE,UNVERIFIED,0,index_only
09,vision,9,66,1,1,SOURCE_ROW_UNIQUE,UNVERIFIED,0,index_only
09,vision,10,67,1,1,SOURCE_ROW_UNIQUE,UNVERIFIED,0,index_only
09,vision,11,68,1,1,SOURCE_ROW_UNIQUE,UNVERIFIED,0,index_only
09,vision,12,69,1,1,SOURCE_ROW_UNIQUE,UNVERIFIED,0,index_only
09,vision,13,69,1,1,SOURCE_ROW_UNIQUE,UNVERIFIED,0,index_only
09,vision,14,70,1,1,SOURCE_ROW_UNIQUE,UNVERIFIED,0,index_only
09,vision,15,71,1,1,SOURCE_ROW_UNIQUE,UNVERIFIED,0,index_only
09,vision,16,72,1,1,SOURCE_ROW_UNIQUE,UNVERIFIED,0,index_only
09,vision,17,73,1,1,SOURCE_ROW_UNIQUE,UNVERIFIED,0,index_only
09,vision,18,74,1,1,SOURCE_ROW_UNIQUE,UNVERIFIED,0,index_only
10,audio,1,170,1,1,SOURCE_ROW_UNIQUE,UNVERIFIED,0,index_only
10,audio,2,170,1,1,SOURCE_ROW_UNIQUE,UNVERIFIED,0,index_only
10,audio,3,170,1,1,SOURCE_ROW_UNIQUE,UNVERIFIED,0,index_only
10,audio,4,171,1,1,SOURCE_ROW_UNIQUE,UNVERIFIED,0,index_only
10,audio,5,172,1,1,SOURCE_ROW_UNIQUE,UNVERIFIED,0,index_only
10,audio,6,173,1,1,SOURCE_ROW_UNIQUE,UNVERIFIED,0,index_only
10,audio,7,174,1,1,SOURCE_ROW_UNIQUE,UNVERIFIED,0,index_only
10,audio,8,175,1,1,SOURCE_ROW_UNIQUE,UNVERIFIED,0,index_only
10,audio,9,176,1,1,SOURCE_ROW_UNIQUE,UNVERIFIED,0,index_only
10,audio,10,177,1,1,SOURCE_ROW_UNIQUE,UNVERIFIED,0,index_only
10,audio,11,178,1,1,SOURCE_ROW_UNIQUE,UNVERIFIED,0,index_only
10,audio,12,179,1,1,SOURCE_ROW_UNIQUE,UNVERIFIED,0,index_only
10,audio,13,180,1,1,SOURCE_ROW_UNIQUE,UNVERIFIED,0,index_only
10,audio,14,181,1,1,SOURCE_ROW_UNIQUE,UNVERIFIED,0,index_only
10,audio,15,182,1,1,SOURCE_ROW_UNIQUE,UNVERIFIED,0,index_only
10,audio,16,182,1,1,SOURCE_ROW_UNIQUE,UNVERIFIED,0,index_only
10,audio,17,183,1,1,SOURCE_ROW_UNIQUE,UNVERIFIED,0,index_only
10,audio,18,184,1,1,SOURCE_ROW_UNIQUE,UNVERIFIED,0,index_only
10,audio,19,185,1,1,SOURCE_ROW_UNIQUE,UNVERIFIED,0,index_only
10,audio,20,185,1,1,SOURCE_ROW_UNIQUE,UNVERIFIED,0,index_only
10,audio,21,185,1,1,SOURCE_ROW_UNIQUE,UNVERIFIED,0,index_only
10,audio,22,186,1,1,SOURCE_ROW_UNIQUE,UNVERIFIED,0,index_only
10,audio,23,187,1,1,SOURCE_ROW_UNIQUE,UNVERIFIED,0,index_only
10,audio,24,188,1,1,SOURCE_ROW_UNIQUE,UNVERIFIED,0,index_only
10,audio,25,189,1,1,SOURCE_ROW_UNIQUE,UNVERIFIED,0,index_only
10,audio,26,190,1,1,SOURCE_ROW_UNIQUE,UNVERIFIED,0,index_only
10,audio,27,191,1,1,SOURCE_ROW_UNIQUE,UNVERIFIED,0,index_only
10,audio,28,192,1,1,SOURCE_ROW_UNIQUE,UNVERIFIED,0,index_only
10,audio,29,193,1,1,SOURCE_ROW_UNIQUE,UNVERIFIED,0,index_only
10,audio,30,194,1,1,SOURCE_ROW_UNIQUE,UNVERIFIED,0,index_only
10,vision,1,122,1,1,SOURCE_ROW_UNIQUE,UNVERIFIED,0,index_only
10,vision,2,122,1,1,SOURCE_ROW_UNIQUE,UNVERIFIED,0,index_only
10,vision,3,122,1,1,SOURCE_ROW_UNIQUE,UNVERIFIED,0,index_only
10,vision,4,123,1,1,SOURCE_ROW_UNIQUE,UNVERIFIED,0,index_only
10,vision,5,124,1,1,SOURCE_ROW_UNIQUE,UNVERIFIED,0,index_only
10,vision,6,125,1,1,SOURCE_ROW_UNIQUE,UNVERIFIED,0,index_only
10,vision,7,126,1,1,SOURCE_ROW_UNIQUE,UNVERIFIED,0,index_only
10,vision,8,127,1,1,SOURCE_ROW_UNIQUE,UNVERIFIED,0,index_only
10,vision,9,128,1,1,SOURCE_ROW_UNIQUE,UNVERIFIED,0,index_only
10,vision,10,129,1,1,SOURCE_ROW_UNIQUE,UNVERIFIED,0,index_only
10,vision,11,130,1,1,SOURCE_ROW_UNIQUE,UNVERIFIED,0,index_only
10,vision,12,131,1,1,SOURCE_ROW_UNIQUE,UNVERIFIED,0,index_only
10,vision,13,132,1,1,SOURCE_ROW_UNIQUE,UNVERIFIED,0,index_only
10,vision,14,133,1,1,SOURCE_ROW_UNIQUE,UNVERIFIED,0,index_only
10,vision,15,134,1,1,SOURCE_ROW_UNIQUE,UNVERIFIED,0,index_only
10,vision,16,134,1,1,SOURCE_ROW_UNIQUE,UNVERIFIED,0,index_only
10,vision,17,135,1,1,SOURCE_ROW_UNIQUE,UNVERIFIED,0,index_only
10,vision,18,136,1,1,SOURCE_ROW_UNIQUE,UNVERIFIED,0,index_only
10,vision,19,137,1,1,SOURCE_ROW_UNIQUE,UNVERIFIED,0,index_only
10,vision,20,137,1,1,SOURCE_ROW_UNIQUE,UNVERIFIED,0,index_only
10,vision,21,137,1,1,SOURCE_ROW_UNIQUE,UNVERIFIED,0,index_only
10,vision,22,138,1,1,SOURCE_ROW_UNIQUE,UNVERIFIED,0,index_only
10,vision,23,139,1,1,SOURCE_ROW_UNIQUE,UNVERIFIED,0,index_only
10,vision,24,140,1,1,SOURCE_ROW_UNIQUE,UNVERIFIED,0,index_only
10,vision,25,141,1,1,SOURCE_ROW_UNIQUE,UNVERIFIED,0,index_only
10,vision,26,142,1,1,SOURCE_ROW_UNIQUE,UNVERIFIED,0,index_only
10,vision,27,143,1,1,SOURCE_ROW_UNIQUE,UNVERIFIED,0,index_only
10,vision,28,144,1,1,SOURCE_ROW_UNIQUE,UNVERIFIED,0,index_only
10,vision,29,145,1,1,SOURCE_ROW_UNIQUE,UNVERIFIED,0,index_only
10,vision,30,146,1,1,SOURCE_ROW_UNIQUE,UNVERIFIED,0,index_only
11,audio,1,100,1,1,SOURCE_ROW_UNIQUE,UNVERIFIED,0,index_only
11,audio,2,101,1,1,SOURCE_ROW_UNIQUE,UNVERIFIED,0,index_only
11,audio,3,102,1,1,SOURCE_ROW_UNIQUE,UNVERIFIED,0,index_only
11,audio,4,103,1,1,SOURCE_ROW_UNIQUE,UNVERIFIED,0,index_only
11,audio,5,104,1,1,SOURCE_ROW_UNIQUE,UNVERIFIED,0,index_only
11,audio,6,105,1,1,SOURCE_ROW_UNIQUE,UNVERIFIED,0,index_only
11,audio,7,106,1,1,SOURCE_ROW_UNIQUE,UNVERIFIED,0,index_only
11,audio,8,107,1,1,SOURCE_ROW_UNIQUE,UNVERIFIED,0,index_only
11,audio,9,108,1,1,SOURCE_ROW_UNIQUE,UNVERIFIED,0,index_only
11,audio,10,109,1,1,SOURCE_ROW_UNIQUE,UNVERIFIED,0,index_only
11,audio,11,110,1,1,SOURCE_ROW_UNIQUE,UNVERIFIED,0,index_only
11,audio,12,111,1,1,SOURCE_ROW_UNIQUE,UNVERIFIED,0,index_only
11,audio,13,112,1,1,SOURCE_ROW_UNIQUE,UNVERIFIED,0,index_only
11,audio,14,113,1,1,SOURCE_ROW_UNIQUE,UNVERIFIED,0,index_only
11,vision,1,72,1,1,SOURCE_ROW_UNIQUE,UNVERIFIED,0,index_only
11,vision,2,73,1,1,SOURCE_ROW_UNIQUE,UNVERIFIED,0,index_only
11,vision,3,74,1,1,SOURCE_ROW_UNIQUE,UNVERIFIED,0,index_only
11,vision,4,75,1,1,SOURCE_ROW_UNIQUE,UNVERIFIED,0,index_only
11,vision,5,76,1,1,SOURCE_ROW_UNIQUE,UNVERIFIED,0,index_only
11,vision,6,77,1,1,SOURCE_ROW_UNIQUE,UNVERIFIED,0,index_only
11,vision,7,78,1,1,SOURCE_ROW_UNIQUE,UNVERIFIED,0,index_only
11,vision,8,79,1,1,SOURCE_ROW_UNIQUE,UNVERIFIED,0,index_only
11,vision,9,80,1,1,SOURCE_ROW_UNIQUE,UNVERIFIED,0,index_only
11,vision,10,81,1,1,SOURCE_ROW_UNIQUE,UNVERIFIED,0,index_only
11,vision,11,82,1,1,SOURCE_ROW_UNIQUE,UNVERIFIED,0,index_only
11,vision,12,83,1,1,SOURCE_ROW_UNIQUE,UNVERIFIED,0,index_only
11,vision,13,84,1,1,SOURCE_ROW_UNIQUE,UNVERIFIED,0,index_only
11,vision,14,85,1,1,SOURCE_ROW_UNIQUE,UNVERIFIED,0,index_only
12,audio,1,222,1,1,SOURCE_ROW_UNIQUE,UNVERIFIED,0,index_only
12,audio,2,223,1,1,SOURCE_ROW_UNIQUE,UNVERIFIED,0,index_only
12,audio,3,223,1,1,SOURCE_ROW_UNIQUE,UNVERIFIED,0,index_only
12,audio,4,224,1,1,SOURCE_ROW_UNIQUE,UNVERIFIED,0,index_only
12,audio,5,225,1,1,SOURCE_ROW_UNIQUE,UNVERIFIED,0,index_only
12,audio,6,226,1,1,SOURCE_ROW_UNIQUE,UNVERIFIED,0,index_only
12,audio,7,227,1,1,SOURCE_ROW_UNIQUE,UNVERIFIED,0,index_only
12,audio,8,228,1,1,SOURCE_ROW_UNIQUE,UNVERIFIED,0,index_only
12,audio,9,229,1,1,SOURCE_ROW_UNIQUE,UNVERIFIED,0,index_only
12,audio,10,229,1,1,SOURCE_ROW_UNIQUE,UNVERIFIED,0,index_only
12,audio,11,230,1,1,SOURCE_ROW_UNIQUE,UNVERIFIED,0,index_only
12,audio,12,231,1,1,SOURCE_ROW_UNIQUE,UNVERIFIED,0,index_only
12,audio,13,232,1,1,SOURCE_ROW_UNIQUE,UNVERIFIED,0,index_only
12,audio,14,233,1,1,SOURCE_ROW_UNIQUE,UNVERIFIED,0,index_only
12,audio,15,234,1,1,SOURCE_ROW_UNIQUE,UNVERIFIED,0,index_only
12,audio,16,235,1,1,SOURCE_ROW_UNIQUE,UNVERIFIED,0,index_only
12,audio,17,236,1,1,SOURCE_ROW_UNIQUE,UNVERIFIED,0,index_only
12,audio,18,237,1,1,SOURCE_ROW_UNIQUE,UNVERIFIED,0,index_only
12,audio,19,237,1,1,SOURCE_ROW_UNIQUE,UNVERIFIED,0,index_only
12,audio,20,238,1,1,SOURCE_ROW_UNIQUE,UNVERIFIED,0,index_only
12,audio,21,239,1,1,SOURCE_ROW_UNIQUE,UNVERIFIED,0,index_only
12,audio,22,240,1,1,SOURCE_ROW_UNIQUE,UNVERIFIED,0,index_only
12,audio,23,241,1,1,SOURCE_ROW_UNIQUE,UNVERIFIED,0,index_only
12,audio,24,242,1,1,SOURCE_ROW_UNIQUE,UNVERIFIED,0,index_only
12,audio,25,243,1,1,SOURCE_ROW_UNIQUE,UNVERIFIED,0,index_only
12,audio,26,244,1,1,SOURCE_ROW_UNIQUE,UNVERIFIED,0,index_only
12,audio,27,244,1,1,SOURCE_ROW_UNIQUE,UNVERIFIED,0,index_only
12,audio,28,245,1,1,SOURCE_ROW_UNIQUE,UNVERIFIED,0,index_only
12,audio,29,246,1,1,SOURCE_ROW_UNIQUE,UNVERIFIED,0,index_only
12,audio,30,247,1,1,SOURCE_ROW_UNIQUE,UNVERIFIED,0,index_only
12,audio,31,248,1,1,SOURCE_ROW_UNIQUE,UNVERIFIED,0,index_only
12,audio,32,249,1,1,SOURCE_ROW_UNIQUE,UNVERIFIED,0,index_only
12,audio,33,250,1,1,SOURCE_ROW_UNIQUE,UNVERIFIED,0,index_only
12,audio,34,250,1,1,SOURCE_ROW_UNIQUE,UNVERIFIED,0,index_only
12,audio,35,250,1,1,SOURCE_ROW_UNIQUE,UNVERIFIED,0,index_only
12,audio,36,251,1,1,SOURCE_ROW_UNIQUE,UNVERIFIED,0,index_only
12,audio,37,252,1,1,SOURCE_ROW_UNIQUE,UNVERIFIED,0,index_only
12,audio,38,253,1,1,SOURCE_ROW_UNIQUE,UNVERIFIED,0,index_only
12,audio,39,254,1,1,SOURCE_ROW_UNIQUE,UNVERIFIED,0,index_only
12,audio,40,255,1,1,SOURCE_ROW_UNIQUE,UNVERIFIED,0,index_only
12,audio,41,256,1,1,SOURCE_ROW_UNIQUE,UNVERIFIED,0,index_only
12,audio,42,256,1,1,SOURCE_ROW_UNIQUE,UNVERIFIED,0,index_only
12,vision,1,158,1,1,SOURCE_ROW_UNIQUE,UNVERIFIED,0,index_only
12,vision,2,159,1,1,SOURCE_ROW_UNIQUE,UNVERIFIED,0,index_only
12,vision,3,159,1,1,SOURCE_ROW_UNIQUE,UNVERIFIED,0,index_only
12,vision,4,160,1,1,SOURCE_ROW_UNIQUE,UNVERIFIED,0,index_only
12,vision,5,161,1,1,SOURCE_ROW_UNIQUE,UNVERIFIED,0,index_only
12,vision,6,162,1,1,SOURCE_ROW_UNIQUE,UNVERIFIED,0,index_only
12,vision,7,163,1,1,SOURCE_ROW_UNIQUE,UNVERIFIED,0,index_only
12,vision,8,164,1,1,SOURCE_ROW_UNIQUE,UNVERIFIED,0,index_only
12,vision,9,165,1,1,SOURCE_ROW_UNIQUE,UNVERIFIED,0,index_only
12,vision,10,165,1,1,SOURCE_ROW_UNIQUE,UNVERIFIED,0,index_only
12,vision,11,166,1,1,SOURCE_ROW_UNIQUE,UNVERIFIED,0,index_only
12,vision,12,167,1,1,SOURCE_ROW_UNIQUE,UNVERIFIED,0,index_only
12,vision,13,168,1,1,SOURCE_ROW_UNIQUE,UNVERIFIED,0,index_only
12,vision,14,169,1,1,SOURCE_ROW_UNIQUE,UNVERIFIED,0,index_only
12,vision,15,170,1,1,SOURCE_ROW_UNIQUE,UNVERIFIED,0,index_only
12,vision,16,171,1,1,SOURCE_ROW_UNIQUE,UNVERIFIED,0,index_only
12,vision,17,172,1,1,SOURCE_ROW_UNIQUE,UNVERIFIED,0,index_only
12,vision,18,173,1,1,SOURCE_ROW_UNIQUE,UNVERIFIED,0,index_only
12,vision,19,173,1,1,SOURCE_ROW_UNIQUE,UNVERIFIED,0,index_only
12,vision,20,174,1,1,SOURCE_ROW_UNIQUE,UNVERIFIED,0,index_only
12,vision,21,175,1,1,SOURCE_ROW_UNIQUE,UNVERIFIED,0,index_only
12,vision,22,176,1,1,SOURCE_ROW_UNIQUE,UNVERIFIED,0,index_only
12,vision,23,177,1,1,SOURCE_ROW_UNIQUE,UNVERIFIED,0,index_only
12,vision,24,178,1,1,SOURCE_ROW_UNIQUE,UNVERIFIED,0,index_only
12,vision,25,179,1,1,SOURCE_ROW_UNIQUE,UNVERIFIED,0,index_only
12,vision,26,180,1,1,SOURCE_ROW_UNIQUE,UNVERIFIED,0,index_only
12,vision,27,180,1,1,SOURCE_ROW_UNIQUE,UNVERIFIED,0,index_only
12,vision,28,181,1,1,SOURCE_ROW_UNIQUE,UNVERIFIED,0,index_only
12,vision,29,182,1,1,SOURCE_ROW_UNIQUE,UNVERIFIED,0,index_only
12,vision,30,183,1,1,SOURCE_ROW_UNIQUE,UNVERIFIED,0,index_only
12,vision,31,184,1,1,SOURCE_ROW_UNIQUE,UNVERIFIED,0,index_only
12,vision,32,185,1,1,SOURCE_ROW_UNIQUE,UNVERIFIED,0,index_only
12,vision,33,186,1,1,SOURCE_ROW_UNIQUE,UNVERIFIED,0,index_only
12,vision,34,186,1,1,SOURCE_ROW_UNIQUE,UNVERIFIED,0,index_only
12,vision,35,186,1,1,SOURCE_ROW_UNIQUE,UNVERIFIED,0,index_only
12,vision,36,187,1,1,SOURCE_ROW_UNIQUE,UNVERIFIED,0,index_only
12,vision,37,188,1,1,SOURCE_ROW_UNIQUE,UNVERIFIED,0,index_only
12,vision,38,189,1,1,SOURCE_ROW_UNIQUE,UNVERIFIED,0,index_only
12,vision,39,190,1,1,SOURCE_ROW_UNIQUE,UNVERIFIED,0,index_only
12,vision,40,191,1,1,SOURCE_ROW_UNIQUE,UNVERIFIED,0,index_only
12,vision,41,192,1,1,SOURCE_ROW_UNIQUE,UNVERIFIED,0,index_only
12,vision,42,192,1,1,SOURCE_ROW_UNIQUE,UNVERIFIED,0,index_only
13,audio,1,146,1,1,SOURCE_ROW_UNIQUE,UNVERIFIED,0,index_only
13,audio,2,147,1,1,SOURCE_ROW_UNIQUE,UNVERIFIED,0,index_only
13,audio,3,147,1,1,SOURCE_ROW_UNIQUE,UNVERIFIED,0,index_only
13,audio,4,148,1,1,SOURCE_ROW_UNIQUE,UNVERIFIED,0,index_only
13,audio,5,149,1,1,SOURCE_ROW_UNIQUE,UNVERIFIED,0,index_only
13,audio,6,150,1,1,SOURCE_ROW_UNIQUE,UNVERIFIED,0,index_only
13,audio,7,151,1,1,SOURCE_ROW_UNIQUE,UNVERIFIED,0,index_only
13,audio,8,152,1,1,SOURCE_ROW_UNIQUE,UNVERIFIED,0,index_only
13,audio,9,153,1,1,SOURCE_ROW_UNIQUE,UNVERIFIED,0,index_only
13,audio,10,154,1,1,SOURCE_ROW_UNIQUE,UNVERIFIED,0,index_only
13,audio,11,155,1,1,SOURCE_ROW_UNIQUE,UNVERIFIED,0,index_only
13,audio,12,156,1,1,SOURCE_ROW_UNIQUE,UNVERIFIED,0,index_only
13,audio,13,157,1,1,SOURCE_ROW_UNIQUE,UNVERIFIED,0,index_only
13,audio,14,158,1,1,SOURCE_ROW_UNIQUE,UNVERIFIED,0,index_only
13,audio,15,158,1,1,SOURCE_ROW_UNIQUE,UNVERIFIED,0,index_only
13,audio,16,159,1,1,SOURCE_ROW_UNIQUE,UNVERIFIED,0,index_only
13,audio,17,160,1,1,SOURCE_ROW_UNIQUE,UNVERIFIED,0,index_only
13,audio,18,161,1,1,SOURCE_ROW_UNIQUE,UNVERIFIED,0,index_only
13,audio,19,162,1,1,SOURCE_ROW_UNIQUE,UNVERIFIED,0,index_only
13,audio,20,163,1,1,SOURCE_ROW_UNIQUE,UNVERIFIED,0,index_only
13,audio,21,164,1,1,SOURCE_ROW_UNIQUE,UNVERIFIED,0,index_only
13,audio,22,165,1,1,SOURCE_ROW_UNIQUE,UNVERIFIED,0,index_only
13,audio,23,166,1,1,SOURCE_ROW_UNIQUE,UNVERIFIED,0,index_only
13,audio,24,167,1,1,SOURCE_ROW_UNIQUE,UNVERIFIED,0,index_only
13,audio,25,168,1,1,SOURCE_ROW_UNIQUE,UNVERIFIED,0,index_only
13,audio,26,169,1,1,SOURCE_ROW_UNIQUE,UNVERIFIED,0,index_only
13,audio,27,170,1,1,SOURCE_ROW_UNIQUE,UNVERIFIED,0,index_only
13,audio,28,171,1,1,SOURCE_ROW_UNIQUE,UNVERIFIED,0,index_only
13,audio,29,172,1,1,SOURCE_ROW_UNIQUE,UNVERIFIED,0,index_only
13,audio,30,172,1,1,SOURCE_ROW_UNIQUE,UNVERIFIED,0,index_only
13,vision,1,,0,0,C2_CHAIN_UNAVAILABLE,UNVERIFIED,0,index_only
13,vision,2,,0,0,C2_CHAIN_UNAVAILABLE,UNVERIFIED,0,index_only
13,vision,3,,0,0,C2_CHAIN_UNAVAILABLE,UNVERIFIED,0,index_only
13,vision,4,,0,0,C2_CHAIN_UNAVAILABLE,UNVERIFIED,0,index_only
13,vision,5,,0,0,C2_CHAIN_UNAVAILABLE,UNVERIFIED,0,index_only
13,vision,6,,0,0,C2_CHAIN_UNAVAILABLE,UNVERIFIED,0,index_only
13,vision,7,,0,0,C2_CHAIN_UNAVAILABLE,UNVERIFIED,0,index_only
13,vision,8,,0,0,C2_CHAIN_UNAVAILABLE,UNVERIFIED,0,index_only
13,vision,9,,0,0,C2_CHAIN_UNAVAILABLE,UNVERIFIED,0,index_only
13,vision,10,,0,0,C2_CHAIN_UNAVAILABLE,UNVERIFIED,0,index_only
13,vision,11,,0,0,C2_CHAIN_UNAVAILABLE,UNVERIFIED,0,index_only
13,vision,12,,0,0,C2_CHAIN_UNAVAILABLE,UNVERIFIED,0,index_only
13,vision,13,,0,0,C2_CHAIN_UNAVAILABLE,UNVERIFIED,0,index_only
13,vision,14,,0,0,C2_CHAIN_UNAVAILABLE,UNVERIFIED,0,index_only
13,vision,15,,0,0,C2_CHAIN_UNAVAILABLE,UNVERIFIED,0,index_only
13,vision,16,,0,0,C2_CHAIN_UNAVAILABLE,UNVERIFIED,0,index_only
13,vision,17,,0,0,C2_CHAIN_UNAVAILABLE,UNVERIFIED,0,index_only
13,vision,18,,0,0,C2_CHAIN_UNAVAILABLE,UNVERIFIED,0,index_only
13,vision,19,,0,0,C2_CHAIN_UNAVAILABLE,UNVERIFIED,0,index_only
13,vision,20,,0,0,C2_CHAIN_UNAVAILABLE,UNVERIFIED,0,index_only
13,vision,21,,0,0,C2_CHAIN_UNAVAILABLE,UNVERIFIED,0,index_only
13,vision,22,,0,0,C2_CHAIN_UNAVAILABLE,UNVERIFIED,0,index_only
13,vision,23,,0,0,C2_CHAIN_UNAVAILABLE,UNVERIFIED,0,index_only
13,vision,24,,0,0,C2_CHAIN_UNAVAILABLE,UNVERIFIED,0,index_only
13,vision,25,,0,0,C2_CHAIN_UNAVAILABLE,UNVERIFIED,0,index_only
13,vision,26,,0,0,C2_CHAIN_UNAVAILABLE,UNVERIFIED,0,index_only
13,vision,27,,0,0,C2_CHAIN_UNAVAILABLE,UNVERIFIED,0,index_only
13,vision,28,,0,0,C2_CHAIN_UNAVAILABLE,UNVERIFIED,0,index_only
13,vision,29,,0,0,C2_CHAIN_UNAVAILABLE,UNVERIFIED,0,index_only
13,vision,30,,0,0,C2_CHAIN_UNAVAILABLE,UNVERIFIED,0,index_only
14,audio,1,180,1,1,SOURCE_ROW_UNIQUE,UNVERIFIED,0,index_only
14,audio,2,181,1,1,SOURCE_ROW_UNIQUE,UNVERIFIED,0,index_only
14,audio,3,182,1,1,SOURCE_ROW_UNIQUE,UNVERIFIED,0,index_only
14,audio,4,183,1,1,SOURCE_ROW_UNIQUE,UNVERIFIED,0,index_only
14,audio,5,183,1,1,SOURCE_ROW_UNIQUE,UNVERIFIED,0,index_only
14,audio,6,183,1,1,SOURCE_ROW_UNIQUE,UNVERIFIED,0,index_only
14,audio,7,184,1,1,SOURCE_ROW_UNIQUE,UNVERIFIED,0,index_only
14,audio,8,185,1,1,SOURCE_ROW_UNIQUE,UNVERIFIED,0,index_only
14,audio,9,185,1,1,SOURCE_ROW_UNIQUE,UNVERIFIED,0,index_only
14,audio,10,186,1,1,SOURCE_ROW_UNIQUE,UNVERIFIED,0,index_only
14,audio,11,187,1,1,SOURCE_ROW_UNIQUE,UNVERIFIED,0,index_only
14,audio,12,187,1,1,SOURCE_ROW_UNIQUE,UNVERIFIED,0,index_only
14,audio,13,187,1,1,SOURCE_ROW_UNIQUE,UNVERIFIED,0,index_only
14,audio,14,188,1,1,SOURCE_ROW_UNIQUE,UNVERIFIED,0,index_only
14,audio,15,189,1,1,SOURCE_ROW_UNIQUE,UNVERIFIED,0,index_only
14,audio,16,190,1,1,SOURCE_ROW_UNIQUE,UNVERIFIED,0,index_only
14,audio,17,191,1,1,SOURCE_ROW_UNIQUE,UNVERIFIED,0,index_only
14,audio,18,192,1,1,SOURCE_ROW_UNIQUE,UNVERIFIED,0,index_only
14,audio,19,193,1,1,SOURCE_ROW_UNIQUE,UNVERIFIED,0,index_only
14,audio,20,194,1,1,SOURCE_ROW_UNIQUE,UNVERIFIED,0,index_only
14,audio,21,195,1,1,SOURCE_ROW_UNIQUE,UNVERIFIED,0,index_only
14,audio,22,196,1,1,SOURCE_ROW_UNIQUE,UNVERIFIED,0,index_only
14,audio,23,197,1,1,SOURCE_ROW_UNIQUE,UNVERIFIED,0,index_only
14,audio,24,198,1,1,SOURCE_ROW_UNIQUE,UNVERIFIED,0,index_only
14,audio,25,198,1,1,SOURCE_ROW_UNIQUE,UNVERIFIED,0,index_only
14,audio,26,198,1,1,SOURCE_ROW_UNIQUE,UNVERIFIED,0,index_only
14,audio,27,198,1,1,SOURCE_ROW_UNIQUE,UNVERIFIED,0,index_only
14,audio,28,199,1,1,SOURCE_ROW_UNIQUE,UNVERIFIED,0,index_only
14,audio,29,200,1,1,SOURCE_ROW_UNIQUE,UNVERIFIED,0,index_only
14,audio,30,201,1,1,SOURCE_ROW_UNIQUE,UNVERIFIED,0,index_only
14,audio,31,201,1,1,SOURCE_ROW_UNIQUE,UNVERIFIED,0,index_only
14,audio,32,201,1,1,SOURCE_ROW_UNIQUE,UNVERIFIED,0,index_only
14,audio,33,202,1,1,SOURCE_ROW_UNIQUE,UNVERIFIED,0,index_only
14,audio,34,203,1,1,SOURCE_ROW_UNIQUE,UNVERIFIED,0,index_only
14,audio,35,203,1,1,SOURCE_ROW_UNIQUE,UNVERIFIED,0,index_only
14,vision,1,129,1,1,SOURCE_ROW_UNIQUE,UNVERIFIED,0,index_only
14,vision,2,130,1,1,SOURCE_ROW_UNIQUE,UNVERIFIED,0,index_only
14,vision,3,131,1,1,SOURCE_ROW_UNIQUE,UNVERIFIED,0,index_only
14,vision,4,132,1,1,SOURCE_ROW_UNIQUE,UNVERIFIED,0,index_only
14,vision,5,132,1,1,SOURCE_ROW_UNIQUE,UNVERIFIED,0,index_only
14,vision,6,132,1,1,SOURCE_ROW_UNIQUE,UNVERIFIED,0,index_only
14,vision,7,133,1,1,SOURCE_ROW_UNIQUE,UNVERIFIED,0,index_only
14,vision,8,134,1,1,SOURCE_ROW_UNIQUE,UNVERIFIED,0,index_only
14,vision,9,134,1,1,SOURCE_ROW_UNIQUE,UNVERIFIED,0,index_only
14,vision,10,135,1,1,SOURCE_ROW_UNIQUE,UNVERIFIED,0,index_only
14,vision,11,136,1,1,SOURCE_ROW_UNIQUE,UNVERIFIED,0,index_only
14,vision,12,136,1,1,SOURCE_ROW_UNIQUE,UNVERIFIED,0,index_only
14,vision,13,136,1,1,SOURCE_ROW_UNIQUE,UNVERIFIED,0,index_only
14,vision,14,137,1,1,SOURCE_ROW_UNIQUE,UNVERIFIED,0,index_only
14,vision,15,138,1,1,SOURCE_ROW_UNIQUE,UNVERIFIED,0,index_only
14,vision,16,139,1,1,SOURCE_ROW_UNIQUE,UNVERIFIED,0,index_only
14,vision,17,140,1,1,SOURCE_ROW_UNIQUE,UNVERIFIED,0,index_only
14,vision,18,141,1,1,SOURCE_ROW_UNIQUE,UNVERIFIED,0,index_only
14,vision,19,142,1,1,SOURCE_ROW_UNIQUE,UNVERIFIED,0,index_only
14,vision,20,143,1,1,SOURCE_ROW_UNIQUE,UNVERIFIED,0,index_only
14,vision,21,144,1,1,SOURCE_ROW_UNIQUE,UNVERIFIED,0,index_only
14,vision,22,145,1,1,SOURCE_ROW_UNIQUE,UNVERIFIED,0,index_only
14,vision,23,146,1,1,SOURCE_ROW_UNIQUE,UNVERIFIED,0,index_only
14,vision,24,147,1,1,SOURCE_ROW_UNIQUE,UNVERIFIED,0,index_only
14,vision,25,147,1,1,SOURCE_ROW_UNIQUE,UNVERIFIED,0,index_only
14,vision,26,147,1,1,SOURCE_ROW_UNIQUE,UNVERIFIED,0,index_only
14,vision,27,147,1,1,SOURCE_ROW_UNIQUE,UNVERIFIED,0,index_only
14,vision,28,148,1,1,SOURCE_ROW_UNIQUE,UNVERIFIED,0,index_only
14,vision,29,149,1,1,SOURCE_ROW_UNIQUE,UNVERIFIED,0,index_only
14,vision,30,150,1,1,SOURCE_ROW_UNIQUE,UNVERIFIED,0,index_only
14,vision,31,150,1,1,SOURCE_ROW_UNIQUE,UNVERIFIED,0,index_only
14,vision,32,150,1,1,SOURCE_ROW_UNIQUE,UNVERIFIED,0,index_only
14,vision,33,151,1,1,SOURCE_ROW_UNIQUE,UNVERIFIED,0,index_only
14,vision,34,152,1,1,SOURCE_ROW_UNIQUE,UNVERIFIED,0,index_only
14,vision,35,152,1,1,SOURCE_ROW_UNIQUE,UNVERIFIED,0,index_only
15,audio,1,128,1,1,SOURCE_ROW_UNIQUE,UNVERIFIED,0,index_only
15,audio,2,128,1,1,SOURCE_ROW_UNIQUE,UNVERIFIED,0,index_only
15,audio,3,129,1,1,SOURCE_ROW_UNIQUE,UNVERIFIED,0,index_only
15,audio,4,130,1,1,SOURCE_ROW_UNIQUE,UNVERIFIED,0,index_only
15,audio,5,131,1,1,SOURCE_ROW_UNIQUE,UNVERIFIED,0,index_only
15,audio,6,131,1,1,SOURCE_ROW_UNIQUE,UNVERIFIED,0,index_only
15,audio,7,132,1,1,SOURCE_ROW_UNIQUE,UNVERIFIED,0,index_only
15,audio,8,133,1,1,SOURCE_ROW_UNIQUE,UNVERIFIED,0,index_only
15,audio,9,134,1,1,SOURCE_ROW_UNIQUE,UNVERIFIED,0,index_only
15,audio,10,134,1,1,SOURCE_ROW_UNIQUE,UNVERIFIED,0,index_only
15,audio,11,134,1,1,SOURCE_ROW_UNIQUE,UNVERIFIED,0,index_only
15,audio,12,135,1,1,SOURCE_ROW_UNIQUE,UNVERIFIED,0,index_only
15,audio,13,136,1,1,SOURCE_ROW_UNIQUE,UNVERIFIED,0,index_only
15,audio,14,137,1,1,SOURCE_ROW_UNIQUE,UNVERIFIED,0,index_only
15,audio,15,138,1,1,SOURCE_ROW_UNIQUE,UNVERIFIED,0,index_only
15,audio,16,139,1,1,SOURCE_ROW_UNIQUE,UNVERIFIED,0,index_only
15,audio,17,140,1,1,SOURCE_ROW_UNIQUE,UNVERIFIED,0,index_only
15,audio,18,141,1,1,SOURCE_ROW_UNIQUE,UNVERIFIED,0,index_only
15,audio,19,142,1,1,SOURCE_ROW_UNIQUE,UNVERIFIED,0,index_only
15,audio,20,143,1,1,SOURCE_ROW_UNIQUE,UNVERIFIED,0,index_only
15,audio,21,144,1,1,SOURCE_ROW_UNIQUE,UNVERIFIED,0,index_only
15,vision,1,93,1,1,SOURCE_ROW_UNIQUE,UNVERIFIED,0,index_only
15,vision,2,93,1,1,SOURCE_ROW_UNIQUE,UNVERIFIED,0,index_only
15,vision,3,94,1,1,SOURCE_ROW_UNIQUE,UNVERIFIED,0,index_only
15,vision,4,95,1,1,SOURCE_ROW_UNIQUE,UNVERIFIED,0,index_only
15,vision,5,96,1,1,SOURCE_ROW_UNIQUE,UNVERIFIED,0,index_only
15,vision,6,96,1,1,SOURCE_ROW_UNIQUE,UNVERIFIED,0,index_only
15,vision,7,97,1,1,SOURCE_ROW_UNIQUE,UNVERIFIED,0,index_only
15,vision,8,98,1,1,SOURCE_ROW_UNIQUE,UNVERIFIED,0,index_only
15,vision,9,99,1,1,SOURCE_ROW_UNIQUE,UNVERIFIED,0,index_only
15,vision,10,99,1,1,SOURCE_ROW_UNIQUE,UNVERIFIED,0,index_only
15,vision,11,99,1,1,SOURCE_ROW_UNIQUE,UNVERIFIED,0,index_only
15,vision,12,100,1,1,SOURCE_ROW_UNIQUE,UNVERIFIED,0,index_only
15,vision,13,101,1,1,SOURCE_ROW_UNIQUE,UNVERIFIED,0,index_only
15,vision,14,102,1,1,SOURCE_ROW_UNIQUE,UNVERIFIED,0,index_only
15,vision,15,103,1,1,SOURCE_ROW_UNIQUE,UNVERIFIED,0,index_only
15,vision,16,104,1,1,SOURCE_ROW_UNIQUE,UNVERIFIED,0,index_only
15,vision,17,105,1,1,SOURCE_ROW_UNIQUE,UNVERIFIED,0,index_only
15,vision,18,106,1,1,SOURCE_ROW_UNIQUE,UNVERIFIED,0,index_only
15,vision,19,107,1,1,SOURCE_ROW_UNIQUE,UNVERIFIED,0,index_only
15,vision,20,108,1,1,SOURCE_ROW_UNIQUE,UNVERIFIED,0,index_only
15,vision,21,109,1,1,SOURCE_ROW_UNIQUE,UNVERIFIED,0,index_only
16,audio,1,52,1,1,SOURCE_ROW_UNIQUE,UNVERIFIED,0,index_only
16,audio,2,52,1,1,SOURCE_ROW_UNIQUE,UNVERIFIED,0,index_only
16,audio,3,52,1,1,SOURCE_ROW_UNIQUE,UNVERIFIED,0,index_only
16,audio,4,53,1,1,SOURCE_ROW_UNIQUE,UNVERIFIED,0,index_only
16,audio,5,54,1,1,SOURCE_ROW_UNIQUE,UNVERIFIED,0,index_only
16,audio,6,54,1,1,SOURCE_ROW_UNIQUE,UNVERIFIED,0,index_only
16,audio,7,55,1,1,SOURCE_ROW_UNIQUE,UNVERIFIED,0,index_only
16,audio,8,56,1,1,SOURCE_ROW_UNIQUE,UNVERIFIED,0,index_only
16,audio,9,57,1,1,SOURCE_ROW_UNIQUE,UNVERIFIED,0,index_only
16,audio,10,58,1,1,SOURCE_ROW_UNIQUE,UNVERIFIED,0,index_only
16,audio,11,59,1,1,SOURCE_ROW_UNIQUE,UNVERIFIED,0,index_only
16,vision,1,,0,0,C2_CHAIN_UNAVAILABLE,UNVERIFIED,0,index_only
16,vision,2,,0,0,C2_CHAIN_UNAVAILABLE,UNVERIFIED,0,index_only
16,vision,3,,0,0,C2_CHAIN_UNAVAILABLE,UNVERIFIED,0,index_only
16,vision,4,,0,0,C2_CHAIN_UNAVAILABLE,UNVERIFIED,0,index_only
16,vision,5,,0,0,C2_CHAIN_UNAVAILABLE,UNVERIFIED,0,index_only
16,vision,6,,0,0,C2_CHAIN_UNAVAILABLE,UNVERIFIED,0,index_only
16,vision,7,,0,0,C2_CHAIN_UNAVAILABLE,UNVERIFIED,0,index_only
16,vision,8,,0,0,C2_CHAIN_UNAVAILABLE,UNVERIFIED,0,index_only
16,vision,9,,0,0,C2_CHAIN_UNAVAILABLE,UNVERIFIED,0,index_only
16,vision,10,,0,0,C2_CHAIN_UNAVAILABLE,UNVERIFIED,0,index_only
16,vision,11,,0,0,C2_CHAIN_UNAVAILABLE,UNVERIFIED,0,index_only
17,audio,1,169,1,1,SOURCE_ROW_UNIQUE,UNVERIFIED,0,index_only
17,audio,2,170,1,1,SOURCE_ROW_UNIQUE,UNVERIFIED,0,index_only
17,audio,3,171,1,1,SOURCE_ROW_UNIQUE,UNVERIFIED,0,index_only
17,audio,4,172,1,1,SOURCE_ROW_UNIQUE,UNVERIFIED,0,index_only
17,audio,5,173,1,1,SOURCE_ROW_UNIQUE,UNVERIFIED,0,index_only
17,audio,6,174,1,1,SOURCE_ROW_UNIQUE,UNVERIFIED,0,index_only
17,audio,7,175,1,1,SOURCE_ROW_UNIQUE,UNVERIFIED,0,index_only
17,audio,8,176,1,1,SOURCE_ROW_UNIQUE,UNVERIFIED,0,index_only
17,audio,9,177,1,1,SOURCE_ROW_UNIQUE,UNVERIFIED,0,index_only
17,audio,10,178,1,1,SOURCE_ROW_UNIQUE,UNVERIFIED,0,index_only
17,audio,11,178,1,1,SOURCE_ROW_UNIQUE,UNVERIFIED,0,index_only
17,audio,12,179,1,1,SOURCE_ROW_UNIQUE,UNVERIFIED,0,index_only
17,audio,13,180,1,1,SOURCE_ROW_UNIQUE,UNVERIFIED,0,index_only
17,audio,14,181,1,1,SOURCE_ROW_UNIQUE,UNVERIFIED,0,index_only
17,audio,15,182,1,1,SOURCE_ROW_UNIQUE,UNVERIFIED,0,index_only
17,audio,16,183,1,1,SOURCE_ROW_UNIQUE,UNVERIFIED,0,index_only
17,audio,17,184,1,1,SOURCE_ROW_UNIQUE,UNVERIFIED,0,index_only
17,audio,18,185,1,1,SOURCE_ROW_UNIQUE,UNVERIFIED,0,index_only
17,audio,19,186,1,1,SOURCE_ROW_UNIQUE,UNVERIFIED,0,index_only
17,audio,20,187,1,1,SOURCE_ROW_UNIQUE,UNVERIFIED,0,index_only
17,audio,21,188,1,1,SOURCE_ROW_UNIQUE,UNVERIFIED,0,index_only
17,audio,22,189,1,1,SOURCE_ROW_UNIQUE,UNVERIFIED,0,index_only
17,audio,23,190,1,1,SOURCE_ROW_UNIQUE,UNVERIFIED,0,index_only
17,audio,24,190,1,1,SOURCE_ROW_UNIQUE,UNVERIFIED,0,index_only
17,vision,1,121,1,1,SOURCE_ROW_UNIQUE,UNVERIFIED,0,index_only
17,vision,2,122,1,1,SOURCE_ROW_UNIQUE,UNVERIFIED,0,index_only
17,vision,3,123,1,1,SOURCE_ROW_UNIQUE,UNVERIFIED,0,index_only
17,vision,4,124,1,1,SOURCE_ROW_UNIQUE,UNVERIFIED,0,index_only
17,vision,5,125,1,1,SOURCE_ROW_UNIQUE,UNVERIFIED,0,index_only
17,vision,6,126,1,1,SOURCE_ROW_UNIQUE,UNVERIFIED,0,index_only
17,vision,7,127,1,1,SOURCE_ROW_UNIQUE,UNVERIFIED,0,index_only
17,vision,8,128,1,1,SOURCE_ROW_UNIQUE,UNVERIFIED,0,index_only
17,vision,9,129,1,1,SOURCE_ROW_UNIQUE,UNVERIFIED,0,index_only
17,vision,10,130,1,1,SOURCE_ROW_UNIQUE,UNVERIFIED,0,index_only
17,vision,11,130,1,1,SOURCE_ROW_UNIQUE,UNVERIFIED,0,index_only
17,vision,12,131,1,1,SOURCE_ROW_UNIQUE,UNVERIFIED,0,index_only
17,vision,13,132,1,1,SOURCE_ROW_UNIQUE,UNVERIFIED,0,index_only
17,vision,14,133,1,1,SOURCE_ROW_UNIQUE,UNVERIFIED,0,index_only
17,vision,15,134,1,1,SOURCE_ROW_UNIQUE,UNVERIFIED,0,index_only
17,vision,16,135,1,1,SOURCE_ROW_UNIQUE,UNVERIFIED,0,index_only
17,vision,17,136,1,1,SOURCE_ROW_UNIQUE,UNVERIFIED,0,index_only
17,vision,18,137,1,1,SOURCE_ROW_UNIQUE,UNVERIFIED,0,index_only
17,vision,19,138,1,1,SOURCE_ROW_UNIQUE,UNVERIFIED,0,index_only
17,vision,20,139,1,1,SOURCE_ROW_UNIQUE,UNVERIFIED,0,index_only
17,vision,21,140,1,1,SOURCE_ROW_UNIQUE,UNVERIFIED,0,index_only
17,vision,22,141,1,1,SOURCE_ROW_UNIQUE,UNVERIFIED,0,index_only
17,vision,23,142,1,1,SOURCE_ROW_UNIQUE,UNVERIFIED,0,index_only
17,vision,24,142,1,1,SOURCE_ROW_UNIQUE,UNVERIFIED,0,index_only
18,audio,1,326,1,1,SOURCE_ROW_UNIQUE,UNVERIFIED,0,index_only
18,audio,2,326,1,1,SOURCE_ROW_UNIQUE,UNVERIFIED,0,index_only
18,audio,3,327,1,1,SOURCE_ROW_UNIQUE,UNVERIFIED,0,index_only
18,audio,4,328,1,1,SOURCE_ROW_UNIQUE,UNVERIFIED,0,index_only
18,audio,5,329,1,1,SOURCE_ROW_UNIQUE,UNVERIFIED,0,index_only
18,audio,6,330,1,1,SOURCE_ROW_UNIQUE,UNVERIFIED,0,index_only
18,audio,7,331,1,1,SOURCE_ROW_UNIQUE,UNVERIFIED,0,index_only
18,audio,8,332,1,1,SOURCE_ROW_UNIQUE,UNVERIFIED,0,index_only
18,audio,9,333,1,1,SOURCE_ROW_UNIQUE,UNVERIFIED,0,index_only
18,audio,10,334,1,1,SOURCE_ROW_UNIQUE,UNVERIFIED,0,index_only
18,audio,11,335,1,1,SOURCE_ROW_UNIQUE,UNVERIFIED,0,index_only
18,audio,12,336,1,1,SOURCE_ROW_UNIQUE,UNVERIFIED,0,index_only
18,audio,13,337,1,1,SOURCE_ROW_UNIQUE,UNVERIFIED,0,index_only
18,audio,14,338,1,1,SOURCE_ROW_UNIQUE,UNVERIFIED,0,index_only
18,audio,15,339,1,1,SOURCE_ROW_UNIQUE,UNVERIFIED,0,index_only
18,audio,16,340,1,1,SOURCE_ROW_UNIQUE,UNVERIFIED,0,index_only
18,audio,17,340,1,1,SOURCE_ROW_UNIQUE,UNVERIFIED,0,index_only
18,audio,18,340,1,1,SOURCE_ROW_UNIQUE,UNVERIFIED,0,index_only
18,audio,19,341,1,1,SOURCE_ROW_UNIQUE,UNVERIFIED,0,index_only
18,audio,20,342,1,1,SOURCE_ROW_UNIQUE,UNVERIFIED,0,index_only
18,audio,21,342,1,1,SOURCE_ROW_UNIQUE,UNVERIFIED,0,index_only
18,audio,22,342,1,1,SOURCE_ROW_UNIQUE,UNVERIFIED,0,index_only
18,audio,23,343,1,1,SOURCE_ROW_UNIQUE,UNVERIFIED,0,index_only
18,audio,24,343,1,1,SOURCE_ROW_UNIQUE,UNVERIFIED,0,index_only
18,audio,25,343,1,1,SOURCE_ROW_UNIQUE,UNVERIFIED,0,index_only
18,audio,26,344,1,1,SOURCE_ROW_UNIQUE,UNVERIFIED,0,index_only
18,audio,27,345,1,1,SOURCE_ROW_UNIQUE,UNVERIFIED,0,index_only
18,audio,28,346,1,1,SOURCE_ROW_UNIQUE,UNVERIFIED,0,index_only
18,audio,29,347,1,1,SOURCE_ROW_UNIQUE,UNVERIFIED,0,index_only
18,audio,30,348,1,1,SOURCE_ROW_UNIQUE,UNVERIFIED,0,index_only
18,audio,31,349,1,1,SOURCE_ROW_UNIQUE,UNVERIFIED,0,index_only
18,audio,32,350,1,1,SOURCE_ROW_UNIQUE,UNVERIFIED,0,index_only
18,audio,33,351,1,1,SOURCE_ROW_UNIQUE,UNVERIFIED,0,index_only
18,audio,34,352,1,1,SOURCE_ROW_UNIQUE,UNVERIFIED,0,index_only
18,audio,35,353,1,1,SOURCE_ROW_UNIQUE,UNVERIFIED,0,index_only
18,audio,36,354,1,1,SOURCE_ROW_UNIQUE,UNVERIFIED,0,index_only
18,audio,37,355,1,1,SOURCE_ROW_UNIQUE,UNVERIFIED,0,index_only
18,audio,38,356,1,1,SOURCE_ROW_UNIQUE,UNVERIFIED,0,index_only
18,audio,39,357,1,1,SOURCE_ROW_UNIQUE,UNVERIFIED,0,index_only
18,audio,40,358,1,1,SOURCE_ROW_UNIQUE,UNVERIFIED,0,index_only
18,audio,41,359,1,1,SOURCE_ROW_UNIQUE,UNVERIFIED,0,index_only
18,audio,42,360,1,1,SOURCE_ROW_UNIQUE,UNVERIFIED,0,index_only
18,audio,43,361,1,1,SOURCE_ROW_UNIQUE,UNVERIFIED,0,index_only
18,audio,44,362,1,1,SOURCE_ROW_UNIQUE,UNVERIFIED,0,index_only
18,audio,45,363,1,1,SOURCE_ROW_UNIQUE,UNVERIFIED,0,index_only
18,audio,46,364,1,1,SOURCE_ROW_UNIQUE,UNVERIFIED,0,index_only
18,audio,47,364,1,1,SOURCE_ROW_UNIQUE,UNVERIFIED,0,index_only
18,audio,48,364,1,1,SOURCE_ROW_UNIQUE,UNVERIFIED,0,index_only
18,vision,1,234,1,1,SOURCE_ROW_UNIQUE,UNVERIFIED,0,index_only
18,vision,2,234,1,1,SOURCE_ROW_UNIQUE,UNVERIFIED,0,index_only
18,vision,3,235,1,1,SOURCE_ROW_UNIQUE,UNVERIFIED,0,index_only
18,vision,4,236,1,1,SOURCE_ROW_UNIQUE,UNVERIFIED,0,index_only
18,vision,5,237,1,1,SOURCE_ROW_UNIQUE,UNVERIFIED,0,index_only
18,vision,6,238,1,1,SOURCE_ROW_UNIQUE,UNVERIFIED,0,index_only
18,vision,7,239,1,1,SOURCE_ROW_UNIQUE,UNVERIFIED,0,index_only
18,vision,8,240,1,1,SOURCE_ROW_UNIQUE,UNVERIFIED,0,index_only
18,vision,9,241,1,1,SOURCE_ROW_UNIQUE,UNVERIFIED,0,index_only
18,vision,10,242,1,1,SOURCE_ROW_UNIQUE,UNVERIFIED,0,index_only
18,vision,11,243,1,1,SOURCE_ROW_UNIQUE,UNVERIFIED,0,index_only
18,vision,12,244,1,1,SOURCE_ROW_UNIQUE,UNVERIFIED,0,index_only
18,vision,13,245,1,1,SOURCE_ROW_UNIQUE,UNVERIFIED,0,index_only
18,vision,14,246,1,1,SOURCE_ROW_UNIQUE,UNVERIFIED,0,index_only
18,vision,15,247,1,1,SOURCE_ROW_UNIQUE,UNVERIFIED,0,index_only
18,vision,16,248,1,1,SOURCE_ROW_UNIQUE,UNVERIFIED,0,index_only
18,vision,17,248,1,1,SOURCE_ROW_UNIQUE,UNVERIFIED,0,index_only
18,vision,18,248,1,1,SOURCE_ROW_UNIQUE,UNVERIFIED,0,index_only
18,vision,19,249,1,1,SOURCE_ROW_UNIQUE,UNVERIFIED,0,index_only
18,vision,20,250,1,1,SOURCE_ROW_UNIQUE,UNVERIFIED,0,index_only
18,vision,21,250,1,1,SOURCE_ROW_UNIQUE,UNVERIFIED,0,index_only
18,vision,22,250,1,1,SOURCE_ROW_UNIQUE,UNVERIFIED,0,index_only
18,vision,23,251,1,1,SOURCE_ROW_UNIQUE,UNVERIFIED,0,index_only
18,vision,24,251,1,1,SOURCE_ROW_UNIQUE,UNVERIFIED,0,index_only
18,vision,25,251,1,1,SOURCE_ROW_UNIQUE,UNVERIFIED,0,index_only
18,vision,26,252,1,1,SOURCE_ROW_UNIQUE,UNVERIFIED,0,index_only
18,vision,27,253,1,1,SOURCE_ROW_UNIQUE,UNVERIFIED,0,index_only
18,vision,28,254,1,1,SOURCE_ROW_UNIQUE,UNVERIFIED,0,index_only
18,vision,29,255,1,1,SOURCE_ROW_UNIQUE,UNVERIFIED,0,index_only
18,vision,30,256,1,1,SOURCE_ROW_UNIQUE,UNVERIFIED,0,index_only
18,vision,31,257,1,1,SOURCE_ROW_UNIQUE,UNVERIFIED,0,index_only
18,vision,32,258,1,1,SOURCE_ROW_UNIQUE,UNVERIFIED,0,index_only
18,vision,33,259,1,1,SOURCE_ROW_UNIQUE,UNVERIFIED,0,index_only
18,vision,34,260,1,1,SOURCE_ROW_UNIQUE,UNVERIFIED,0,index_only
18,vision,35,261,1,1,SOURCE_ROW_UNIQUE,UNVERIFIED,0,index_only
18,vision,36,262,1,1,SOURCE_ROW_UNIQUE,UNVERIFIED,0,index_only
18,vision,37,263,1,1,SOURCE_ROW_UNIQUE,UNVERIFIED,0,index_only
18,vision,38,264,1,1,SOURCE_ROW_UNIQUE,UNVERIFIED,0,index_only
18,vision,39,265,1,1,SOURCE_ROW_UNIQUE,UNVERIFIED,0,index_only
18,vision,40,266,1,1,SOURCE_ROW_UNIQUE,UNVERIFIED,0,index_only
18,vision,41,267,1,1,SOURCE_ROW_UNIQUE,UNVERIFIED,0,index_only
18,vision,42,268,1,1,SOURCE_ROW_UNIQUE,UNVERIFIED,0,index_only
18,vision,43,269,1,1,SOURCE_ROW_UNIQUE,UNVERIFIED,0,index_only
18,vision,44,270,1,1,SOURCE_ROW_UNIQUE,UNVERIFIED,0,index_only
18,vision,45,271,1,1,SOURCE_ROW_UNIQUE,UNVERIFIED,0,index_only
18,vision,46,272,1,1,SOURCE_ROW_UNIQUE,UNVERIFIED,0,index_only
18,vision,47,272,1,1,SOURCE_ROW_UNIQUE,UNVERIFIED,0,index_only
18,vision,48,272,1,1,SOURCE_ROW_UNIQUE,UNVERIFIED,0,index_only
19,audio,1,239,1,1,SOURCE_ROW_UNIQUE,UNVERIFIED,0,index_only
19,audio,2,240,1,1,SOURCE_ROW_UNIQUE,UNVERIFIED,0,index_only
19,audio,3,241,1,1,SOURCE_ROW_UNIQUE,UNVERIFIED,0,index_only
19,audio,4,242,1,1,SOURCE_ROW_UNIQUE,UNVERIFIED,0,index_only
19,audio,5,242,1,1,SOURCE_ROW_UNIQUE,UNVERIFIED,0,index_only
19,audio,6,243,1,1,SOURCE_ROW_UNIQUE,UNVERIFIED,0,index_only
19,audio,7,244,1,1,SOURCE_ROW_UNIQUE,UNVERIFIED,0,index_only
19,audio,8,245,1,1,SOURCE_ROW_UNIQUE,UNVERIFIED,0,index_only
19,audio,9,246,1,1,SOURCE_ROW_UNIQUE,UNVERIFIED,0,index_only
19,audio,10,247,1,1,SOURCE_ROW_UNIQUE,UNVERIFIED,0,index_only
19,audio,11,248,1,1,SOURCE_ROW_UNIQUE,UNVERIFIED,0,index_only
19,audio,12,249,1,1,SOURCE_ROW_UNIQUE,UNVERIFIED,0,index_only
19,audio,13,249,1,1,SOURCE_ROW_UNIQUE,UNVERIFIED,0,index_only
19,audio,14,250,1,1,SOURCE_ROW_UNIQUE,UNVERIFIED,0,index_only
19,audio,15,251,1,1,SOURCE_ROW_UNIQUE,UNVERIFIED,0,index_only
19,audio,16,252,1,1,SOURCE_ROW_UNIQUE,UNVERIFIED,0,index_only
19,audio,17,253,1,1,SOURCE_ROW_UNIQUE,UNVERIFIED,0,index_only
19,audio,18,253,1,1,SOURCE_ROW_UNIQUE,UNVERIFIED,0,index_only
19,audio,19,254,1,1,SOURCE_ROW_UNIQUE,UNVERIFIED,0,index_only
19,audio,20,255,1,1,SOURCE_ROW_UNIQUE,UNVERIFIED,0,index_only
19,audio,21,256,1,1,SOURCE_ROW_UNIQUE,UNVERIFIED,0,index_only
19,audio,22,257,1,1,SOURCE_ROW_UNIQUE,UNVERIFIED,0,index_only
19,audio,23,258,1,1,SOURCE_ROW_UNIQUE,UNVERIFIED,0,index_only
19,audio,24,259,1,1,SOURCE_ROW_UNIQUE,UNVERIFIED,0,index_only
19,audio,25,260,1,1,SOURCE_ROW_UNIQUE,UNVERIFIED,0,index_only
19,audio,26,261,1,1,SOURCE_ROW_UNIQUE,UNVERIFIED,0,index_only
19,audio,27,262,1,1,SOURCE_ROW_UNIQUE,UNVERIFIED,0,index_only
19,audio,28,263,1,1,SOURCE_ROW_UNIQUE,UNVERIFIED,0,index_only
19,audio,29,264,1,1,SOURCE_ROW_UNIQUE,UNVERIFIED,0,index_only
19,audio,30,264,1,1,SOURCE_ROW_UNIQUE,UNVERIFIED,0,index_only
19,audio,31,264,1,1,SOURCE_ROW_UNIQUE,UNVERIFIED,0,index_only
19,audio,32,265,1,1,SOURCE_ROW_UNIQUE,UNVERIFIED,0,index_only
19,audio,33,266,1,1,SOURCE_ROW_UNIQUE,UNVERIFIED,0,index_only
19,audio,34,267,1,1,SOURCE_ROW_UNIQUE,UNVERIFIED,0,index_only
19,audio,35,268,1,1,SOURCE_ROW_UNIQUE,UNVERIFIED,0,index_only
19,audio,36,269,1,1,SOURCE_ROW_UNIQUE,UNVERIFIED,0,index_only
19,audio,37,269,1,1,SOURCE_ROW_UNIQUE,UNVERIFIED,0,index_only
19,audio,38,270,1,1,SOURCE_ROW_UNIQUE,UNVERIFIED,0,index_only
19,audio,39,271,1,1,SOURCE_ROW_UNIQUE,UNVERIFIED,0,index_only
19,vision,1,171,1,1,SOURCE_ROW_UNIQUE,UNVERIFIED,0,index_only
19,vision,2,172,1,1,SOURCE_ROW_UNIQUE,UNVERIFIED,0,index_only
19,vision,3,173,1,1,SOURCE_ROW_UNIQUE,UNVERIFIED,0,index_only
19,vision,4,174,1,1,SOURCE_ROW_UNIQUE,UNVERIFIED,0,index_only
19,vision,5,174,1,1,SOURCE_ROW_UNIQUE,UNVERIFIED,0,index_only
19,vision,6,175,1,1,SOURCE_ROW_UNIQUE,UNVERIFIED,0,index_only
19,vision,7,176,1,1,SOURCE_ROW_UNIQUE,UNVERIFIED,0,index_only
19,vision,8,177,1,1,SOURCE_ROW_UNIQUE,UNVERIFIED,0,index_only
19,vision,9,178,1,1,SOURCE_ROW_UNIQUE,UNVERIFIED,0,index_only
19,vision,10,179,1,1,SOURCE_ROW_UNIQUE,UNVERIFIED,0,index_only
19,vision,11,180,1,1,SOURCE_ROW_UNIQUE,UNVERIFIED,0,index_only
19,vision,12,181,1,1,SOURCE_ROW_UNIQUE,UNVERIFIED,0,index_only
19,vision,13,181,1,1,SOURCE_ROW_UNIQUE,UNVERIFIED,0,index_only
19,vision,14,182,1,1,SOURCE_ROW_UNIQUE,UNVERIFIED,0,index_only
19,vision,15,183,1,1,SOURCE_ROW_UNIQUE,UNVERIFIED,0,index_only
19,vision,16,184,1,1,SOURCE_ROW_UNIQUE,UNVERIFIED,0,index_only
19,vision,17,185,1,1,SOURCE_ROW_UNIQUE,UNVERIFIED,0,index_only
19,vision,18,185,1,1,SOURCE_ROW_UNIQUE,UNVERIFIED,0,index_only
19,vision,19,186,1,1,SOURCE_ROW_UNIQUE,UNVERIFIED,0,index_only
19,vision,20,187,1,1,SOURCE_ROW_UNIQUE,UNVERIFIED,0,index_only
19,vision,21,188,1,1,SOURCE_ROW_UNIQUE,UNVERIFIED,0,index_only
19,vision,22,189,1,1,SOURCE_ROW_UNIQUE,UNVERIFIED,0,index_only
19,vision,23,190,1,1,SOURCE_ROW_UNIQUE,UNVERIFIED,0,index_only
19,vision,24,191,1,1,SOURCE_ROW_UNIQUE,UNVERIFIED,0,index_only
19,vision,25,192,1,1,SOURCE_ROW_UNIQUE,UNVERIFIED,0,index_only
19,vision,26,193,1,1,SOURCE_ROW_UNIQUE,UNVERIFIED,0,index_only
19,vision,27,194,1,1,SOURCE_ROW_UNIQUE,UNVERIFIED,0,index_only
19,vision,28,195,1,1,SOURCE_ROW_UNIQUE,UNVERIFIED,0,index_only
19,vision,29,196,1,1,SOURCE_ROW_UNIQUE,UNVERIFIED,0,index_only
19,vision,30,196,1,1,SOURCE_ROW_UNIQUE,UNVERIFIED,0,index_only
19,vision,31,196,1,1,SOURCE_ROW_UNIQUE,UNVERIFIED,0,index_only
19,vision,32,197,1,1,SOURCE_ROW_UNIQUE,UNVERIFIED,0,index_only
19,vision,33,198,1,1,SOURCE_ROW_UNIQUE,UNVERIFIED,0,index_only
19,vision,34,199,1,1,SOURCE_ROW_UNIQUE,UNVERIFIED,0,index_only
19,vision,35,200,1,1,SOURCE_ROW_UNIQUE,UNVERIFIED,0,index_only
19,vision,36,201,1,1,SOURCE_ROW_UNIQUE,UNVERIFIED,0,index_only
19,vision,37,201,1,1,SOURCE_ROW_UNIQUE,UNVERIFIED,0,index_only
19,vision,38,202,1,1,SOURCE_ROW_UNIQUE,UNVERIFIED,0,index_only
19,vision,39,203,1,1,SOURCE_ROW_UNIQUE,UNVERIFIED,0,index_only
20,audio,1,182,1,1,SOURCE_ROW_UNIQUE,UNVERIFIED,0,index_only
20,audio,2,183,1,1,SOURCE_ROW_UNIQUE,UNVERIFIED,0,index_only
20,audio,3,184,1,1,SOURCE_ROW_UNIQUE,UNVERIFIED,0,index_only
20,audio,4,184,1,1,SOURCE_ROW_UNIQUE,UNVERIFIED,0,index_only
20,audio,5,185,1,1,SOURCE_ROW_UNIQUE,UNVERIFIED,0,index_only
20,audio,6,186,1,1,SOURCE_ROW_UNIQUE,UNVERIFIED,0,index_only
20,audio,7,187,1,1,SOURCE_ROW_UNIQUE,UNVERIFIED,0,index_only
20,audio,8,188,1,1,SOURCE_ROW_UNIQUE,UNVERIFIED,0,index_only
20,audio,9,189,1,1,SOURCE_ROW_UNIQUE,UNVERIFIED,0,index_only
20,audio,10,190,1,1,SOURCE_ROW_UNIQUE,UNVERIFIED,0,index_only
20,audio,11,191,1,1,SOURCE_ROW_UNIQUE,UNVERIFIED,0,index_only
20,audio,12,192,1,1,SOURCE_ROW_UNIQUE,UNVERIFIED,0,index_only
20,audio,13,193,1,1,SOURCE_ROW_UNIQUE,UNVERIFIED,0,index_only
20,audio,14,194,1,1,SOURCE_ROW_UNIQUE,UNVERIFIED,0,index_only
20,audio,15,195,1,1,SOURCE_ROW_UNIQUE,UNVERIFIED,0,index_only
20,audio,16,196,1,1,SOURCE_ROW_UNIQUE,UNVERIFIED,0,index_only
20,audio,17,196,1,1,SOURCE_ROW_UNIQUE,UNVERIFIED,0,index_only
20,audio,18,197,1,1,SOURCE_ROW_UNIQUE,UNVERIFIED,0,index_only
20,audio,19,198,1,1,SOURCE_ROW_UNIQUE,UNVERIFIED,0,index_only
20,audio,20,198,1,1,SOURCE_ROW_UNIQUE,UNVERIFIED,0,index_only
20,audio,21,198,1,1,SOURCE_ROW_UNIQUE,UNVERIFIED,0,index_only
20,audio,22,199,1,1,SOURCE_ROW_UNIQUE,UNVERIFIED,0,index_only
20,audio,23,200,1,1,SOURCE_ROW_UNIQUE,UNVERIFIED,0,index_only
20,audio,24,201,1,1,SOURCE_ROW_UNIQUE,UNVERIFIED,0,index_only
20,audio,25,202,1,1,SOURCE_ROW_UNIQUE,UNVERIFIED,0,index_only
20,audio,26,203,1,1,SOURCE_ROW_UNIQUE,UNVERIFIED,0,index_only
20,audio,27,204,1,1,SOURCE_ROW_UNIQUE,UNVERIFIED,0,index_only
20,audio,28,205,1,1,SOURCE_ROW_UNIQUE,UNVERIFIED,0,index_only
20,audio,29,206,1,1,SOURCE_ROW_UNIQUE,UNVERIFIED,0,index_only
20,audio,30,207,1,1,SOURCE_ROW_UNIQUE,UNVERIFIED,0,index_only
20,audio,31,208,1,1,SOURCE_ROW_UNIQUE,UNVERIFIED,0,index_only
20,audio,32,208,1,1,SOURCE_ROW_UNIQUE,UNVERIFIED,0,index_only
20,audio,33,208,1,1,SOURCE_ROW_UNIQUE,UNVERIFIED,0,index_only
20,audio,34,208,1,1,SOURCE_ROW_UNIQUE,UNVERIFIED,0,index_only
20,audio,35,208,1,1,SOURCE_ROW_UNIQUE,UNVERIFIED,0,index_only
20,audio,36,209,1,1,SOURCE_ROW_UNIQUE,UNVERIFIED,0,index_only
20,audio,37,210,1,1,SOURCE_ROW_UNIQUE,UNVERIFIED,0,index_only
20,audio,38,211,1,1,SOURCE_ROW_UNIQUE,UNVERIFIED,0,index_only
20,audio,39,212,1,1,SOURCE_ROW_UNIQUE,UNVERIFIED,0,index_only
20,audio,40,213,1,1,SOURCE_ROW_UNIQUE,UNVERIFIED,0,index_only
20,audio,41,214,1,1,SOURCE_ROW_UNIQUE,UNVERIFIED,0,index_only
20,audio,42,215,1,1,SOURCE_ROW_UNIQUE,UNVERIFIED,0,index_only
20,audio,43,215,1,1,SOURCE_ROW_UNIQUE,UNVERIFIED,0,index_only
20,vision,1,128,1,1,SOURCE_ROW_UNIQUE,UNVERIFIED,0,index_only
20,vision,2,129,1,1,SOURCE_ROW_UNIQUE,UNVERIFIED,0,index_only
20,vision,3,130,1,1,SOURCE_ROW_UNIQUE,UNVERIFIED,0,index_only
20,vision,4,130,1,1,SOURCE_ROW_UNIQUE,UNVERIFIED,0,index_only
20,vision,5,131,1,1,SOURCE_ROW_UNIQUE,UNVERIFIED,0,index_only
20,vision,6,132,1,1,SOURCE_ROW_UNIQUE,UNVERIFIED,0,index_only
20,vision,7,133,1,1,SOURCE_ROW_UNIQUE,UNVERIFIED,0,index_only
20,vision,8,134,1,1,SOURCE_ROW_UNIQUE,UNVERIFIED,0,index_only
20,vision,9,135,1,1,SOURCE_ROW_UNIQUE,UNVERIFIED,0,index_only
20,vision,10,136,1,1,SOURCE_ROW_UNIQUE,UNVERIFIED,0,index_only
20,vision,11,137,1,1,SOURCE_ROW_UNIQUE,UNVERIFIED,0,index_only
20,vision,12,138,1,1,SOURCE_ROW_UNIQUE,UNVERIFIED,0,index_only
20,vision,13,139,1,1,SOURCE_ROW_UNIQUE,UNVERIFIED,0,index_only
20,vision,14,140,1,1,SOURCE_ROW_UNIQUE,UNVERIFIED,0,index_only
20,vision,15,141,1,1,SOURCE_ROW_UNIQUE,UNVERIFIED,0,index_only
20,vision,16,142,1,1,SOURCE_ROW_UNIQUE,UNVERIFIED,0,index_only
20,vision,17,142,1,1,SOURCE_ROW_UNIQUE,UNVERIFIED,0,index_only
20,vision,18,143,1,1,SOURCE_ROW_UNIQUE,UNVERIFIED,0,index_only
20,vision,19,144,1,1,SOURCE_ROW_UNIQUE,UNVERIFIED,0,index_only
20,vision,20,144,1,1,SOURCE_ROW_UNIQUE,UNVERIFIED,0,index_only
20,vision,21,144,1,1,SOURCE_ROW_UNIQUE,UNVERIFIED,0,index_only
20,vision,22,145,1,1,SOURCE_ROW_UNIQUE,UNVERIFIED,0,index_only
20,vision,23,146,1,1,SOURCE_ROW_UNIQUE,UNVERIFIED,0,index_only
20,vision,24,147,1,1,SOURCE_ROW_UNIQUE,UNVERIFIED,0,index_only
20,vision,25,148,1,1,SOURCE_ROW_UNIQUE,UNVERIFIED,0,index_only
20,vision,26,149,1,1,SOURCE_ROW_UNIQUE,UNVERIFIED,0,index_only
20,vision,27,150,1,1,SOURCE_ROW_UNIQUE,UNVERIFIED,0,index_only
20,vision,28,151,1,1,SOURCE_ROW_UNIQUE,UNVERIFIED,0,index_only
20,vision,29,152,1,1,SOURCE_ROW_UNIQUE,UNVERIFIED,0,index_only
20,vision,30,153,1,1,SOURCE_ROW_UNIQUE,UNVERIFIED,0,index_only
20,vision,31,154,1,1,SOURCE_ROW_UNIQUE,UNVERIFIED,0,index_only
20,vision,32,154,1,1,SOURCE_ROW_UNIQUE,UNVERIFIED,0,index_only
20,vision,33,154,1,1,SOURCE_ROW_UNIQUE,UNVERIFIED,0,index_only
20,vision,34,154,1,1,SOURCE_ROW_UNIQUE,UNVERIFIED,0,index_only
20,vision,35,154,1,1,SOURCE_ROW_UNIQUE,UNVERIFIED,0,index_only
20,vision,36,155,1,1,SOURCE_ROW_UNIQUE,UNVERIFIED,0,index_only
20,vision,37,156,1,1,SOURCE_ROW_UNIQUE,UNVERIFIED,0,index_only
20,vision,38,157,1,1,SOURCE_ROW_UNIQUE,UNVERIFIED,0,index_only
20,vision,39,158,1,1,SOURCE_ROW_UNIQUE,UNVERIFIED,0,index_only
20,vision,40,159,1,1,SOURCE_ROW_UNIQUE,UNVERIFIED,0,index_only
20,vision,41,160,1,1,SOURCE_ROW_UNIQUE,UNVERIFIED,0,index_only
20,vision,42,161,1,1,SOURCE_ROW_UNIQUE,UNVERIFIED,0,index_only
20,vision,43,161,1,1,SOURCE_ROW_UNIQUE,UNVERIFIED,0,index_only
