sample_key,video_id,clip_id,official_text,source_mp4_sha256,text_present,audio_present,video_present,text_content_valid,audio_speech_valid,vision_feature_valid,face_feature_valid,audio_visual_time_valid,text_audio_correspondence,text_av_time_mapping_status,alignment_mode,zero_duration_word_count,mapping_fail_count,alignment_probability_summary,alignment_structurally_valid_words,alignment_official_word_count,alignment_diagnostic_status,human_review_required,human_review_status,human_evidence_source,asr_screen_flag,asr_word_error_rate,asr_text,audio_rms,audio_max_abs,video_frame_count,face_detected_frame_count,face_detection_ratio,audio_coverage_start_sec,audio_coverage_end_sec,video_coverage_start_sec,video_coverage_end_sec,av_overlap_sec,anomaly_type,notes
-3g5yACwYnA$_$13,-3g5yACwYnA,13,They've been able to find solutions or at least bring some answers to the table.,aeb47627f59dce3d0a85a44ef35e4a3bc18211498e98c8c11cf60269646df24f,1,1,1,1,unknown,1,1,1,unknown,unverified,UNCERTAIN_REVIEW,0,0,"{""count"":15,""min"":0.4062670344719663,""median"":0.9828378558158875,""mean"":0.9085263840000456,""lt_0_1_count"":0,""lt_0_01_count"":0}",15,15,completed,1,pending,,CLOSE_BY_HEURISTIC,0.1875, that we do. They've been able to find solutions or at least bring some answers to the table.,0.011623148732640892,0.14309161901474,163,163,1.0,0.0,5.399125,0.0,5.5,5.399125,,Human transcript/audio content review is pending; ASR and alignment scores are diagnostic only.
-3g5yACwYnA$_$2,-3g5yACwYnA,2,Key Polymer brings a technical aspect to our operation that we don't have internally.,0619c01f137d017c15c058176f18a575919189c7e81ebd2bfb993afdb86f3de7,1,1,1,1,unknown,1,1,1,unknown,unverified,UNCERTAIN_REVIEW,0,0,"{""count"":14,""min"":0.0019160340307280421,""median"":0.9588938355445862,""mean"":0.8219388426722227,""lt_0_1_count"":1,""lt_0_01_count"":1}",14,14,completed,1,pending,,MODERATE_DISAGREEMENT_REVIEW,0.26666666666666666, Keep on where it brings a technical aspect to our operation that we don't have internally.,0.01762113588890069,0.1554868519306183,278,278,1.0,0.0,9.2313125,0.0,9.366666666666667,9.2313125,ASR_REVIEW_SIGNAL,Human transcript/audio content review is pending; ASR and alignment scores are diagnostic only.
-3g5yACwYnA$_$3,-3g5yACwYnA,3,"We're a huge user of adhesives for our operation, called flocking, and we don't have the technical inside compounding or the technical expertise to do these types of things.",eff8cfefba2425155f2b72656829b34b23be8bfe1dcbece384154f56818aa26d,1,1,1,1,1,1,1,1,confirmed_match,word_valid,TRI_MODAL_WORD_VALID,0,0,"{""count"":29,""min"":0.24131733179092407,""median"":0.9622051119804382,""mean"":0.8190418844767595,""lt_0_1_count"":0,""lt_0_01_count"":0}",29,29,completed,0,confirmed_match,prefreeze_transcript_audio_2026-09-24/human_review.json,CLOSE_BY_HEURISTIC,0.16129032258064516, We're a huge user of adhesives for our operation called flocking and we don't have the technical and inside information compounding or the technical expertise to do these types of things. So keep bringing.,0.013473107478461888,0.15289120376110077,431,431,1.0,0.0,14.327875,0.0,14.366666666666667,14.327875,,
-3g5yACwYnA$_$9,-3g5yACwYnA,9,"We have many new opportunities through the way things have changed through the years, looking for new niche high-end, value-added products.",b962573b12ed1f06d5533f6427c80dce2bae3a99dd332f6d3fcb32c579f3f016,1,1,1,1,unknown,1,1,1,unknown,unverified,UNCERTAIN_REVIEW,0,0,"{""count"":21,""min"":0.07740642875432968,""median"":0.9301313161849976,""mean"":0.8040918266725918,""lt_0_1_count"":1,""lt_0_01_count"":0}",21,21,completed,1,pending,,CLOSE_BY_HEURISTIC,0.0," We have many new opportunities through the way things have changed through the years, looking for new niche high-end value added products.",0.015420262159359379,0.20144641399383545,263,263,1.0,0.0,8.696125,0.0,8.8,8.696125,,Human transcript/audio content review is pending; ASR and alignment scores are diagnostic only.
-3nNcZdcdvU$_$5,-3nNcZdcdvU,5,Noncompliance can result in legal liability to you and to the school district in which you are employed.,7ea53ad502b77be7d2ee4494dc23a9478c897792203cf887d546e83d584c1728,1,1,1,1,unknown,1,1,1,unknown,unverified,UNCERTAIN_REVIEW,0,0,"{""count"":18,""min"":0.30438836943358183,""median"":0.9681161195039749,""mean"":0.8885474434225924,""lt_0_1_count"":0,""lt_0_01_count"":0}",18,18,completed,1,pending,,CLOSE_BY_HEURISTIC,0.05555555555555555, Noncompliance can resolve in legal liability to you and to the school district in which you are employed.,0.038188847981174015,0.3519861400127411,236,235,0.9957627118644068,0.0,7.7885625,0.0,7.866666666666666,7.7885625,,Human transcript/audio content review is pending; ASR and alignment scores are diagnostic only.
-571d8cVauQ$_$0,-571d8cVauQ,0,"This is Rhett Reiger, White Caspian Studios on behalf of Expert Village.",defc62e1530d9b0cd27f2acfe042b71dd84d7e8c85f1df261f04912091976088,1,1,1,1,unknown,0,0,1,unknown,unverified,UNCERTAIN_REVIEW,0,0,"{""count"":12,""min"":0.08992563188076019,""median"":0.7608926743268967,""mean"":0.645278432716926,""lt_0_1_count"":1,""lt_0_01_count"":0}",12,12,completed,1,pending,,CLOSE_BY_HEURISTIC,0.08333333333333333," This is Rhett Riger, White Caspian Studios on behalf of Expert Village.",0.016443179598158764,0.18150749802589417,152,0,0.0,0.0,4.9923125,0.0,5.166666666666667,4.9923125,NO_USABLE_FACE_FEATURE,Frozen MediaPipe returned no usable face blendshape set; source video remains present. Human transcript/audio content review is pending; ASR and alignment scores are diagnostic only.
-571d8cVauQ$_$5,-571d8cVauQ,5,"So very important to go out to the locations, walk around, talk with the owners if you can, tell them what you're doing, build a little excitement, put a little glitz on there and let everybody knows this is a very valuable spot.",e304c03fac1f477823fe0926c4fb421b9c4e4091f85718b729afe856c24a7d3e,1,1,1,1,unknown,0,0,1,unknown,unverified,UNCERTAIN_REVIEW,0,0,"{""count"":43,""min"":8.384201646549627e-05,""median"":0.9565133154392242,""mean"":0.8416412886985791,""lt_0_1_count"":2,""lt_0_01_count"":1}",43,43,completed,1,pending,,CLOSE_BY_HEURISTIC,0.09090909090909091," So very important to go out to the locations, walk around, talk with the owners if you can, tell them what you're doing, build a little excitement, put a little glitz on there, and let everybody know this is a very valuable spot. This is good.",0.019398593007857706,0.17488785088062286,455,0,0.0,0.0,15.11525,0.0,15.266666666666666,15.11525,NO_USABLE_FACE_FEATURE,Frozen MediaPipe returned no usable face blendshape set; source video remains present. Human transcript/audio content review is pending; ASR and alignment scores are diagnostic only.
-6rXp3zJ3kc$_$8,-6rXp3zJ3kc,8,Many people are not until they get to be a older age and they realize that gosh they wasted a lot of time and money in placing bets on stock that's ultimately lost value.,59b77a0f873b7fa95e7327b93d64bb5a4bdae84039321988ef70bba8e63ee1ae,1,1,1,1,unknown,1,1,1,unknown,unverified,UNCERTAIN_REVIEW,0,0,"{""count"":34,""min"":0.00010240849951514974,""median"":0.9015035033226013,""mean"":0.7751335311102807,""lt_0_1_count"":2,""lt_0_01_count"":1}",34,34,completed,1,pending,,CLOSE_BY_HEURISTIC,0.08571428571428572, aware of many people are not until they get to be a older age and they realize that gosh they've wasted a lot of time and money in placing bets on stock that's ultimately lost value.,0.07100225495158992,0.7105945348739624,384,384,1.0,0.0,12.738,0.0,12.8,12.738,,Human transcript/audio content review is pending; ASR and alignment scores are diagnostic only.
-9y-fZ3swSY$_$0,-9y-fZ3swSY,0,"is, you can say, hey I really like baby skin, they are so soft, they don’t have any hair on their face",29a1fd181293cdbe24e50edcad51e3cc0f27a5824d840bcc39d453b272fb6e3c,1,1,1,1,unknown,1,1,1,unknown,unverified,UNCERTAIN_REVIEW,2,0,"{""count"":22,""min"":0.002731407294049859,""median"":0.8180335611104965,""mean"":0.6590876648192311,""lt_0_1_count"":2,""lt_0_01_count"":2}",20,22,completed,1,pending,,MODERATE_DISAGREEMENT_REVIEW,0.43478260869565216," You can say, hey, you know what? I really like baby's kid. They're so soft. They don't have any hair on their face. It's so",0.09017067697336514,0.5832126140594482,205,205,1.0,0.0,6.757,0.0,6.8999999999999995,6.757,ASR_REVIEW_SIGNAL;ZERO_DURATION_WORD,Human transcript/audio content review is pending; ASR and alignment scores are diagnostic only.
-9y-fZ3swSY$_$4,-9y-fZ3swSY,4,I’ve seen this in US or in the US,fe04a26710e85c58bdaad5a48618c7e0f742d82b0d920eb4a046c8f14a6921dc,1,1,1,1,unknown,1,1,1,unknown,unverified,UNCERTAIN_REVIEW,0,0,"{""count"":9,""min"":0.25816187262535095,""median"":0.9702919721603394,""mean"":0.7978136327148909,""lt_0_1_count"":0,""lt_0_01_count"":0}",9,9,completed,1,pending,,CLOSE_BY_HEURISTIC,0.1, I've seen this in the US or in the US.,0.09082157184094308,1.0024819374084473,81,79,0.9753086419753086,0.0,2.6648125,0.0,2.8,2.6648125,,Human transcript/audio content review is pending; ASR and alignment scores are diagnostic only.
-9y-fZ3swSY$_$8,-9y-fZ3swSY,8,That’s a more decent and more polite way to call a lady,6140d031e614b62a5d8df73346fef2417c28cee3501310aa95aa40d358b4b256,1,1,1,1,unknown,1,1,1,unknown,unverified,UNCERTAIN_REVIEW,0,0,"{""count"":12,""min"":0.12912860195348586,""median"":0.9057560563087463,""mean"":0.8213589958685222,""lt_0_1_count"":0,""lt_0_01_count"":0}",12,12,completed,1,pending,,CLOSE_BY_HEURISTIC,0.0, That's a more decent and more polite way to call a lady.,0.09097577811398079,0.6094566583633423,149,117,0.785234899328859,0.0,4.917,0.0,4.966666666666667,4.917,,Human transcript/audio content review is pending; ASR and alignment scores are diagnostic only.
-AUZQgSxyPQ$_$2,-AUZQgSxyPQ,2,"The perfect soul mate to the Clarisonic Spot Therapy Brush, this gentle, Ph balanced and hydrating exfoliant containing jojoba and acai fruit oils and bamboo and prickly bear extracts deliver intense healing, while smooth granules buff away dead, dry skin cells.",e09034b30bb4f8fb9f9c2568afc20f2a764e327fe6ef4e13f21804eaac51bb7b,1,1,1,1,unknown,1,1,1,unknown,unverified,UNCERTAIN_REVIEW,0,0,"{""count"":41,""min"":1.5658257325412706e-05,""median"":0.7745042443275452,""mean"":0.6258964152692624,""lt_0_1_count"":6,""lt_0_01_count"":4}",41,41,completed,1,pending,,CLOSE_BY_HEURISTIC,0.17073170731707318," The perfect soul-made to the Clarosynic spot therapy brush. This gentle pH-balanced and hydrating exfoliant contains jojoba and a cai fruit oils, with bamboo and prickly bear extracts. These deliver intense healing, while smooth granules buff away dead dry skin cells.",0.10176492911793059,0.7867392301559448,674,674,1.0,0.0,22.4045625,0.0,22.5,22.4045625,,Human transcript/audio content review is pending; ASR and alignment scores are diagnostic only.
-HeZS2-Prhc$_$2,-HeZS2-Prhc,2,The August jobs report is out and it was seen overall as solid but not great.,edb0fa22fdfbd990c8174764af78670bd2ecad799240d35d96a1124a3cd9dc0c,1,1,1,1,unknown,0,0,1,unknown,unverified,UNCERTAIN_REVIEW,0,0,"{""count"":16,""min"":0.01684262789785862,""median"":0.8737815320491791,""mean"":0.7591839857632294,""lt_0_1_count"":1,""lt_0_01_count"":0}",16,16,completed,1,pending,,MODERATE_DISAGREEMENT_REVIEW,0.25, it today. The August Jobs Report is out and it was seen overall as solid but not great. The report,0.04154398129087048,0.30761247873306274,246,0,0.0,0.0,8.150875,0.0,8.233333333333333,8.150875,ASR_REVIEW_SIGNAL;NO_USABLE_FACE_FEATURE,Frozen MediaPipe returned no usable face blendshape set; source video remains present. Human transcript/audio content review is pending; ASR and alignment scores are diagnostic only.
-HwX2H8Z4hY$_$2,-HwX2H8Z4hY,2,"” [President Ronald Reagan:] ""Look at the record",920a1052c09ebd1eedba6dd1ccfecd80f56f6f0fdcdd1f6dd32b0d90bcb89358,1,1,1,1,unknown,1,1,1,unknown,unverified,UNCERTAIN_REVIEW,0,0,"{""count"":7,""min"":0.0001593215565662831,""median"":0.36381714325398207,""mean"":0.48402508475786427,""lt_0_1_count"":3,""lt_0_01_count"":2}",7,7,completed,1,pending,,MODERATE_DISAGREEMENT_REVIEW,0.42857142857142855, mediocrity. Look at the record.,0.06812731926865397,0.9236170053482056,119,25,0.21008403361344538,0.0,3.9158125,0.0,3.9666666666666663,3.9158125,ASR_REVIEW_SIGNAL,Human transcript/audio content review is pending; ASR and alignment scores are diagnostic only.
-HwX2H8Z4hY$_$5,-HwX2H8Z4hY,5,""" President Ronald Reagan blamed the professional bureaucracy of education",8d61b7f5840a8bd403d9bc6c3cd49029ffc4e304cf9c7834735c1a6bb5fd369d,1,1,1,1,unknown,1,1,1,unknown,unverified,UNCERTAIN_REVIEW,0,0,"{""count"":9,""min"":0.0033320970833301544,""median"":0.9866010546684265,""mean"":0.8498281327386698,""lt_0_1_count"":1,""lt_0_01_count"":1}",9,9,completed,1,pending,,CLOSE_BY_HEURISTIC,0.0, President Ronald Reagan blamed the professional bureaucracy of education.,0.12806524885033527,0.7359235286712646,168,40,0.23809523809523808,0.0,5.5440625,0.0,5.633333333333333,5.5440625,,Human transcript/audio content review is pending; ASR and alignment scores are diagnostic only.
-HwX2H8Z4hY$_$6,-HwX2H8Z4hY,6,"And in part, Al Shanker did too",696576dcbd0dc42cb678fa40d8a0f0f419a3072bfa7662d653756ab29bba4c46,1,1,1,1,unknown,1,1,1,unknown,unverified,UNCERTAIN_REVIEW,0,0,"{""count"":7,""min"":0.008996197953820229,""median"":0.777353972196579,""mean"":0.6017449192170586,""lt_0_1_count"":1,""lt_0_01_count"":1}",7,7,completed,1,pending,,CLOSE_BY_HEURISTIC,0.0, and in part Al Shanker did too.,0.10638786237285175,1.2946727275848389,99,43,0.43434343434343436,0.0,3.256,0.0,3.333333333333333,3.256,,Human transcript/audio content review is pending; ASR and alignment scores are diagnostic only.
-HwX2H8Z4hY$_$9,-HwX2H8Z4hY,9,It is a word which the administrator uses when he turns around anything which he doesn't like that the teacher is doing,90c18e627f27a12c14e21ba24c79edf3008762b4ac26874b490ad3f888381702,1,1,1,1,unknown,0,0,1,unknown,unverified,UNCERTAIN_REVIEW,0,0,"{""count"":22,""min"":0.11462631076574326,""median"":0.9088445007801056,""mean"":0.7682703167877414,""lt_0_1_count"":0,""lt_0_01_count"":0}",22,22,completed,1,pending,,CLOSE_BY_HEURISTIC,0.21739130434782608, It is a word with which the administrator uses when he turns around anything which he doesn't like the teacher is doing. He says you,0.050160855579062795,0.25700247287750244,232,0,0.0,0.0,7.6363125,0.0,7.733333333333333,7.6363125,NO_USABLE_FACE_FEATURE,Frozen MediaPipe returned no usable face blendshape set; source video remains present. Human transcript/audio content review is pending; ASR and alignment scores are diagnostic only.
-I_e4mIh0yE$_$1,-I_e4mIh0yE,1,In the United States we don't punish failure to the degree to which failure is punished in Europe.,8453a966d4bd1f0179eb86a35cd34c0864a3a3bc2fa86f37783060cc0d14f5df,1,1,1,1,unknown,1,1,1,unknown,unverified,UNCERTAIN_REVIEW,0,0,"{""count"":18,""min"":0.17541015148162842,""median"":0.9769186675548553,""mean"":0.8812646749946806,""lt_0_1_count"":0,""lt_0_01_count"":0}",18,18,completed,1,pending,,CLOSE_BY_HEURISTIC,0.0," In the United States, we don't punish failure to the degree to which failure is punished in Europe.",0.05464201369807547,0.7843006253242493,225,225,1.0,0.0,7.4443125,0.0,7.6,7.4443125,,Human transcript/audio content review is pending; ASR and alignment scores are diagnostic only.
-I_e4mIh0yE$_$3,-I_e4mIh0yE,3,"It's perceived that you have actually learned something, over the course of your carreer, and that you won't make the mistake twice.",a015f02ae51d74c42ad27e2a0831263a303f0658ac8d984819e27ad61342b23e,1,1,1,1,unknown,1,1,1,unknown,unverified,UNCERTAIN_REVIEW,1,0,"{""count"":22,""min"":0.01990574784576893,""median"":0.9717088639736176,""mean"":0.8185977881259677,""lt_0_1_count"":1,""lt_0_01_count"":0}",21,22,completed,1,pending,,CLOSE_BY_HEURISTIC,0.08333333333333333, It's perceived that you've actually learned something over the course of your career and that you won't make the mistake twice.,0.05315739884485988,0.6953149437904358,271,271,1.0,0.0,8.994375,0.0,9.133333333333333,8.994375,ZERO_DURATION_WORD,Human transcript/audio content review is pending; ASR and alignment scores are diagnostic only.
-MeTTeMJBNc$_$0,-MeTTeMJBNc,0,"Okay, what happens at this point after we've taken this brief walk down memory lane, is the presentation of the gift.",54e2097f7bdb455d243e72254e5af7ed16160739f2f3cfd22f57d2729ec1acbe,1,1,1,1,unknown,0,0,1,unknown,unverified,UNCERTAIN_REVIEW,1,0,"{""count"":21,""min"":0.38893304020166397,""median"":0.9689421653747559,""mean"":0.8528839388773555,""lt_0_1_count"":0,""lt_0_01_count"":0}",20,21,completed,1,pending,,CLOSE_BY_HEURISTIC,0.0," Okay, what happens at this point after we've taken this brief walk down memory lane is the presentation of the gift.",0.05692103789924983,0.48746412992477417,279,0,0.0,0.0,9.2183125,0.0,9.333333333333334,9.2183125,ZERO_DURATION_WORD;NO_USABLE_FACE_FEATURE,Frozen MediaPipe returned no usable face blendshape set; source video remains present. Human transcript/audio content review is pending; ASR and alignment scores are diagnostic only.
-MeTTeMJBNc$_$13,-MeTTeMJBNc,13,"It just needs to be a simple statement, and then you present the gift.",80c5d996e5d7b61c58e1fe32d706efcaf80c8c8cddb5c37a5c66d527786c2a44,1,1,1,1,unknown,0,0,1,unknown,unverified,UNCERTAIN_REVIEW,1,0,"{""count"":14,""min"":0.01632053777575493,""median"":0.9828543961048126,""mean"":0.8016187875930753,""lt_0_1_count"":1,""lt_0_01_count"":0}",13,14,completed,1,pending,,CLOSE_BY_HEURISTIC,0.07142857142857142, it is. Just needs to be a simple statement and then you present the gift.,0.04911379743672267,0.4715039134025574,159,0,0.0,0.0,5.2555,0.0,5.3999999999999995,5.2555,ZERO_DURATION_WORD;NO_USABLE_FACE_FEATURE,Frozen MediaPipe returned no usable face blendshape set; source video remains present. Human transcript/audio content review is pending; ASR and alignment scores are diagnostic only.
-MeTTeMJBNc$_$7,-MeTTeMJBNc,7,"Maybe you could find a picture of the couple from their wedding or sometime in their life, or maybe even a current picture and have it put in a beautiful frame.",40716dc7402fd6398038eded58ce939ec76be6afbeea346b968bf4c427088f3a,1,1,1,1,unknown,0,0,1,unknown,unverified,UNCERTAIN_REVIEW,1,0,"{""count"":31,""min"":0.06434281170368195,""median"":0.9609860777854919,""mean"":0.8485681251172097,""lt_0_1_count"":1,""lt_0_01_count"":0}",30,31,completed,1,pending,,CLOSE_BY_HEURISTIC,0.0, Maybe you could find a picture of the couple from their wedding or sometime in their life or maybe even a current picture and have it put in a beautiful frame.,0.04850700888971867,0.4297659397125244,314,0,0.0,0.0,10.4113125,0.0,10.5,10.4113125,ZERO_DURATION_WORD;NO_USABLE_FACE_FEATURE,Frozen MediaPipe returned no usable face blendshape set; source video remains present. Human transcript/audio content review is pending; ASR and alignment scores are diagnostic only.
-NFrJFQijFE$_$1,-NFrJFQijFE,1,Structural mounts inside have to be properly stress analyzed so we make sure all that happens,d8fcf16c6eb51c56947ec3d0549c6f3bc7a0cf1fc5f5d89e8b38d4249a08db4f,1,1,1,1,unknown,0,0,1,unknown,unverified,UNCERTAIN_REVIEW,13,0,"{""count"":16,""min"":0.0,""median"":1.2457569937396329e-05,""mean"":0.02192454633976837,""lt_0_1_count"":15,""lt_0_01_count"":14}",3,16,completed,1,pending,,ASR_EMPTY_REVIEW,1.0,,0.0355102230622837,0.1557629108428955,142,0,0.0,0.0,5.658875,0.0,5.72,5.658875,ASR_REVIEW_SIGNAL;ZERO_DURATION_WORD;NO_USABLE_FACE_FEATURE,Frozen MediaPipe returned no usable face blendshape set; source video remains present. Human transcript/audio content review is pending; ASR and alignment scores are diagnostic only.
-NFrJFQijFE$_$2,-NFrJFQijFE,2,So we coordinate with all the proper technical fields to get ready for the instrument to arrive here,a54a5c144a64f5abd26b19aafa6cea8142ee08e9385fa508fa70c934f6b616c1,1,1,1,1,unknown,0,0,1,unknown,unverified,UNCERTAIN_REVIEW,11,0,"{""count"":18,""min"":1.752580465108622e-05,""median"":0.008487013634294271,""mean"":0.06656041780913963,""lt_0_1_count"":14,""lt_0_01_count"":9}",7,18,completed,1,pending,,HIGH_DISAGREEMENT_REVIEW,1.0, Hox sense of hearing is excellent. In their eyesight.,0.11854467093058561,1.1719050407409668,169,0,0.0,0.0,6.6983125,0.0,6.84,6.6983125,ASR_REVIEW_SIGNAL;ZERO_DURATION_WORD;NO_USABLE_FACE_FEATURE,Frozen MediaPipe returned no usable face blendshape set; source video remains present. Human transcript/audio content review is pending; ASR and alignment scores are diagnostic only.
-RfYyzHpjk4$_$11,-RfYyzHpjk4,11,"So get your friends lined up, get your business colleagues lined up and have a good time.",96e481cd732001239639c8cb4e7f94e570925e5a15940920ffab0cec1f13f904,1,1,1,1,unknown,1,1,1,unknown,unverified,UNCERTAIN_REVIEW,0,0,"{""count"":17,""min"":0.13566674292087555,""median"":0.959487795829773,""mean"":0.8282087156001259,""lt_0_1_count"":0,""lt_0_01_count"":0}",17,17,completed,1,pending,,CLOSE_BY_HEURISTIC,0.058823529411764705," So get your friends lined up, get your business colleagues lined up and have a good time. Kathy.",0.02473966230667465,0.19172927737236023,154,154,1.0,0.0,5.074875,0.0,5.233333333333333,5.074875,,Human transcript/audio content review is pending; ASR and alignment scores are diagnostic only.
-RfYyzHpjk4$_$2,-RfYyzHpjk4,2,"You can make a conference call but it takes quite a bit of planning, well not a lot of planning it's pretty easy to do.",5e428ee22de58c9d6561b9b4353bef9dfb811a5841d9ab07b5bc453d697ad17f,1,1,1,1,unknown,1,1,1,unknown,unverified,UNCERTAIN_REVIEW,1,0,"{""count"":25,""min"":0.03470799699425697,""median"":0.9812812209129333,""mean"":0.8316128040850163,""lt_0_1_count"":1,""lt_0_01_count"":0}",24,25,completed,1,pending,,CLOSE_BY_HEURISTIC,0.07692307692307693," You can make a conference call, but it takes quite a bit of planning. Well, not a lot of planning. It's pretty easy to do. What I...",0.033550298045624045,0.32247382402420044,164,162,0.9878048780487805,0.0,5.3918125,0.0,5.5,5.3918125,ZERO_DURATION_WORD,Human transcript/audio content review is pending; ASR and alignment scores are diagnostic only.
-RfYyzHpjk4$_$8,-RfYyzHpjk4,8,"It's pretty, pretty easy to do but you got to set up those numbers ahead of time.",ed8c672c532b8c7d1c830c82d6e2c14fcb3bbd3dc1a86670a03a6c8e83c02f3c,1,1,1,1,unknown,1,1,1,unknown,unverified,UNCERTAIN_REVIEW,0,0,"{""count"":17,""min"":0.027203509584069252,""median"":0.9465067386627197,""mean"":0.7915464250699562,""lt_0_1_count"":1,""lt_0_01_count"":0}",17,17,completed,1,pending,,CLOSE_BY_HEURISTIC,0.16666666666666666," It's pretty, pretty easy to do, but you've got to set up those numbers ahead of time. Thank you.",0.017876243186596388,0.19665807485580444,137,137,1.0,0.0,4.532375,0.0,4.566666666666666,4.532375,,Human transcript/audio content review is pending; ASR and alignment scores are diagnostic only.
-THoVjtIkeU$_$12,-THoVjtIkeU,12,"What ever we turn our attention to is what grows and so if we believe that anything is possible, if we believe that social justice can be achieved and if we believe in youth, they will believe in themselves.",e2f148f4f2e74724dc13b3ce870a0ce6a06740cfc224f5a9b3d0a870b196e7d4,1,1,1,1,unknown,1,1,1,unknown,unverified,UNCERTAIN_REVIEW,1,0,"{""count"":39,""min"":0.0009632831788621843,""median"":0.9857276082038879,""mean"":0.8819128721340511,""lt_0_1_count"":1,""lt_0_01_count"":1}",38,39,completed,1,pending,,CLOSE_BY_HEURISTIC,0.05128205128205128," whatever we turn our attention to is what grows. And so if we believe that anything is possible, if we believe that social justice can be achieved, and if we believe in youth, they will believe in themselves.",0.0773585329379731,0.5690598487854004,445,445,1.0,0.0,14.8055625,0.0,14.866666666666667,14.8055625,ZERO_DURATION_WORD,Human transcript/audio content review is pending; ASR and alignment scores are diagnostic only.
-THoVjtIkeU$_$2,-THoVjtIkeU,2,I think social justice is extremely important for young people.,35a6c2464ffd68dd96411edb5dc2763f0efb59f264c1d8b737e616fa6b0d1d5b,1,1,1,1,unknown,1,1,1,unknown,unverified,UNCERTAIN_REVIEW,0,0,"{""count"":10,""min"":0.445708304643631,""median"":0.9795109033584595,""mean"":0.9071817010641098,""lt_0_1_count"":0,""lt_0_01_count"":0}",10,10,completed,1,pending,,CLOSE_BY_HEURISTIC,0.0, I think social justice is extremely important for young people.,0.08156112646909157,0.4699326157569885,128,128,1.0,0.0,4.230875,0.0,4.266666666666667,4.230875,,Human transcript/audio content review is pending; ASR and alignment scores are diagnostic only.
-THoVjtIkeU$_$6,-THoVjtIkeU,6,"You know that I think listening to young people, taking in what they have to say because what we have seen all around the world is the power of youth.",efaa55ee6394032c867046690a92c29edfd825005f0a090cca5ccb763b227f64,1,1,1,1,unknown,1,1,1,unknown,unverified,UNCERTAIN_REVIEW,1,0,"{""count"":30,""min"":0.001641159993596375,""median"":0.9524120688438416,""mean"":0.7489448847287955,""lt_0_1_count"":2,""lt_0_01_count"":1}",29,30,completed,1,pending,,CLOSE_BY_HEURISTIC,0.1," You know, I think that listening to young people, taking in what they have to say, because what we've seen all around the world is the power of youth.",0.09140305139088328,0.5886472463607788,241,240,0.995850622406639,0.0,7.982875,0.0,8.066666666666666,7.982875,ZERO_DURATION_WORD,Human transcript/audio content review is pending; ASR and alignment scores are diagnostic only.
-UUCSKoHeMA$_$0,-UUCSKoHeMA,0,"I mentioned a word in the last clip called 'monotone', and I want to talk about that briefly.",3f9792888ec8e969f61cfb6cb4de7bdf7ef8944afe0a9d2a9d13586e1f13b898,1,1,1,1,unknown,0,0,1,unknown,unverified,UNCERTAIN_REVIEW,0,0,"{""count"":18,""min"":0.029396764934062958,""median"":0.9293424785137177,""mean"":0.8206892567790217,""lt_0_1_count"":1,""lt_0_01_count"":0}",18,18,completed,1,pending,,CLOSE_BY_HEURISTIC,0.05555555555555555," Okay, I mentioned a word in the last clip called monotone and I want to talk about that briefly.",0.03065853631460318,0.3337041139602661,234,0,0.0,0.0,7.73225,0.0,7.866666666666666,7.73225,NO_USABLE_FACE_FEATURE,Frozen MediaPipe returned no usable face blendshape set; source video remains present. Human transcript/audio content review is pending; ASR and alignment scores are diagnostic only.
-UacrmKiTn4$_$10,-UacrmKiTn4,10,"Because, if they are not in any way held accountable for reading the material they won't do it.",00312e0602dbeac970de5d7dd0e8a970e514fe45d7fe6625b4f454b299e36360,1,1,1,1,unknown,0,0,1,unknown,unverified,UNCERTAIN_REVIEW,1,0,"{""count"":18,""min"":0.04555255174636841,""median"":0.9524757266044617,""mean"":0.8103324236969153,""lt_0_1_count"":2,""lt_0_01_count"":0}",17,18,completed,1,pending,,CLOSE_BY_HEURISTIC,0.10526315789473684," reading it because if they are not in any way held accountable for reading the material, they won't do it.",0.03595345998359772,0.23898254334926605,218,0,0.0,0.0,7.2420625,0.0,7.333333333333333,7.2420625,ZERO_DURATION_WORD;NO_USABLE_FACE_FEATURE,Frozen MediaPipe returned no usable face blendshape set; source video remains present. Human transcript/audio content review is pending; ASR and alignment scores are diagnostic only.
-UacrmKiTn4$_$4,-UacrmKiTn4,4,Just given to their own devices they are not going to read the textbook.,a7f2ab0d6ee2e2a2d5cd4239f03e6cac67c618ddb744891323df3ff87e29af84,1,1,1,1,unknown,0,0,1,unknown,unverified,UNCERTAIN_REVIEW,0,0,"{""count"":14,""min"":0.04974812641739845,""median"":0.9818229079246521,""mean"":0.8196953878338847,""lt_0_1_count"":1,""lt_0_01_count"":0}",14,14,completed,1,pending,,CLOSE_BY_HEURISTIC,0.0, just given to their own devices. They are not going to read the textbook.,0.036129420886220724,0.3695080280303955,142,0,0.0,0.0,4.6819375,0.0,4.733333333333333,4.6819375,NO_USABLE_FACE_FEATURE,Frozen MediaPipe returned no usable face blendshape set; source video remains present. Human transcript/audio content review is pending; ASR and alignment scores are diagnostic only.
-UuX1xuaiiE$_$0,-UuX1xuaiiE,0,^it's amazing to see their enthusiasm and their passion,f578b305d53bc152702f5e771de0fcd12d1e9aaefc5cefce3d2082a417aab7c8,1,1,1,1,1,1,1,1,confirmed_match,word_valid,TRI_MODAL_WORD_VALID,0,0,"{""count"":9,""min"":0.3177326155289393,""median"":0.9895289540290833,""mean"":0.8557930205992458,""lt_0_1_count"":0,""lt_0_01_count"":0}",9,9,completed,0,confirmed_match,prefreeze_transcript_audio_2026-09-24/human_review.json,CLOSE_BY_HEURISTIC,0.0, It's amazing to see their enthusiasm and their passion.,0.06257813549623599,0.4753493368625641,109,54,0.4954128440366973,0.0,3.575875,0.0,3.6999999999999997,3.575875,,
-UuX1xuaiiE$_$1,-UuX1xuaiiE,1,^And all of them are really being able to explore ^these different areas in depth ^in a way that really wasn't available ^before the center was here,d5bbda38fcec15817d2b87bab5dcc559d6d425f7d28a82e6c32d13f14b48650c,1,1,1,1,unknown,1,1,1,unknown,unverified,UNCERTAIN_REVIEW,0,0,"{""count"":27,""min"":0.12552718599363288,""median"":0.9749183654785156,""mean"":0.8594274655277803,""lt_0_1_count"":0,""lt_0_01_count"":0}",27,27,completed,1,pending,,CLOSE_BY_HEURISTIC,0.10714285714285714, and all of them are really being able to explore these different areas in depth in a way that really wasn't available before the center was here. The work that,0.07531564981226996,0.9123340845108032,309,14,0.045307443365695796,0.0,10.2675,0.0,10.333333333333334,10.2675,,Human transcript/audio content review is pending; ASR and alignment scores are diagnostic only.
-UuX1xuaiiE$_$3,-UuX1xuaiiE,3,My goal is to become a human rights lawyer,eddb408f25bdc13e6de2fb74caeed709cb7a8f00640e7897135330437f66a2aa,1,1,1,1,unknown,1,1,1,unknown,unverified,UNCERTAIN_REVIEW,0,0,"{""count"":9,""min"":0.28438800573349,""median"":0.9924734830856323,""mean"":0.9137754109170702,""lt_0_1_count"":0,""lt_0_01_count"":0}",9,9,completed,1,pending,,CLOSE_BY_HEURISTIC,0.0, My goal is to become a human rights lawyer.,0.08212891897684067,0.5342822074890137,123,122,0.991869918699187,0.0,4.038375,0.0,4.1,4.038375,,Human transcript/audio content review is pending; ASR and alignment scores are diagnostic only.
-UuX1xuaiiE$_$6,-UuX1xuaiiE,6,"I ended up going to work for the US government as an intelligence analyst, specializing in war crimes and human rights issues",f0131ac00e44410fbd32c547a0d421c2791172434fc0203bb969abe14a530532,1,1,1,1,unknown,1,1,1,unknown,unverified,UNCERTAIN_REVIEW,0,0,"{""count"":22,""min"":0.2100973129272461,""median"":0.9839210510253906,""mean"":0.8848743574185804,""lt_0_1_count"":0,""lt_0_01_count"":0}",22,22,completed,1,pending,,CLOSE_BY_HEURISTIC,0.0, I ended up going to work for the US government as an intelligence analyst specializing in war crimes and human rights issues.,0.06931347390687131,0.6067687273025513,240,239,0.9958333333333333,0.0,7.9438125,0.0,8.1,7.9438125,,Human transcript/audio content review is pending; ASR and alignment scores are diagnostic only.
-a55Q6RWvTA$_$3,-a55Q6RWvTA,3,"And if you clip coupons, if you don't go out for dinner and movies and things of that nature and try to take up things in life that, well, they always say, ""the best things in life are free"". Reading a book, going for a nice walk, and, of course, combining exercise and various things of that nature where you're not spending money per se.",15d029fc15f50b268b98f1e8abc65e45582e638c13a018d7aa74a18373275946,1,1,1,1,unknown,1,1,1,unknown,unverified,UNCERTAIN_REVIEW,1,0,"{""count"":65,""min"":0.031166857108473778,""median"":0.9607633948326111,""mean"":0.8506972870287987,""lt_0_1_count"":1,""lt_0_01_count"":0}",64,65,completed,1,pending,,CLOSE_BY_HEURISTIC,0.014925373134328358," And if you clip coupons, if you don't go out for dinner and movies and things of that nature, and try to take up things in life that well, they always say the best things in life are free. Reading a book, going for a nice walk, and of course combining exercise and various things that nature where you're not spending money per se.",0.12191139767963872,0.7863348722457886,664,664,1.0,0.0,22.0833125,0.0,22.133333333333336,22.0833125,ZERO_DURATION_WORD,Human transcript/audio content review is pending; ASR and alignment scores are diagnostic only.
-aNfi7CP8vM$_$7,-aNfi7CP8vM,7,"Maybe they have no political party affiliation, they're not interested in politics, they could care less about politics.",0b6389f45bb966113c65a11998c6e7facdd24c8c42acf2e8cf32e0f2139402e1,1,1,1,1,1,1,1,1,confirmed_match,word_valid,TRI_MODAL_WORD_VALID,0,0,"{""count"":18,""min"":0.04820636287331581,""median"":0.937097042798996,""mean"":0.8161478591048055,""lt_0_1_count"":1,""lt_0_01_count"":0}",18,18,completed,0,confirmed_match,prefreeze_transcript_audio_2026-09-24/human_review.json,CLOSE_BY_HEURISTIC,0.0, Maybe they have no political party affiliation. They're not interested in politics. They could care less about politics.,0.04931805206438525,0.5365663766860962,257,257,1.0,0.0,8.5376875,0.0,8.666666666666666,8.5376875,,
-aqamKhZ1Ec$_$0,-aqamKhZ1Ec,0,"In 2008, there were very serious tribal warfare in Kenya following a disputed election.",6f6e674bbba4353399e9e7825217f37e6d8ca1adf9675f33cf37106f31c55548,1,1,1,1,unknown,1,1,1,unknown,unverified,UNCERTAIN_REVIEW,2,0,"{""count"":14,""min"":1.1275024007773027e-06,""median"":0.8883397281169891,""mean"":0.7627662235768834,""lt_0_1_count"":2,""lt_0_01_count"":1}",12,14,completed,1,pending,,MODERATE_DISAGREEMENT_REVIEW,0.5714285714285714," In 2008, there were very serious tribal warfare in Kenya, and even as the following disputed elections. And even...",0.018115645557327465,0.1871657818555832,329,329,1.0,0.0,10.8901875,0.0,11.0,10.8901875,ASR_REVIEW_SIGNAL;ZERO_DURATION_WORD,Human transcript/audio content review is pending; ASR and alignment scores are diagnostic only.
-dxfTGcXJoc$_$0,-dxfTGcXJoc,0,"This is Governor Steve Beshear ... About Kentucky Our state is home to more than 1,500 bioscience and lifescience companies and more than 100,000 people who work for these firms, in areas from nutrigenomics and pharmaceuticals to nanotechnology and medical devices.",04bd0be907fb46c613f926fe1b06bc2c3b30881c293156510baa34a4105ade55,1,1,1,1,unknown,1,1,1,unknown,unverified,UNCERTAIN_REVIEW,0,0,"{""count"":40,""min"":0.045284807682037354,""median"":0.9719312191009521,""mean"":0.8621201531398887,""lt_0_1_count"":1,""lt_0_01_count"":0}",40,40,completed,1,pending,,CLOSE_BY_HEURISTIC,0.047619047619047616," This is Governor Steve Beshear about Kentucky. Our state is home to more than 1,500 bioscience and life science companies and more than 100,000 people who work for these firms, in areas from nutrigenomics and pharmaceuticals to nanotechnology and medical devices.",0.07103962965812381,0.6127868890762329,615,479,0.7788617886178861,0.0,20.410375,0.0,20.533333333333335,20.410375,,Human transcript/audio content review is pending; ASR and alignment scores are diagnostic only.
-dxfTGcXJoc$_$1,-dxfTGcXJoc,1,"For the 10th straight year, some of Kentucky’s best and most innovative biotech companies and technologies were on display at the annual BIO International Convention, which I and other state officials attended this week in Chicago.",b5ffdc98a4a98b8f0aae55dee5fed66a43bcb129f47a250a004c1cc74e572595,1,1,1,1,unknown,1,1,1,unknown,unverified,UNCERTAIN_REVIEW,0,0,"{""count"":36,""min"":0.3001216650009155,""median"":0.9316793382167816,""mean"":0.8449995290997031,""lt_0_1_count"":0,""lt_0_01_count"":0}",36,36,completed,1,pending,,CLOSE_BY_HEURISTIC,0.0," For the 10th straight year, some of Kentucky's best and most innovative biotech companies and technologies were on display at the annual BIO International Convention, which I and other state officials attended this week in Chicago.",0.09479235717977304,0.9194031357765198,482,482,1.0,0.0,16.018125,0.0,16.133333333333336,16.018125,,Human transcript/audio content review is pending; ASR and alignment scores are diagnostic only.
-dxfTGcXJoc$_$2,-dxfTGcXJoc,2,"An estimated 20,000 biotech scientists, executives and industry experts from more than 50 nations were at the BIO conference to learn about the latest scientific advances, and to exchange ideas and establish business relationships.",46a5e523b5dd00364c99a3bcbc6fae4c80e1382a84b5b5e681c46eb074ed10f7,1,1,1,1,unknown,1,1,1,unknown,unverified,UNCERTAIN_REVIEW,0,0,"{""count"":34,""min"":0.10939732193946838,""median"":0.9383414834737778,""mean"":0.8247437919033508,""lt_0_1_count"":0,""lt_0_01_count"":0}",34,34,completed,1,pending,,CLOSE_BY_HEURISTIC,0.0," An estimated 20,000 biotech scientists, executives, and industry experts from more than 50 nations were at the Bio Conference to learn about the latest scientific advances and to exchange ideas and establish business relationships.",0.09954609874416859,0.9318382740020752,500,500,1.0,0.0,16.6331875,0.0,16.666666666666668,16.6331875,,Human transcript/audio content review is pending; ASR and alignment scores are diagnostic only.
-dxfTGcXJoc$_$6,-dxfTGcXJoc,6,Kentucky’s participation at the annual BIO International Convention is the primary means by which our high-tech companies and institutions can reach out to the global scientific community.,55c1ff86729ab21da743a5107ed07b220e41b4193cd1c0ba9f009e65c3ab0513,1,1,1,1,unknown,1,1,1,unknown,unverified,UNCERTAIN_REVIEW,0,0,"{""count"":27,""min"":0.2298666437709398,""median"":0.985559344291687,""mean"":0.9029343494763494,""lt_0_1_count"":0,""lt_0_01_count"":0}",27,27,completed,1,pending,,CLOSE_BY_HEURISTIC,0.0, Kentucky's participation at the annual Bio International Convention is the primary means by which our high-tech companies and institutions can reach out to the global scientific community.,0.08683252979513495,0.9218583106994629,381,380,0.9973753280839895,0.0,12.6284375,0.0,12.733333333333333,12.6284375,,Human transcript/audio content review is pending; ASR and alignment scores are diagnostic only.
-egA8-b7-3M$_$1,-egA8-b7-3M,1,I started a successful Legal Nurse Consulting Business in 1989. I mentor nurses who want to become Legal Nurse Consultants.,589a7989b1b4888568c31614a2d6beefba88fb87289c85b94df2d8051500403b,1,1,1,1,unknown,1,1,1,unknown,unverified,UNCERTAIN_REVIEW,2,0,"{""count"":20,""min"":0.039341770112514496,""median"":0.9445277750492096,""mean"":0.7918187222133081,""lt_0_1_count"":1,""lt_0_01_count"":0}",18,20,completed,1,pending,,CLOSE_BY_HEURISTIC,0.05, I have started a successful legal nurse consulting business in 1989. I mentor nurses who want to become legal nurse consultants.,0.048327031000493084,0.26530495285987854,306,306,1.0,0.0,10.15625,0.0,10.233333333333333,10.15625,ZERO_DURATION_WORD,Human transcript/audio content review is pending; ASR and alignment scores are diagnostic only.
-egA8-b7-3M$_$13,-egA8-b7-3M,13,"What are you doing that's different?"" They always want an answer.",cbd627c225ebca37521ae238cb9ec254cad236822f4f37ebfbb039e6c56aea4c,1,1,1,1,unknown,1,1,1,unknown,unverified,UNCERTAIN_REVIEW,0,0,"{""count"":11,""min"":0.07911381870508194,""median"":0.9357832968235016,""mean"":0.8241337837058712,""lt_0_1_count"":1,""lt_0_01_count"":0}",11,11,completed,1,pending,,CLOSE_BY_HEURISTIC,0.0, What are you doing that's different? They always want an answer.,0.04262831724687577,0.24927467107772827,123,123,1.0,0.0,4.023875,0.0,4.166666666666667,4.023875,,Human transcript/audio content review is pending; ASR and alignment scores are diagnostic only.
-egA8-b7-3M$_$16,-egA8-b7-3M,16,"Third, another big benefit of exhibiting is connecting with existing clients.",4c015f85e3bd901ecedde8c0c2ca4a756d9a77dfe4177625c481581f2037ff9c,1,1,1,1,unknown,1,1,1,unknown,unverified,UNCERTAIN_REVIEW,0,0,"{""count"":11,""min"":0.46152587374672294,""median"":0.9597492814064026,""mean"":0.8846540194936097,""lt_0_1_count"":0,""lt_0_01_count"":0}",11,11,completed,1,pending,,CLOSE_BY_HEURISTIC,0.0," Third, another big benefit of exhibiting is connecting with existing clients.",0.04807168891623236,0.2700008451938629,166,166,1.0,0.0,5.483,0.0,5.533333333333333,5.483,,Human transcript/audio content review is pending; ASR and alignment scores are diagnostic only.
-egA8-b7-3M$_$17,-egA8-b7-3M,17,"As you have more experience, you have more times exhibiting, you get to know more people.",f967e81e0edd51c3700671721afb3fbecbbc32652f27d2db40ea444e8d80c68f,1,1,1,1,unknown,1,1,1,unknown,unverified,UNCERTAIN_REVIEW,0,0,"{""count"":16,""min"":0.07514753192663193,""median"":0.9771658480167389,""mean"":0.8348046164028347,""lt_0_1_count"":1,""lt_0_01_count"":0}",16,16,completed,1,pending,,CLOSE_BY_HEURISTIC,0.0," As you have more experience, you have more times exhibiting. You get to know more people.",0.04434374962079625,0.24504904448986053,215,215,1.0,0.0,7.09525,0.0,7.266666666666667,7.09525,,Human transcript/audio content review is pending; ASR and alignment scores are diagnostic only.
-egA8-b7-3M$_$18,-egA8-b7-3M,18,It becomes easier at each one of these conferences to connect with people that you've met or that you're doing business with.,fd4bc95a6adfb16a9588b7ed65cc2812186ce3d607804dc76f4486312951ef90,1,1,1,1,unknown,1,1,1,unknown,unverified,UNCERTAIN_REVIEW,0,0,"{""count"":22,""min"":0.036462828516960144,""median"":0.9846775531768799,""mean"":0.9125528315251524,""lt_0_1_count"":1,""lt_0_01_count"":0}",22,22,completed,1,pending,,CLOSE_BY_HEURISTIC,0.0, It becomes easier at each one of these conferences to connect with people that you've met or that you're doing business with.,0.04630886102346086,0.2563006281852722,250,250,1.0,0.0,8.2656875,0.0,8.366666666666667,8.2656875,,Human transcript/audio content review is pending; ASR and alignment scores are diagnostic only.
-egA8-b7-3M$_$20,-egA8-b7-3M,20,"Now you've got a face that you can connect with a voice, and that makes you closer to that client.",719ef133920e74b3ea33925d2bca0270b062199116867568f88ac83cadcd74e8,1,1,1,1,unknown,1,1,1,unknown,unverified,UNCERTAIN_REVIEW,0,0,"{""count"":20,""min"":0.08424214273691177,""median"":0.985254555940628,""mean"":0.8857076611369848,""lt_0_1_count"":1,""lt_0_01_count"":0}",20,20,completed,1,pending,,CLOSE_BY_HEURISTIC,0.0, Now you've got a face that you can connect with a voice and that makes you closer to that client.,0.03908696045268337,0.26146870851516724,196,196,1.0,0.0,6.4744375,0.0,6.633333333333333,6.4744375,,Human transcript/audio content review is pending; ASR and alignment scores are diagnostic only.
-egA8-b7-3M$_$26,-egA8-b7-3M,26,We're updating it all the time and looking forward to your comments on our videos.,11f78aed680ea9c5862a15e04ff6c1f8776c46d29c98b68d28773ff39d959685,1,1,1,1,unknown,1,1,1,unknown,unverified,UNCERTAIN_REVIEW,0,0,"{""count"":15,""min"":0.4605809170752764,""median"":0.9905648231506348,""mean"":0.9241286914795637,""lt_0_1_count"":0,""lt_0_01_count"":0}",15,15,completed,1,pending,,CLOSE_BY_HEURISTIC,0.0, We're updating it all the time and looking forward to your comments on our videos.,0.043997756899678823,0.24350781738758087,179,179,1.0,0.0,5.9205625,0.0,6.0,5.9205625,,Human transcript/audio content review is pending; ASR and alignment scores are diagnostic only.
-egA8-b7-3M$_$6,-egA8-b7-3M,6,First exhibiting is a wonderful opportunity to network with other legal vendors.,2e88a00d5e55863aa956b4b0949fc0e4f2975ccfd83b3194957f6fca86ecfce0,1,1,1,1,unknown,1,1,1,unknown,unverified,UNCERTAIN_REVIEW,0,0,"{""count"":12,""min"":0.07613417506217957,""median"":0.9812657535076141,""mean"":0.8182077159484228,""lt_0_1_count"":1,""lt_0_01_count"":0}",12,12,completed,1,pending,,CLOSE_BY_HEURISTIC,0.0," First, exhibiting is a wonderful opportunity to network with other legal vendors.",0.043465391957840334,0.2607860863208771,187,187,1.0,0.0,6.183125,0.0,6.233333333333333,6.183125,,Human transcript/audio content review is pending; ASR and alignment scores are diagnostic only.
-egA8-b7-3M$_$9,-egA8-b7-3M,9,"Secondly, another goal of exhibiting  is building your company image.",bcd643f328616312eae9b28e6c9aabbe8acaec3e4c4be58daeb45e3eee4d973c,1,1,1,1,1,1,1,1,confirmed_match,word_valid,TRI_MODAL_WORD_VALID,0,0,"{""count"":10,""min"":0.00044418101242627017,""median"":0.9452998489141464,""mean"":0.7852566241966997,""lt_0_1_count"":1,""lt_0_01_count"":1}",10,10,completed,0,confirmed_match,prefreeze_transcript_audio_2026-09-24/human_review.json,CLOSE_BY_HEURISTIC,0.0," Secondly, another goal of exhibiting is building your company image.",0.04972683503552528,0.2567926049232483,150,150,1.0,0.0,4.936125,0.0,5.066666666666666,4.936125,,
-hnBHBN8p5A$_$6,-hnBHBN8p5A,6,"Discussion, how to discuss ideas and opinions more effectively than a native speaker",997f6808ac3973ddd71800e91c8e10755c10b5037186d84348a79e00d672fdc7,1,1,1,1,unknown,1,1,1,unknown,unverified,UNCERTAIN_REVIEW,6,0,"{""count"":13,""min"":9.157999011222273e-05,""median"":0.00257212296128273,""mean"":0.011751093703891841,""lt_0_1_count"":13,""lt_0_01_count"":9}",7,13,completed,1,pending,,HIGH_DISAGREEMENT_REVIEW,0.9230769230769231, to follow just one vision. I've never wondered how a single brain,0.08975383742487553,0.9799197912216187,153,36,0.23529411764705882,0.0,6.3328125,0.0,6.381366666666667,6.3328125,ASR_REVIEW_SIGNAL;ZERO_DURATION_WORD,Human transcript/audio content review is pending; ASR and alignment scores are diagnostic only.
-hnBHBN8p5A$_$7,-hnBHBN8p5A,7,"Picture this, before we actually start hacking, we’re in a room formal setting",0ec6fb76226315d3fafbb483e3500e60cc8a6729617b10e4b4b76163595080fb,1,1,1,1,unknown,0,0,1,unknown,unverified,UNCERTAIN_REVIEW,7,0,"{""count"":13,""min"":0.0,""median"":0.003778075580143536,""mean"":0.019007944893647714,""lt_0_1_count"":12,""lt_0_01_count"":8}",6,13,completed,1,pending,,HIGH_DISAGREEMENT_REVIEW,1.2142857142857142, the majority of an entire nation to believe and trust his or her words. Isn't that?,0.0783068953190596,0.7873237133026123,176,0,0.0,0.0,7.3085625,0.0,7.3406666666666665,7.3085625,ASR_REVIEW_SIGNAL;ZERO_DURATION_WORD;NO_USABLE_FACE_FEATURE,Frozen MediaPipe returned no usable face blendshape set; source video remains present. Human transcript/audio content review is pending; ASR and alignment scores are diagnostic only.
-iRBcNs9oI8$_$3,-iRBcNs9oI8,3,"Well, it is the secret of power pose",39c547acd1a8da2ebc6c6ab008191a5676420398a974cd9611cad087f0ccec50,1,1,1,1,unknown,0,0,1,unknown,unverified,UNCERTAIN_REVIEW,4,0,"{""count"":8,""min"":2.6300344870833214e-06,""median"":0.017169893719255924,""mean"":0.08518052990820024,""lt_0_1_count"":6,""lt_0_01_count"":3}",4,8,completed,1,pending,,HIGH_DISAGREEMENT_REVIEW,1.75," is going to help you on your tests, such as TOEFL, IELTS, or university.",0.09767385546239762,1.018396019935608,167,0,0.0,0.0,5.53825,0.0,5.6056,5.53825,ASR_REVIEW_SIGNAL;ZERO_DURATION_WORD;NO_USABLE_FACE_FEATURE,Frozen MediaPipe returned no usable face blendshape set; source video remains present. Human transcript/audio content review is pending; ASR and alignment scores are diagnostic only.
-iRBcNs9oI8$_$6,-iRBcNs9oI8,6,What is a power pose,030b0b8d8d4ae47799432ab71b66fcc881f077c5b0feef892c1f146dc0a592e3,1,1,1,1,unknown,0,0,1,unknown,unverified,UNCERTAIN_REVIEW,2,0,"{""count"":5,""min"":8.842627721605822e-06,""median"":0.00020056897483300418,""mean"":0.01428453606349649,""lt_0_1_count"":5,""lt_0_01_count"":3}",3,5,completed,1,pending,,HIGH_DISAGREEMENT_REVIEW,1.8, help you if you have an English job interview.,0.09738378028865924,0.7747135162353516,85,0,0.0,0.0,2.8204375,0.0,2.8695333333333335,2.8204375,ASR_REVIEW_SIGNAL;ZERO_DURATION_WORD;NO_USABLE_FACE_FEATURE,Frozen MediaPipe returned no usable face blendshape set; source video remains present. Human transcript/audio content review is pending; ASR and alignment scores are diagnostic only.
-iRBcNs9oI8$_$7,-iRBcNs9oI8,7,"Well, for starters, let's look at the word ""power""",cc7b1c7a06ec41d72007b5c42fb8036f30b66d5cf76e3f093160c22fc5e38081,1,1,1,1,1,0,0,1,confirmed_mismatch,unavailable,AV_VALID_TEXT_UNALIGNED,4,0,"{""count"":9,""min"":0.0,""median"":0.008914310485124588,""mean"":0.14848332259417577,""lt_0_1_count"":5,""lt_0_01_count"":5}",5,9,completed,0,confirmed_mismatch,additional_controls_2026-09-24/诊断报告.md,HIGH_DISAGREEMENT_REVIEW,1.0, and the secret will also help you if you ever,0.10454904203971555,0.9167193174362183,120,0,0.0,0.0,4.00575,0.0,4.070733333333333,4.00575,HUMAN_CONFIRMED_TEXT_AUDIO_MISMATCH;ASR_REVIEW_SIGNAL;ZERO_DURATION_WORD;NO_USABLE_FACE_FEATURE,Previous user listening found official text inconsistent with actual speech. Frozen MediaPipe returned no usable face blendshape set; source video remains present.
-iRBcNs9oI8$_$8,-iRBcNs9oI8,8,"I've drawn this man here, and if you can tell, he has a lot of big muscles, he looks very strong",72a49e3da2862addcde033bd2fbae957d086533664ca4dcbccd3a851bcd50412,1,1,1,1,unknown,0,0,1,unknown,unverified,UNCERTAIN_REVIEW,9,0,"{""count"":21,""min"":0.0,""median"":0.02600831724703312,""mean"":0.07879145800606716,""lt_0_1_count"":16,""lt_0_01_count"":9}",12,21,completed,1,pending,,HIGH_DISAGREEMENT_REVIEW,1.0454545454545454," ever decide to ask out that special someone. So what is the secret I'm telling you about? Well, it is the secret.",0.10423169430876487,1.1039882898330688,241,0,0.0,0.0,8.0260625,0.0,8.074733333333333,8.0260625,ASR_REVIEW_SIGNAL;ZERO_DURATION_WORD;NO_USABLE_FACE_FEATURE,Frozen MediaPipe returned no usable face blendshape set; source video remains present. Human transcript/audio content review is pending; ASR and alignment scores are diagnostic only.
-iRBcNs9oI8$_$9,-iRBcNs9oI8,9,Power is similar to strength,352bdcc73d3622d6abac1b09f2039b211d15b9bf7acee66f0b07783c9b7a4c74,1,1,1,1,unknown,0,0,1,unknown,unverified,UNCERTAIN_REVIEW,2,0,"{""count"":5,""min"":0.0,""median"":2.8456792279030196e-05,""mean"":0.008079307915977552,""lt_0_1_count"":5,""lt_0_01_count"":4}",3,5,completed,1,pending,,HIGH_DISAGREEMENT_REVIEW,1.0, of power pose.,0.16883957964073706,1.3061777353286743,102,0,0.0,0.0,3.3740625,0.0,3.4034,3.3740625,ASR_REVIEW_SIGNAL;ZERO_DURATION_WORD;NO_USABLE_FACE_FEATURE,Frozen MediaPipe returned no usable face blendshape set; source video remains present. Human transcript/audio content review is pending; ASR and alignment scores are diagnostic only.
-lzEya4AM_4$_$5,-lzEya4AM_4,5,"If it falls into oh any of those three categories, inducing nausea and vomiting would be your next step.",3b74de8d0e66fd754594f05985e5af3480adcc03555f79225d3b727cb4bed043,1,1,1,1,unknown,0,0,1,unknown,unverified,UNCERTAIN_REVIEW,1,0,"{""count"":19,""min"":2.777695954137016e-05,""median"":0.9452539384365082,""mean"":0.7553580392192855,""lt_0_1_count"":3,""lt_0_01_count"":1}",18,19,completed,1,pending,,CLOSE_BY_HEURISTIC,0.05263157894736842," If it falls into any of those three categories, inducing, nausea and vomiting would be your next step.",0.07040603209365437,0.8165898323059082,229,0,0.0,0.0,7.5696875,0.0,7.666666666666667,7.5696875,ZERO_DURATION_WORD;NO_USABLE_FACE_FEATURE,Frozen MediaPipe returned no usable face blendshape set; source video remains present. Human transcript/audio content review is pending; ASR and alignment scores are diagnostic only.
-lzEya4AM_4$_$6,-lzEya4AM_4,6,"If the product or poison is some type of petroleum product or corrosive product, you would not attempt to induce vomiting and nausea, as as the product burned on the way down it could cause damage and burning on the way back up.",ff5da5afb551001d58100ed2471caea51c741046d5396957efbf40082307ca18,1,1,1,1,unknown,0,0,1,unknown,unverified,UNCERTAIN_REVIEW,0,0,"{""count"":43,""min"":0.006177375093102455,""median"":0.9776083827018738,""mean"":0.8723152855107951,""lt_0_1_count"":2,""lt_0_01_count"":1}",43,43,completed,1,pending,,CLOSE_BY_HEURISTIC,0.046511627906976744, If the product or poison is some type of petroleum product or corrosive product You would not attempt to induce vomiting and nausea as it's the product burned on the way down It could cause damage and burning on the way back up,0.06099728885119933,0.7601232528686523,443,0,0.0,0.0,14.740375,0.0,14.766666666666666,14.740375,NO_USABLE_FACE_FEATURE,Frozen MediaPipe returned no usable face blendshape set; source video remains present. Human transcript/audio content review is pending; ASR and alignment scores are diagnostic only.
-mJ2ud6oKI8$_$1,-mJ2ud6oKI8,1,There are a dozen or more hands on techniques that we can do,c8e3acb4ca08679796c4c8cdfcd8c2b3cffc0465015efaffa1eccdb55ff4f45b,1,1,1,1,0,0,0,1,no_speech,clip_only,TRI_MODAL_WITH_AUDIO_CONTENT_INVALID,13,0,"{""count"":13,""min"":0.0,""median"":0.0,""mean"":0.0,""lt_0_1_count"":13,""lt_0_01_count"":13}",0,13,completed,0,confirmed_silent,prefreeze_transcript_audio_2026-09-24/human_review.json,DIGITAL_SILENCE,1.0,,0.0,0.0,182,0,0.0,0.0,6.0545,0.0,6.072733333333334,6.0545,DIGITAL_SILENCE;ZERO_DURATION_WORD;NO_USABLE_FACE_FEATURE,Decoded original audio is exactly zero; the audio stream is present and preserved. Frozen MediaPipe returned no usable face blendshape set; source video remains present.
-mJ2ud6oKI8$_$2,-mJ2ud6oKI8,2,So physical therapists and chiropractors will do joint manipulations and mobilizations,c41790f8b75f886bd1f5d6d72cbab1985306d0b715e5ae47203f3d0c8a3e7b28,1,1,1,1,0,0,0,1,no_speech,clip_only,TRI_MODAL_WITH_AUDIO_CONTENT_INVALID,11,0,"{""count"":11,""min"":0.0,""median"":0.0,""mean"":0.0,""lt_0_1_count"":11,""lt_0_01_count"":11}",0,11,completed,0,confirmed_silent,prefreeze_transcript_audio_2026-09-24/human_review.json,DIGITAL_SILENCE,1.0,,0.0,0.0,171,0,0.0,0.0,5.7016875,0.0,5.7057,5.7016875,DIGITAL_SILENCE;ZERO_DURATION_WORD;NO_USABLE_FACE_FEATURE,Decoded original audio is exactly zero; the audio stream is present and preserved. Frozen MediaPipe returned no usable face blendshape set; source video remains present.
-mJ2ud6oKI8$_$6,-mJ2ud6oKI8,6,They are all very safe,134a3a4ebbc423760133b0da0e90cfe84d75ea85df3968000afd84153c5d828d,1,1,1,1,1,1,1,1,confirmed_mismatch,unavailable,AV_VALID_TEXT_UNALIGNED,0,0,"{""count"":5,""min"":0.00043593437294475734,""median"":0.006236241664737463,""mean"":0.029877942049643023,""lt_0_1_count"":5,""lt_0_01_count"":3}",5,5,completed,0,confirmed_mismatch,editlist_audio_review_2026-09-24/诊断报告.md,HIGH_DISAGREEMENT_REVIEW,1.4, that we all want to approach. Really any.,0.08151045712943973,0.48196977376937866,67,67,1.0,0.0,2.228125,0.0,2.2355666666666667,2.228125,HUMAN_CONFIRMED_TEXT_AUDIO_MISMATCH;ASR_REVIEW_SIGNAL,Previous user listening found official text inconsistent with actual speech.
-mJ2ud6oKI8$_$8,-mJ2ud6oKI8,8,Sometimes we have to stretch that joint that is already irritated,6af6614c9838417a48c4817f4dd5bf1e6669eb5f78f983e9a68adc113fcdc7cc,1,1,1,1,1,1,1,1,confirmed_mismatch,unavailable,AV_VALID_TEXT_UNALIGNED,7,0,"{""count"":11,""min"":0.0,""median"":0.0010263738222420216,""mean"":0.09908608578552958,""lt_0_1_count"":9,""lt_0_01_count"":7}",4,11,completed,0,confirmed_mismatch,prefreeze_transcript_audio_2026-09-24/human_review.json,HIGH_DISAGREEMENT_REVIEW,1.2727272727272727," We want to evaluate them, you know, give them a full thorough evaluation to find.",0.08267942374887456,0.5928847193717957,125,125,1.0,0.0,4.171375,0.0,4.170833333333333,4.170833333333333,HUMAN_CONFIRMED_TEXT_AUDIO_MISMATCH;ASR_REVIEW_SIGNAL;ZERO_DURATION_WORD,Previous user listening found official text inconsistent with actual speech.
-mJ2ud6oKI8$_$9,-mJ2ud6oKI8,9,"It's safe and the person will feel better later on, but it's sort of like flossing your teeth for the first time",df3442f3ed8f894b507923e87e426ae9636790a4a502d00c350a215270cc3e47,1,1,1,1,1,1,1,1,confirmed_mismatch,unavailable,AV_VALID_TEXT_UNALIGNED,13,0,"{""count"":22,""min"":0.0,""median"":0.00943117612041533,""mean"":0.10709932484816377,""lt_0_1_count"":16,""lt_0_01_count"":11}",9,22,completed,0,confirmed_mismatch,prefreeze_transcript_audio_2026-09-24/human_review.json,HIGH_DISAGREEMENT_REVIEW,0.9583333333333334," to find out because you might have hip-hop arthritis, but you could also have other dysfunctions around your...",0.0686125817852224,0.5233227014541626,208,207,0.9951923076923077,0.0,6.90875,0.0,7.007,6.90875,HUMAN_CONFIRMED_TEXT_AUDIO_MISMATCH;ASR_REVIEW_SIGNAL;ZERO_DURATION_WORD,Previous user listening found official text inconsistent with actual speech.
-mqbVkbCndg$_$0,-mqbVkbCndg,0,"How, at a particular moment in time—our moment in time—are they limited",cdeba953bba30907814acf72f3e35582dec263eaa25bdd922dad7fafe02e4dda,1,1,1,1,unknown,1,1,1,unknown,unverified,UNCERTAIN_REVIEW,0,0,"{""count"":12,""min"":0.35432427283376455,""median"":0.9715582430362701,""mean"":0.8488854914418577,""lt_0_1_count"":0,""lt_0_01_count"":0}",12,12,completed,1,pending,,CLOSE_BY_HEURISTIC,0.0," How, at a particular moment in time, our moment in time, are they limited?",0.20779236173505586,1.294559121131897,194,194,1.0,0.0,6.3855,0.0,6.5,6.3855,,Human transcript/audio content review is pending; ASR and alignment scores are diagnostic only.
-qDkUB0GgYY$_$6,-qDkUB0GgYY,6,"We always love to hear what you say, and like and share this video as well.",ab19bf4a761d3919b7113b1104ccaadbbf0c4e7b45694904d094280a2c329c8b,1,1,1,1,unknown,0,0,1,unknown,unverified,UNCERTAIN_REVIEW,0,0,"{""count"":16,""min"":0.02550288662314415,""median"":0.9312506318092346,""mean"":0.7833915353403427,""lt_0_1_count"":2,""lt_0_01_count"":0}",16,16,completed,1,pending,,MODERATE_DISAGREEMENT_REVIEW,0.3125, with us. We always love to hear what you have to say and like and share this video as well. And.,0.03136227444168248,0.26369351148605347,140,0,0.0,0.0,4.6146875,0.0,4.666666666666667,4.6146875,ASR_REVIEW_SIGNAL;NO_USABLE_FACE_FEATURE,Frozen MediaPipe returned no usable face blendshape set; source video remains present. Human transcript/audio content review is pending; ASR and alignment scores are diagnostic only.
-ri04Z7vwnc$_$0,-ri04Z7vwnc,0,going to get married or are already married,93021c70c8fad20ad3fded80e7fc790a2f9c96835de58a3b694c6906de42684b,1,1,1,1,unknown,0,0,1,unknown,unverified,UNCERTAIN_REVIEW,5,0,"{""count"":8,""min"":0.0,""median"":1.7269816453335807e-05,""mean"":0.054169808444385126,""lt_0_1_count"":7,""lt_0_01_count"":6}",3,8,completed,1,pending,,ASR_EMPTY_REVIEW,1.0,,0.2507991654266274,1.0767295360565186,67,0,0.0,0.0,2.76325,0.0,2.7944666666666667,2.76325,ASR_REVIEW_SIGNAL;ZERO_DURATION_WORD;NO_USABLE_FACE_FEATURE,Frozen MediaPipe returned no usable face blendshape set; source video remains present. Human transcript/audio content review is pending; ASR and alignment scores are diagnostic only.
-ri04Z7vwnc$_$2,-ri04Z7vwnc,2,"most people think it'll sort itself out, ""we'll discuss it later,"" it's not something too important",f5993ce3a6ee56298462c08692a96f78c7d914d7264257ed401de7d6e17fd148,1,1,1,1,unknown,1,1,1,unknown,unverified,UNCERTAIN_REVIEW,9,0,"{""count"":16,""min"":4.188116804471065e-07,""median"":0.031326983124017715,""mean"":0.06216337976004027,""lt_0_1_count"":12,""lt_0_01_count"":6}",7,16,completed,1,pending,,HIGH_DISAGREEMENT_REVIEW,1.0," Hi, I'm Ajanta.",0.2410010538174694,1.1896147727966309,143,50,0.34965034965034963,0.0,5.913375,0.0,6.005988888888888,5.913375,ASR_REVIEW_SIGNAL;ZERO_DURATION_WORD,Human transcript/audio content review is pending; ASR and alignment scores are diagnostic only.
-ri04Z7vwnc$_$5,-ri04Z7vwnc,5,""" So I think it's important to discuss finances",2a5e4319bf592a18c8eb5117f7c7ec30c6c79528f9eac9fe4fb85bf70f277736,1,1,1,1,unknown,1,1,1,unknown,unverified,UNCERTAIN_REVIEW,3,0,"{""count"":8,""min"":0.0,""median"":0.013842426626069937,""mean"":0.06954853618844936,""lt_0_1_count"":7,""lt_0_01_count"":4}",5,8,completed,1,pending,,HIGH_DISAGREEMENT_REVIEW,1.5555555555555556," and a lot of people who are working, you know, money is very important.",0.059365655826737584,0.3576313257217407,83,83,1.0,0.0,3.43975,0.0,3.5035000000000003,3.43975,ASR_REVIEW_SIGNAL;ZERO_DURATION_WORD,Human transcript/audio content review is pending; ASR and alignment scores are diagnostic only.
-s9qJ7ATP7w$_$0,-s9qJ7ATP7w,0,"they have doubt, they have fear, they lose in a Ferrari race, or they lose in a race, and then they just give up",f2324dbc6debe0d1e4254e6f943523373e3cbb30d8d0555413ce3a7b370a4af5,1,1,1,1,unknown,1,1,1,unknown,unverified,UNCERTAIN_REVIEW,1,0,"{""count"":24,""min"":0.06267719715833664,""median"":0.9226406812667847,""mean"":0.8067410485818982,""lt_0_1_count"":1,""lt_0_01_count"":0}",23,24,completed,1,pending,,CLOSE_BY_HEURISTIC,0.16666666666666666," They have doubt, they have fear. They're losing a Ferrari race or they're losing a race, and then they just give up.",0.12807157722397766,1.339386224746704,204,204,1.0,0.0,6.7105625,0.0,6.866666666666666,6.7105625,ZERO_DURATION_WORD,Human transcript/audio content review is pending; ASR and alignment scores are diagnostic only.
-s9qJ7ATP7w$_$1,-s9qJ7ATP7w,1,"But the hardest thing in life to learn, is to lose",a33e8f82a185bcb7648b523927308cdc2142e3076479ba2b45cd0e828636fc09,1,1,1,1,unknown,1,1,1,unknown,unverified,UNCERTAIN_REVIEW,1,0,"{""count"":11,""min"":0.0005188968498259783,""median"":0.9764837622642517,""mean"":0.8082356376107782,""lt_0_1_count"":1,""lt_0_01_count"":1}",10,11,completed,1,pending,,MODERATE_DISAGREEMENT_REVIEW,0.36363636363636365, The hardest thing in life to learn is to lose. Winning's easy.,0.11926624025447326,1.338340401649475,140,140,1.0,0.0,4.6438125,0.0,4.766666666666667,4.6438125,ASR_REVIEW_SIGNAL;ZERO_DURATION_WORD,Human transcript/audio content review is pending; ASR and alignment scores are diagnostic only.
-s9qJ7ATP7w$_$4,-s9qJ7ATP7w,4,"I have lost at everything you can imagine, seriously",76e0672ffce5857a789b41fb10606402f7da58c33579b1032a8282f86fb35bc9,1,1,1,1,unknown,1,1,1,unknown,unverified,UNCERTAIN_REVIEW,0,0,"{""count"":9,""min"":0.05467742681503296,""median"":0.6578109264373779,""mean"":0.6714415293600824,""lt_0_1_count"":1,""lt_0_01_count"":0}",9,9,completed,1,pending,,MODERATE_DISAGREEMENT_REVIEW,0.4444444444444444," keep going. I have lost at everything you can imagine. Seriously, we have...",0.14463950915816962,1.329630732536316,129,85,0.6589147286821705,0.0,4.246875,0.0,4.3999999999999995,4.246875,ASR_REVIEW_SIGNAL,Human transcript/audio content review is pending; ASR and alignment scores are diagnostic only.
-s9qJ7ATP7w$_$5,-s9qJ7ATP7w,5,"I have been beat up and put down and everything that can go wrong, has gone wrong for me",bd35eb8de64ce1f8b27921294598f7cf5bb971255738f51d06458c7096c58eae,1,1,1,1,unknown,1,1,1,unknown,unverified,UNCERTAIN_REVIEW,0,0,"{""count"":19,""min"":0.10469219833612442,""median"":0.9794836044311523,""mean"":0.8640868747116703,""lt_0_1_count"":0,""lt_0_01_count"":0}",19,19,completed,1,pending,,CLOSE_BY_HEURISTIC,0.15789473684210525," that we have, I have been beat up and put down and everything that can go wrong has gone wrong for me.",0.1269237867565791,1.1613194942474365,253,253,1.0,0.0,8.397875,0.0,8.533333333333333,8.397875,,Human transcript/audio content review is pending; ASR and alignment scores are diagnostic only.
-s9qJ7ATP7w$_$6,-s9qJ7ATP7w,6,But I just kept going,40b684fd1b4559f0f82e72f9b47f4ce7c5e15059fe8d0d8ab112637cd3386451,1,1,1,1,1,1,1,1,confirmed_match,word_valid,TRI_MODAL_WORD_VALID,0,0,"{""count"":5,""min"":0.1329798698425293,""median"":0.8633596897125244,""mean"":0.7439784526824951,""lt_0_1_count"":0,""lt_0_01_count"":0}",5,5,completed,0,confirmed_match,editlist_audio_review_2026-09-24/诊断报告.md,MODERATE_DISAGREEMENT_REVIEW,0.4, for me but I just kept going.,0.1022993522587554,1.3086721897125244,71,59,0.8309859154929577,0.0,2.3148125,0.0,2.4666666666666663,2.3148125,ASR_REVIEW_SIGNAL,
-s9qJ7ATP7w$_$7,-s9qJ7ATP7w,7,"I used to work for Warren Avis, the guy who started Avis Rent a Car, and he said to me one day, ""Robert, ""what's the purpose of business",5301f4403cf7cd299cc525d2f443392ac70fd70c3c9cd4a09406f2ba4df6734d,1,1,1,1,unknown,1,1,1,unknown,unverified,UNCERTAIN_REVIEW,0,0,"{""count"":28,""min"":0.017845124006271362,""median"":0.9461943209171295,""mean"":0.7751017966906407,""lt_0_1_count"":3,""lt_0_01_count"":0}",28,28,completed,1,pending,,CLOSE_BY_HEURISTIC,0.2413793103448276," I used to work for Warren Avis, the guy who started Avis Renekar and he said to me one day, Robert, what's the purpose of business? And I said, oh.",0.10350459421539694,1.312117099761963,207,118,0.5700483091787439,0.0,6.8385625,0.0,6.933333333333334,6.8385625,,Human transcript/audio content review is pending; ASR and alignment scores are diagnostic only.
-s9qJ7ATP7w$_$8,-s9qJ7ATP7w,8,""" And I said, ""Oh, make a profit, and all these other things",1de4d91bd9d9fb508a3779658747da88460db0bdb1beefe7ea5b2c77edfd2239,1,1,1,1,unknown,1,1,1,unknown,unverified,UNCERTAIN_REVIEW,0,0,"{""count"":12,""min"":0.011154370789881796,""median"":0.9022953510284424,""mean"":0.719891252392295,""lt_0_1_count"":1,""lt_0_01_count"":0}",12,12,completed,1,pending,,MODERATE_DISAGREEMENT_REVIEW,0.4166666666666667," business and I said, oh, make a profit and all these other things and he said, no.",0.13556058438007396,1.331815242767334,97,95,0.979381443298969,0.0,3.18425,0.0,3.2666666666666666,3.18425,ASR_REVIEW_SIGNAL,Human transcript/audio content review is pending; ASR and alignment scores are diagnostic only.
-t217m2on-s$_$2,-t217m2on-s,2,"But a good thing to do is yawning, chewing gum is effective.",6713a983112173204502dc5adbb886bc6c38554b4627698611931420c47663a8,1,1,1,1,unknown,1,1,1,unknown,unverified,UNCERTAIN_REVIEW,0,0,"{""count"":12,""min"":0.035764772444963455,""median"":0.9812699258327484,""mean"":0.8293800891066591,""lt_0_1_count"":1,""lt_0_01_count"":0}",12,12,completed,1,pending,,CLOSE_BY_HEURISTIC,0.0," But a good thing to do is yawning, chewing gum is effective.",0.05520091304106022,0.40912961959838867,170,170,1.0,0.0,5.6301875,0.0,5.666666666666667,5.6301875,,Human transcript/audio content review is pending; ASR and alignment scores are diagnostic only.
-t217m2on-s$_$7,-t217m2on-s,7,"If you find that your ears consistently do this and you can't pop them often, you'll definitely need to see a physician regarding those things, it could be something more of a nasal infection or a sinus infection that he would need to deal with.",41c76b8a733ecb780d56348f55d00f0ba0c07f44f46e93044e62d876710180b7,1,1,1,1,unknown,1,1,1,unknown,unverified,UNCERTAIN_REVIEW,0,0,"{""count"":45,""min"":0.12107313424348831,""median"":0.9848537147045135,""mean"":0.8840985717872779,""lt_0_1_count"":0,""lt_0_01_count"":0}",45,45,completed,1,pending,,CLOSE_BY_HEURISTIC,0.02127659574468085, If you find that your ears persist consistently do this and you can't pop them often You'll definitely need to see a physician Regarding those things it could be something more of a nasal infection or a sinus infection that he would need to deal with,0.03912281558883571,0.40665435791015625,512,512,1.0,0.0,17.026375,0.0,17.166666666666668,17.026375,,Human transcript/audio content review is pending; ASR and alignment scores are diagnostic only.
-tANM6ETl_M$_$3,-tANM6ETl_M,3,"The first place is either you have a prospect, or a customer who's never done it before, or they've never tried it.",6d3af064c060dad3816a9e1dfa00101faebd8b7da7d8ceea85b0bc0fca70abd6,1,1,1,1,unknown,1,1,1,unknown,unverified,UNCERTAIN_REVIEW,2,0,"{""count"":22,""min"":0.029828134924173355,""median"":0.963068962097168,""mean"":0.8088003646328368,""lt_0_1_count"":1,""lt_0_01_count"":0}",20,22,completed,1,pending,,CLOSE_BY_HEURISTIC,0.041666666666666664, The first place is either you have a prospect or a customer who's never done it before. They've never tried it.,0.08410787303994634,0.708234965801239,200,198,0.99,0.0,6.603625,0.0,6.733333333333333,6.603625,ZERO_DURATION_WORD,Human transcript/audio content review is pending; ASR and alignment scores are diagnostic only.
-tPCytz4rww$_$10,-tPCytz4rww,10,Say twenty percent so if you've got a thousand square foot condo.,758183192cbd5f0f20823d26ece3ddee40dec0aadec35247b2495510a53f52f8,1,1,1,1,unknown,1,1,1,unknown,unverified,UNCERTAIN_REVIEW,0,0,"{""count"":12,""min"":0.018050681799650192,""median"":0.9244470298290253,""mean"":0.6899364988009135,""lt_0_1_count"":2,""lt_0_01_count"":0}",12,12,completed,1,pending,,HIGH_DISAGREEMENT_REVIEW,0.5384615384615384," footage say 20%. So if you've got 1000 square foot condo, make sure",0.06938520019624739,0.48125147819519043,142,142,1.0,0.0,4.6788125,0.0,4.766666666666667,4.6788125,ASR_REVIEW_SIGNAL,Human transcript/audio content review is pending; ASR and alignment scores are diagnostic only.
-tPCytz4rww$_$11,-tPCytz4rww,11,"Make sure that your using comps that are not larger, no larger than twelve hundred square feet.",6dc09d02467baaef67594ff32cffb01f8ed1565cda4c5abd161b8261a51e2e5d,1,1,1,1,unknown,1,1,1,unknown,unverified,UNCERTAIN_REVIEW,0,0,"{""count"":17,""min"":0.002796916291117668,""median"":0.789297878742218,""mean"":0.6347518225255258,""lt_0_1_count"":4,""lt_0_01_count"":1}",17,17,completed,1,pending,,MODERATE_DISAGREEMENT_REVIEW,0.5294117647058824, make sure that you're using comps that are no larger than 1200 square feet no less than,0.09369582396404676,0.7352471351623535,164,164,1.0,0.0,5.3785625,0.0,5.466666666666667,5.3785625,ASR_REVIEW_SIGNAL,Human transcript/audio content review is pending; ASR and alignment scores are diagnostic only.
-tPCytz4rww$_$12,-tPCytz4rww,12,"No less than eight hundred squire feet and going to similar in, similar with bedrooms and bathrooms as well and hopefully the complexes have similar amenities.",e3c7f9cd67ad2d20fef997696dc278361f97f027db58762e22104e5720d509d5,1,1,1,1,unknown,1,1,1,unknown,unverified,UNCERTAIN_REVIEW,0,0,"{""count"":26,""min"":0.004273608603398316,""median"":0.9148324728012085,""mean"":0.6373437181973713,""lt_0_1_count"":5,""lt_0_01_count"":3}",26,26,completed,1,pending,,MODERATE_DISAGREEMENT_REVIEW,0.38461538461538464, square feet no less than 800 square feet. They're going to be similar with bedrooms and bathrooms as well. And hopefully the complexes have similar amenities. any.,0.06786935916818845,0.5972799062728882,353,353,1.0,0.0,11.7361875,0.0,11.833333333333334,11.7361875,ASR_REVIEW_SIGNAL,Human transcript/audio content review is pending; ASR and alignment scores are diagnostic only.
-tPCytz4rww$_$16,-tPCytz4rww,16,So make sure to get a through or to do a through cleaning of the property.,8b3f82f9628792eebaf8c227becc2ebeba59bb8abb668bcca86e07fb1a992a93,1,1,1,1,unknown,1,1,1,unknown,unverified,UNCERTAIN_REVIEW,0,0,"{""count"":16,""min"":0.0021939026191830635,""median"":0.9352176785469055,""mean"":0.6865182154579088,""lt_0_1_count"":2,""lt_0_01_count"":2}",16,16,completed,1,pending,,MODERATE_DISAGREEMENT_REVIEW,0.375, So make sure to do a thorough cleaning of the property.,0.08295056493101993,0.6843681931495667,216,216,1.0,0.0,7.1391875,0.0,7.2,7.1391875,ASR_REVIEW_SIGNAL,Human transcript/audio content review is pending; ASR and alignment scores are diagnostic only.
-tPCytz4rww$_$18,-tPCytz4rww,18,Do so and as well you'll also want to remove any clutter from that you've accumulated.,eece70451e9c37a4b5f375bf646f66e09113fe3467f35bf1720cc14d986c1776,1,1,1,1,unknown,1,1,1,unknown,unverified,UNCERTAIN_REVIEW,0,0,"{""count"":16,""min"":0.0009650486754253507,""median"":0.9255369603633881,""mean"":0.7355824079786544,""lt_0_1_count"":2,""lt_0_01_count"":2}",16,16,completed,1,pending,,CLOSE_BY_HEURISTIC,0.2222222222222222," out, do so, and as well you'll also want to remove any clutter from the home that you've accumulated over.",0.08257251834650244,0.7236518263816833,199,199,1.0,0.0,6.5688125,0.0,6.633333333333333,6.5688125,,Human transcript/audio content review is pending; ASR and alignment scores are diagnostic only.
-uywlfIYOS8$_$4,-uywlfIYOS8,4,"And then from a brand point of view, we need to make sure we're driving the relevant insight.",fde46f5222cf5cfec7af9c93214c972ce2d686b0bf9c90a291021601968986f9,1,1,1,1,unknown,1,1,1,unknown,unverified,UNCERTAIN_REVIEW,1,0,"{""count"":18,""min"":0.018865402787923813,""median"":0.8964601755142212,""mean"":0.7830385257386498,""lt_0_1_count"":1,""lt_0_01_count"":0}",17,18,completed,1,pending,,MODERATE_DISAGREEMENT_REVIEW,0.21052631578947367," is not overdeveloped. And then from a brand point of view, we need to make sure that we're driving the relevant insight.",0.05415699096050419,0.38113534450531006,179,179,1.0,0.0,5.881125,0.0,6.033333333333333,5.881125,ASR_REVIEW_SIGNAL;ZERO_DURATION_WORD,Human transcript/audio content review is pending; ASR and alignment scores are diagnostic only.
-vxjVxOeScU$_$4,-vxjVxOeScU,4,"You're going to talk about their life, their marriage and usually how amazing it is that they've stayed together this long.",00282df9a314394f19d616d561bd1916d1d30dca4c814dfb43630ca164f4c719,1,1,1,1,unknown,1,1,1,unknown,unverified,UNCERTAIN_REVIEW,0,0,"{""count"":21,""min"":0.18280838429927826,""median"":0.9497595429420471,""mean"":0.8446834246583638,""lt_0_1_count"":0,""lt_0_01_count"":0}",21,21,completed,1,pending,,CLOSE_BY_HEURISTIC,0.08695652173913043," You're going to talk about their life, their marriage, and usually how amazing it is that they've stayed together this long. Wedding and...",0.0747086198294643,0.5209630727767944,272,272,1.0,0.0,9.0370625,0.0,9.1,9.0370625,,Human transcript/audio content review is pending; ASR and alignment scores are diagnostic only.
-wMB_hJL-3o$_$7,-wMB_hJL-3o,7,So if you have a loved one who is depressed those are some of the things that you should think about doing.,04a73d73fd150b07edab8e652fd14c9cb4a0f6e017ea97b17e8146e377b9fae7,1,1,1,1,unknown,1,1,1,unknown,unverified,UNCERTAIN_REVIEW,0,0,"{""count"":22,""min"":0.15035712718963623,""median"":0.9917980134487152,""mean"":0.8625222146511078,""lt_0_1_count"":0,""lt_0_01_count"":0}",22,22,completed,1,pending,,CLOSE_BY_HEURISTIC,0.0," So, if you have a loved one who is depressed, those are some of the things that you should think about doing.",0.04323594502308458,0.37651991844177246,181,176,0.9723756906077348,0.0,5.9755625,0.0,6.033333333333333,5.9755625,,Human transcript/audio content review is pending; ASR and alignment scores are diagnostic only.
-wny0OAz3g8$_$0,-wny0OAz3g8,0,trade labor unions didn’t allow Black workers to join,1cc21b4432e2f4b592284ee40558a18acc7d208019117aebdb2f6a1b67ea198d,1,1,1,1,unknown,1,1,1,unknown,unverified,UNCERTAIN_REVIEW,0,0,"{""count"":9,""min"":0.04017631709575653,""median"":0.9616115689277649,""mean"":0.6723209136884937,""lt_0_1_count"":1,""lt_0_01_count"":0}",9,9,completed,1,pending,,MODERATE_DISAGREEMENT_REVIEW,0.3, Trade labor unions didn't allow black workers to join. And because they...,0.19126684379715841,1.1865078210830688,100,83,0.83,0.0,3.274,0.0,3.333333333333333,3.274,ASR_REVIEW_SIGNAL,Human transcript/audio content review is pending; ASR and alignment scores are diagnostic only.
-wny0OAz3g8$_$1,-wny0OAz3g8,1,"And because they couldn’t join unions, many Black workers couldn’t get manufacturing or trade work – which paid much better than service work",c5535859f129ce04da5f5b5104d02d4168057b9d947a5349d423278ad4f3d8e8,1,1,1,1,unknown,1,1,1,unknown,unverified,UNCERTAIN_REVIEW,0,0,"{""count"":22,""min"":0.012546069920063019,""median"":0.9357327818870544,""mean"":0.7702973785176421,""lt_0_1_count"":1,""lt_0_01_count"":0}",22,22,completed,1,pending,,CLOSE_BY_HEURISTIC,0.16666666666666666," to join. And because they couldn't join unions, many black workers couldn't get manufacturing or trade work, which paid much better than service work. And because...",0.18032744085285837,1.1937947273254395,205,131,0.6390243902439025,0.0,6.7765625,0.0,6.833333333333333,6.7765625,,Human transcript/audio content review is pending; ASR and alignment scores are diagnostic only.
-wny0OAz3g8$_$2,-wny0OAz3g8,2,"And because they couldn’t get these jobs, Black communities had more men out of work, higher rates of poverty, and more criminal behavior",1825fb37db2e914fb616cd80aebd613afd873eecb7edd4d0b53158bfda0e522a,1,1,1,1,unknown,1,1,1,unknown,unverified,UNCERTAIN_REVIEW,0,0,"{""count"":23,""min"":0.020109811797738075,""median"":0.9567762017250061,""mean"":0.8266535940347824,""lt_0_1_count"":1,""lt_0_01_count"":0}",23,23,completed,1,pending,,HIGH_DISAGREEMENT_REVIEW,5.666666666666667," service were. And because they couldn't get these jobs, black communities had more men out of work, higher rates of poverty, and more criminal behavior. Which then allowed to be a part of the issue. And that's why I'm not a part of the issue. I'm not a part of the issue. I'm not a part of the issue. I'm not a part of the issue. I'm not a part of the issue. I'm not a part of the issue. I'm not a part of the issue. I'm not a part of the issue. I'm not a part of the issue. I'm not a part of the issue. I'm not a part of the issue. I'm not a part of the issue. I'm not a part of the issue. I'm not a part of the issue. I'm not a part of the issue.",0.1780961433472798,1.2553799152374268,197,164,0.8324873096446701,0.0,6.5226875,0.0,6.666666666666667,6.5226875,ASR_REVIEW_SIGNAL,Human transcript/audio content review is pending; ASR and alignment scores are diagnostic only.
-wny0OAz3g8$_$3,-wny0OAz3g8,3,Which then allowed the white workers and unions to justify their decision to not allow black workers into their union,ea917c506bc9fa39460f2b722f7c416f646312bb17cd74baa618905b54837bce,1,1,1,1,unknown,1,1,1,unknown,unverified,UNCERTAIN_REVIEW,0,0,"{""count"":20,""min"":0.0037123430520296097,""median"":0.9793902039527893,""mean"":0.905451222602278,""lt_0_1_count"":1,""lt_0_01_count"":1}",20,20,completed,1,pending,,CLOSE_BY_HEURISTIC,0.15," behavior, which then allowed the white workers and unions to justify their decision to not allow black workers into their union. The prevailing...",0.18511314048366467,1.2370434999465942,184,123,0.6684782608695652,0.0,6.099875,0.0,6.133333333333333,6.099875,,Human transcript/audio content review is pending; ASR and alignment scores are diagnostic only.
-wny0OAz3g8$_$5,-wny0OAz3g8,5,"This is what’s now known as racial formation theory, a theory formalized by modern sociologists Michael Omi and Howard Winant",6c6a8a4cba654b25190ab1793bfae81c3d2159ecd6cbc02d3fcbd598543acce0,1,1,1,1,unknown,1,1,1,unknown,unverified,UNCERTAIN_REVIEW,1,0,"{""count"":20,""min"":0.18271538615226746,""median"":0.8892529010772705,""mean"":0.7844676826383883,""lt_0_1_count"":0,""lt_0_01_count"":0}",19,20,completed,1,pending,,MODERATE_DISAGREEMENT_REVIEW,0.2857142857142857," themselves. This is what's now known as racial formation theory, a theory formalized by modern sociologist Michael Omi and Howard Wannand. Racial formation theory",0.17997461787055843,1.2168076038360596,204,38,0.18627450980392157,0.0,6.7414375,0.0,6.8999999999999995,6.7414375,ASR_REVIEW_SIGNAL;ZERO_DURATION_WORD,Human transcript/audio content review is pending; ASR and alignment scores are diagnostic only.
-wny0OAz3g8$_$7,-wny0OAz3g8,7,Omi and Winant argue that the concept of race came about as a tool to justify and maintain the economic and political power held by those of European descent,cbf9cac1048ce191aef781d0c4563eb97f9f3ddd52eb1f9551fa78d31d70e7cd,1,1,1,1,unknown,1,1,1,unknown,unverified,UNCERTAIN_REVIEW,0,0,"{""count"":29,""min"":0.028918920666910708,""median"":0.9870267510414124,""mean"":0.8962218058335691,""lt_0_1_count"":1,""lt_0_01_count"":0}",29,29,completed,1,pending,,CLOSE_BY_HEURISTIC,0.1724137931034483," forces. Omene, when it argued that the concept of race came about as a tool to justify and maintain the economic and political power held by those of European descent.",0.17774701928062464,1.077629566192627,240,228,0.95,0.0,7.9105,0.0,8.066666666666666,7.9105,,Human transcript/audio content review is pending; ASR and alignment scores are diagnostic only.
-wny0OAz3g8$_$9,-wny0OAz3g8,9,"He explores why Black and White Americans tend to have such different outcomes in terms of income, education, and more",b76f70fe783ee76bf1b637137226c98e67d13a6b15ec725894175b36cd76a136,1,1,1,1,unknown,1,1,1,unknown,unverified,UNCERTAIN_REVIEW,0,0,"{""count"":20,""min"":0.03323668614029884,""median"":0.9642760455608368,""mean"":0.8262670742347836,""lt_0_1_count"":1,""lt_0_01_count"":0}",20,20,completed,1,pending,,CLOSE_BY_HEURISTIC,0.05," Wilson. He explores why black and white Americans tend to have such different outcomes in terms of income, education, and more.",0.1524274564128969,0.8830974698066711,183,173,0.9453551912568307,0.0,6.0435,0.0,6.2,6.0435,,Human transcript/audio content review is pending; ASR and alignment scores are diagnostic only.
-yRb-Jum7EQ$_$1,-yRb-Jum7EQ,1,"it comes with the assistance and agitation of states and regimes, Yesterday Iran announced that it will finance the families of the terrorists and murderers this shows that Iran, even after the nuclear agreement, is continuing to aid terrorism, including Palestinian terrorism, Hezbollah terrorism and its assistance to Hamas.",2f16da1baa8660e5bfc608f5237cdd59725d16e57a19bc02c4556cd2c7129a46,1,1,1,1,unknown,1,1,1,unknown,unverified,UNCERTAIN_REVIEW,8,0,"{""count"":49,""min"":2.886740276153432e-06,""median"":0.01624118722975254,""mean"":0.10543028429776537,""lt_0_1_count"":34,""lt_0_01_count"":23}",41,49,completed,1,pending,,HIGH_DISAGREEMENT_REVIEW,1.7142857142857142, I am very proud of you. I am very proud of you. I am very proud of you. I am very proud of you. I am very proud of you. I am very proud of you. I am very proud of you. I am very proud of you. I am very proud of you. I am very proud of you. I am very proud of you. I am very proud of you. I am very proud of you. I am very proud of you. you Allah Hamas.,0.01673873428518384,0.23467275500297546,875,848,0.9691428571428572,0.0,29.10975,0.0,29.26666666666667,29.10975,ASR_REVIEW_SIGNAL;ZERO_DURATION_WORD,Human transcript/audio content review is pending; ASR and alignment scores are diagnostic only.
-yRb-Jum7EQ$_$5,-yRb-Jum7EQ,5,"Yesterday Eliav Gelman lost his life in another terrorist attack, not by the students of terrorism, but by those who teach terrorism, a Palestinian teacher.",6d6145293cf84d1fc8324dfa8d39465e2d7fc07affb67ff68deeabf6e3c410d9,1,1,1,1,unknown,1,1,1,unknown,unverified,UNCERTAIN_REVIEW,5,0,"{""count"":25,""min"":3.161570475640474e-06,""median"":0.04106997619692265,""mean"":0.10165234478767161,""lt_0_1_count"":15,""lt_0_01_count"":11}",20,25,completed,1,pending,,HIGH_DISAGREEMENT_REVIEW,1.36," I think that we have a good way to do it. We have a lot of media to do, and we have a lot of media to do. We have a lot of media to do.",0.025464446327082554,0.31333595514297485,394,394,1.0,0.0,13.0445625,0.0,13.166666666666666,13.0445625,ASR_REVIEW_SIGNAL;ZERO_DURATION_WORD,Human transcript/audio content review is pending; ASR and alignment scores are diagnostic only.
-yRb-Jum7EQ$_$6,-yRb-Jum7EQ,6,"Therefore, the world needs to stand with Israel against this incitement, which is the number one cause of terrorism.",b51eb9ad06de804934cb6a315de591ba9ff7f8aa71bffff7f8001ab29945d989,1,1,1,1,1,1,1,1,confirmed_mismatch,unavailable,AV_VALID_TEXT_UNALIGNED,7,0,"{""count"":19,""min"":0.0009542256593704224,""median"":0.021209675818681717,""mean"":0.11584078667198028,""lt_0_1_count"":13,""lt_0_01_count"":5}",12,19,completed,0,confirmed_mismatch,additional_controls_2026-09-24/诊断报告.md,HIGH_DISAGREEMENT_REVIEW,1.0, I am not a political expert.,0.02263914376273763,0.20268335938453674,336,336,1.0,0.0,11.2425625,0.0,11.2,11.2,HUMAN_CONFIRMED_TEXT_AUDIO_MISMATCH;ASR_REVIEW_SIGNAL;ZERO_DURATION_WORD,Previous user listening found official text inconsistent with actual speech.
