sample_id,modality,official_seq_index,prior_mapping_status,current_script_immediate_cause,tokenizer_char_offset_candidate_exact,candidate_char_start,candidate_char_end,candidate_token,candidate_raw_text_substring,verified_official_feature_row_mapping,remaining_A_source_provenance_gap
01,text,1,index_only,B_PRECHECK_UNCONDITIONAL_FAIL_CLOSED_INDEX_ONLY_FALLBACK,True,0,9,replacing,Replacing,False,raw_text_to_text_bert_token_offset_candidate_available; continuous_text_feature_row_provenance_not_verified
01,text,2,index_only,B_PRECHECK_UNCONDITIONAL_FAIL_CLOSED_INDEX_ONLY_FALLBACK,True,10,15,these,these,False,raw_text_to_text_bert_token_offset_candidate_available; continuous_text_feature_row_provenance_not_verified
01,text,3,index_only,B_PRECHECK_UNCONDITIONAL_FAIL_CLOSED_INDEX_ONLY_FALLBACK,True,16,20,wear,wear,False,raw_text_to_text_bert_token_offset_candidate_available; continuous_text_feature_row_provenance_not_verified
01,text,4,index_only,B_PRECHECK_UNCONDITIONAL_FAIL_CLOSED_INDEX_ONLY_FALLBACK,True,21,31,components,components,False,raw_text_to_text_bert_token_offset_candidate_available; continuous_text_feature_row_provenance_not_verified
01,text,5,index_only,B_PRECHECK_UNCONDITIONAL_FAIL_CLOSED_INDEX_ONLY_FALLBACK,True,32,36,when,when,False,raw_text_to_text_bert_token_offset_candidate_available; continuous_text_feature_row_provenance_not_verified
01,text,6,index_only,B_PRECHECK_UNCONDITIONAL_FAIL_CLOSED_INDEX_ONLY_FALLBACK,True,37,46,replacing,replacing,False,raw_text_to_text_bert_token_offset_candidate_available; continuous_text_feature_row_provenance_not_verified
01,text,7,index_only,B_PRECHECK_UNCONDITIONAL_FAIL_CLOSED_INDEX_ONLY_FALLBACK,True,47,50,the,the,False,raw_text_to_text_bert_token_offset_candidate_available; continuous_text_feature_row_provenance_not_verified
01,text,8,index_only,B_PRECHECK_UNCONDITIONAL_FAIL_CLOSED_INDEX_ONLY_FALLBACK,True,51,57,timing,timing,False,raw_text_to_text_bert_token_offset_candidate_available; continuous_text_feature_row_provenance_not_verified
01,text,9,index_only,B_PRECHECK_UNCONDITIONAL_FAIL_CLOSED_INDEX_ONLY_FALLBACK,True,58,62,belt,belt,False,raw_text_to_text_bert_token_offset_candidate_available; continuous_text_feature_row_provenance_not_verified
01,text,10,index_only,B_PRECHECK_UNCONDITIONAL_FAIL_CLOSED_INDEX_ONLY_FALLBACK,True,63,65,is,is,False,raw_text_to_text_bert_token_offset_candidate_available; continuous_text_feature_row_provenance_not_verified
01,text,11,index_only,B_PRECHECK_UNCONDITIONAL_FAIL_CLOSED_INDEX_ONLY_FALLBACK,True,66,75,essential,essential,False,raw_text_to_text_bert_token_offset_candidate_available; continuous_text_feature_row_provenance_not_verified
01,text,12,index_only,B_PRECHECK_UNCONDITIONAL_FAIL_CLOSED_INDEX_ONLY_FALLBACK,True,76,78,to,to,False,raw_text_to_text_bert_token_offset_candidate_available; continuous_text_feature_row_provenance_not_verified
01,text,13,index_only,B_PRECHECK_UNCONDITIONAL_FAIL_CLOSED_INDEX_ONLY_FALLBACK,True,79,87,ensuring,ensuring,False,raw_text_to_text_bert_token_offset_candidate_available; continuous_text_feature_row_provenance_not_verified
01,text,14,index_only,B_PRECHECK_UNCONDITIONAL_FAIL_CLOSED_INDEX_ONLY_FALLBACK,True,88,91,the,the,False,raw_text_to_text_bert_token_offset_candidate_available; continuous_text_feature_row_provenance_not_verified
01,text,15,index_only,B_PRECHECK_UNCONDITIONAL_FAIL_CLOSED_INDEX_ONLY_FALLBACK,True,92,95,new,new,False,raw_text_to_text_bert_token_offset_candidate_available; continuous_text_feature_row_provenance_not_verified
01,text,16,index_only,B_PRECHECK_UNCONDITIONAL_FAIL_CLOSED_INDEX_ONLY_FALLBACK,True,96,100,belt,belt,False,raw_text_to_text_bert_token_offset_candidate_available; continuous_text_feature_row_provenance_not_verified
01,text,17,index_only,B_PRECHECK_UNCONDITIONAL_FAIL_CLOSED_INDEX_ONLY_FALLBACK,True,101,109,performs,performs,False,raw_text_to_text_bert_token_offset_candidate_available; continuous_text_feature_row_provenance_not_verified
01,text,18,index_only,B_PRECHECK_UNCONDITIONAL_FAIL_CLOSED_INDEX_ONLY_FALLBACK,True,110,112,to,to,False,raw_text_to_text_bert_token_offset_candidate_available; continuous_text_feature_row_provenance_not_verified
01,text,19,index_only,B_PRECHECK_UNCONDITIONAL_FAIL_CLOSED_INDEX_ONLY_FALLBACK,True,113,116,its,its,False,raw_text_to_text_bert_token_offset_candidate_available; continuous_text_feature_row_provenance_not_verified
01,text,20,index_only,B_PRECHECK_UNCONDITIONAL_FAIL_CLOSED_INDEX_ONLY_FALLBACK,True,117,121,mile,mile,False,raw_text_to_text_bert_token_offset_candidate_available; continuous_text_feature_row_provenance_not_verified
01,text,21,index_only,B_PRECHECK_UNCONDITIONAL_FAIL_CLOSED_INDEX_ONLY_FALLBACK,True,121,124,##age,age,False,raw_text_to_text_bert_token_offset_candidate_available; continuous_text_feature_row_provenance_not_verified
01,text,22,index_only,B_PRECHECK_UNCONDITIONAL_FAIL_CLOSED_INDEX_ONLY_FALLBACK,True,125,137,requirements,requirements,False,raw_text_to_text_bert_token_offset_candidate_available; continuous_text_feature_row_provenance_not_verified
01,audio,1,index_only,B_PRECHECK_UNCONDITIONAL_FAIL_CLOSED_INDEX_ONLY_FALLBACK,NA,,,,,False,PKL_has_no_explicit_per_row_audio_timestamp_or_feature_support_metadata; raw_video_audio_is_present; upstream recovery_not_assessed
01,audio,2,index_only,B_PRECHECK_UNCONDITIONAL_FAIL_CLOSED_INDEX_ONLY_FALLBACK,NA,,,,,False,PKL_has_no_explicit_per_row_audio_timestamp_or_feature_support_metadata; raw_video_audio_is_present; upstream recovery_not_assessed
01,audio,3,index_only,B_PRECHECK_UNCONDITIONAL_FAIL_CLOSED_INDEX_ONLY_FALLBACK,NA,,,,,False,PKL_has_no_explicit_per_row_audio_timestamp_or_feature_support_metadata; raw_video_audio_is_present; upstream recovery_not_assessed
01,audio,4,index_only,B_PRECHECK_UNCONDITIONAL_FAIL_CLOSED_INDEX_ONLY_FALLBACK,NA,,,,,False,PKL_has_no_explicit_per_row_audio_timestamp_or_feature_support_metadata; raw_video_audio_is_present; upstream recovery_not_assessed
01,audio,5,index_only,B_PRECHECK_UNCONDITIONAL_FAIL_CLOSED_INDEX_ONLY_FALLBACK,NA,,,,,False,PKL_has_no_explicit_per_row_audio_timestamp_or_feature_support_metadata; raw_video_audio_is_present; upstream recovery_not_assessed
01,audio,6,index_only,B_PRECHECK_UNCONDITIONAL_FAIL_CLOSED_INDEX_ONLY_FALLBACK,NA,,,,,False,PKL_has_no_explicit_per_row_audio_timestamp_or_feature_support_metadata; raw_video_audio_is_present; upstream recovery_not_assessed
01,audio,7,index_only,B_PRECHECK_UNCONDITIONAL_FAIL_CLOSED_INDEX_ONLY_FALLBACK,NA,,,,,False,PKL_has_no_explicit_per_row_audio_timestamp_or_feature_support_metadata; raw_video_audio_is_present; upstream recovery_not_assessed
01,audio,8,index_only,B_PRECHECK_UNCONDITIONAL_FAIL_CLOSED_INDEX_ONLY_FALLBACK,NA,,,,,False,PKL_has_no_explicit_per_row_audio_timestamp_or_feature_support_metadata; raw_video_audio_is_present; upstream recovery_not_assessed
01,audio,9,index_only,B_PRECHECK_UNCONDITIONAL_FAIL_CLOSED_INDEX_ONLY_FALLBACK,NA,,,,,False,PKL_has_no_explicit_per_row_audio_timestamp_or_feature_support_metadata; raw_video_audio_is_present; upstream recovery_not_assessed
01,audio,10,index_only,B_PRECHECK_UNCONDITIONAL_FAIL_CLOSED_INDEX_ONLY_FALLBACK,NA,,,,,False,PKL_has_no_explicit_per_row_audio_timestamp_or_feature_support_metadata; raw_video_audio_is_present; upstream recovery_not_assessed
01,audio,11,index_only,B_PRECHECK_UNCONDITIONAL_FAIL_CLOSED_INDEX_ONLY_FALLBACK,NA,,,,,False,PKL_has_no_explicit_per_row_audio_timestamp_or_feature_support_metadata; raw_video_audio_is_present; upstream recovery_not_assessed
01,audio,12,index_only,B_PRECHECK_UNCONDITIONAL_FAIL_CLOSED_INDEX_ONLY_FALLBACK,NA,,,,,False,PKL_has_no_explicit_per_row_audio_timestamp_or_feature_support_metadata; raw_video_audio_is_present; upstream recovery_not_assessed
01,audio,13,index_only,B_PRECHECK_UNCONDITIONAL_FAIL_CLOSED_INDEX_ONLY_FALLBACK,NA,,,,,False,PKL_has_no_explicit_per_row_audio_timestamp_or_feature_support_metadata; raw_video_audio_is_present; upstream recovery_not_assessed
01,audio,14,index_only,B_PRECHECK_UNCONDITIONAL_FAIL_CLOSED_INDEX_ONLY_FALLBACK,NA,,,,,False,PKL_has_no_explicit_per_row_audio_timestamp_or_feature_support_metadata; raw_video_audio_is_present; upstream recovery_not_assessed
01,audio,15,index_only,B_PRECHECK_UNCONDITIONAL_FAIL_CLOSED_INDEX_ONLY_FALLBACK,NA,,,,,False,PKL_has_no_explicit_per_row_audio_timestamp_or_feature_support_metadata; raw_video_audio_is_present; upstream recovery_not_assessed
01,audio,16,index_only,B_PRECHECK_UNCONDITIONAL_FAIL_CLOSED_INDEX_ONLY_FALLBACK,NA,,,,,False,PKL_has_no_explicit_per_row_audio_timestamp_or_feature_support_metadata; raw_video_audio_is_present; upstream recovery_not_assessed
01,audio,17,index_only,B_PRECHECK_UNCONDITIONAL_FAIL_CLOSED_INDEX_ONLY_FALLBACK,NA,,,,,False,PKL_has_no_explicit_per_row_audio_timestamp_or_feature_support_metadata; raw_video_audio_is_present; upstream recovery_not_assessed
01,audio,18,index_only,B_PRECHECK_UNCONDITIONAL_FAIL_CLOSED_INDEX_ONLY_FALLBACK,NA,,,,,False,PKL_has_no_explicit_per_row_audio_timestamp_or_feature_support_metadata; raw_video_audio_is_present; upstream recovery_not_assessed
01,audio,19,index_only,B_PRECHECK_UNCONDITIONAL_FAIL_CLOSED_INDEX_ONLY_FALLBACK,NA,,,,,False,PKL_has_no_explicit_per_row_audio_timestamp_or_feature_support_metadata; raw_video_audio_is_present; upstream recovery_not_assessed
01,audio,20,index_only,B_PRECHECK_UNCONDITIONAL_FAIL_CLOSED_INDEX_ONLY_FALLBACK,NA,,,,,False,PKL_has_no_explicit_per_row_audio_timestamp_or_feature_support_metadata; raw_video_audio_is_present; upstream recovery_not_assessed
01,audio,21,index_only,B_PRECHECK_UNCONDITIONAL_FAIL_CLOSED_INDEX_ONLY_FALLBACK,NA,,,,,False,PKL_has_no_explicit_per_row_audio_timestamp_or_feature_support_metadata; raw_video_audio_is_present; upstream recovery_not_assessed
01,audio,22,index_only,B_PRECHECK_UNCONDITIONAL_FAIL_CLOSED_INDEX_ONLY_FALLBACK,NA,,,,,False,PKL_has_no_explicit_per_row_audio_timestamp_or_feature_support_metadata; raw_video_audio_is_present; upstream recovery_not_assessed
01,vision,1,index_only,B_PRECHECK_UNCONDITIONAL_FAIL_CLOSED_INDEX_ONLY_FALLBACK,NA,,,,,False,PKL_has_no_explicit_per_row_video_PTS_or_feature_support_metadata; raw_video_is_present; upstream recovery_not_assessed
01,vision,2,index_only,B_PRECHECK_UNCONDITIONAL_FAIL_CLOSED_INDEX_ONLY_FALLBACK,NA,,,,,False,PKL_has_no_explicit_per_row_video_PTS_or_feature_support_metadata; raw_video_is_present; upstream recovery_not_assessed
01,vision,3,index_only,B_PRECHECK_UNCONDITIONAL_FAIL_CLOSED_INDEX_ONLY_FALLBACK,NA,,,,,False,PKL_has_no_explicit_per_row_video_PTS_or_feature_support_metadata; raw_video_is_present; upstream recovery_not_assessed
01,vision,4,index_only,B_PRECHECK_UNCONDITIONAL_FAIL_CLOSED_INDEX_ONLY_FALLBACK,NA,,,,,False,PKL_has_no_explicit_per_row_video_PTS_or_feature_support_metadata; raw_video_is_present; upstream recovery_not_assessed
01,vision,5,index_only,B_PRECHECK_UNCONDITIONAL_FAIL_CLOSED_INDEX_ONLY_FALLBACK,NA,,,,,False,PKL_has_no_explicit_per_row_video_PTS_or_feature_support_metadata; raw_video_is_present; upstream recovery_not_assessed
01,vision,6,index_only,B_PRECHECK_UNCONDITIONAL_FAIL_CLOSED_INDEX_ONLY_FALLBACK,NA,,,,,False,PKL_has_no_explicit_per_row_video_PTS_or_feature_support_metadata; raw_video_is_present; upstream recovery_not_assessed
01,vision,7,index_only,B_PRECHECK_UNCONDITIONAL_FAIL_CLOSED_INDEX_ONLY_FALLBACK,NA,,,,,False,PKL_has_no_explicit_per_row_video_PTS_or_feature_support_metadata; raw_video_is_present; upstream recovery_not_assessed
01,vision,8,index_only,B_PRECHECK_UNCONDITIONAL_FAIL_CLOSED_INDEX_ONLY_FALLBACK,NA,,,,,False,PKL_has_no_explicit_per_row_video_PTS_or_feature_support_metadata; raw_video_is_present; upstream recovery_not_assessed
01,vision,9,index_only,B_PRECHECK_UNCONDITIONAL_FAIL_CLOSED_INDEX_ONLY_FALLBACK,NA,,,,,False,PKL_has_no_explicit_per_row_video_PTS_or_feature_support_metadata; raw_video_is_present; upstream recovery_not_assessed
01,vision,10,index_only,B_PRECHECK_UNCONDITIONAL_FAIL_CLOSED_INDEX_ONLY_FALLBACK,NA,,,,,False,PKL_has_no_explicit_per_row_video_PTS_or_feature_support_metadata; raw_video_is_present; upstream recovery_not_assessed
01,vision,11,index_only,B_PRECHECK_UNCONDITIONAL_FAIL_CLOSED_INDEX_ONLY_FALLBACK,NA,,,,,False,PKL_has_no_explicit_per_row_video_PTS_or_feature_support_metadata; raw_video_is_present; upstream recovery_not_assessed
01,vision,12,index_only,B_PRECHECK_UNCONDITIONAL_FAIL_CLOSED_INDEX_ONLY_FALLBACK,NA,,,,,False,PKL_has_no_explicit_per_row_video_PTS_or_feature_support_metadata; raw_video_is_present; upstream recovery_not_assessed
01,vision,13,index_only,B_PRECHECK_UNCONDITIONAL_FAIL_CLOSED_INDEX_ONLY_FALLBACK,NA,,,,,False,PKL_has_no_explicit_per_row_video_PTS_or_feature_support_metadata; raw_video_is_present; upstream recovery_not_assessed
01,vision,14,index_only,B_PRECHECK_UNCONDITIONAL_FAIL_CLOSED_INDEX_ONLY_FALLBACK,NA,,,,,False,PKL_has_no_explicit_per_row_video_PTS_or_feature_support_metadata; raw_video_is_present; upstream recovery_not_assessed
01,vision,15,index_only,B_PRECHECK_UNCONDITIONAL_FAIL_CLOSED_INDEX_ONLY_FALLBACK,NA,,,,,False,PKL_has_no_explicit_per_row_video_PTS_or_feature_support_metadata; raw_video_is_present; upstream recovery_not_assessed
01,vision,16,index_only,B_PRECHECK_UNCONDITIONAL_FAIL_CLOSED_INDEX_ONLY_FALLBACK,NA,,,,,False,PKL_has_no_explicit_per_row_video_PTS_or_feature_support_metadata; raw_video_is_present; upstream recovery_not_assessed
01,vision,17,index_only,B_PRECHECK_UNCONDITIONAL_FAIL_CLOSED_INDEX_ONLY_FALLBACK,NA,,,,,False,PKL_has_no_explicit_per_row_video_PTS_or_feature_support_metadata; raw_video_is_present; upstream recovery_not_assessed
01,vision,18,index_only,B_PRECHECK_UNCONDITIONAL_FAIL_CLOSED_INDEX_ONLY_FALLBACK,NA,,,,,False,PKL_has_no_explicit_per_row_video_PTS_or_feature_support_metadata; raw_video_is_present; upstream recovery_not_assessed
01,vision,19,index_only,B_PRECHECK_UNCONDITIONAL_FAIL_CLOSED_INDEX_ONLY_FALLBACK,NA,,,,,False,PKL_has_no_explicit_per_row_video_PTS_or_feature_support_metadata; raw_video_is_present; upstream recovery_not_assessed
01,vision,20,index_only,B_PRECHECK_UNCONDITIONAL_FAIL_CLOSED_INDEX_ONLY_FALLBACK,NA,,,,,False,PKL_has_no_explicit_per_row_video_PTS_or_feature_support_metadata; raw_video_is_present; upstream recovery_not_assessed
01,vision,21,index_only,B_PRECHECK_UNCONDITIONAL_FAIL_CLOSED_INDEX_ONLY_FALLBACK,NA,,,,,False,PKL_has_no_explicit_per_row_video_PTS_or_feature_support_metadata; raw_video_is_present; upstream recovery_not_assessed
01,vision,22,index_only,B_PRECHECK_UNCONDITIONAL_FAIL_CLOSED_INDEX_ONLY_FALLBACK,NA,,,,,False,PKL_has_no_explicit_per_row_video_PTS_or_feature_support_metadata; raw_video_is_present; upstream recovery_not_assessed
13,text,1,index_only,B_PRECHECK_UNCONDITIONAL_FAIL_CLOSED_INDEX_ONLY_FALLBACK,True,0,3,for,For,False,raw_text_to_text_bert_token_offset_candidate_available; continuous_text_feature_row_provenance_not_verified
13,text,2,index_only,B_PRECHECK_UNCONDITIONAL_FAIL_CLOSED_INDEX_ONLY_FALLBACK,True,4,11,example,example,False,raw_text_to_text_bert_token_offset_candidate_available; continuous_text_feature_row_provenance_not_verified
13,text,3,index_only,B_PRECHECK_UNCONDITIONAL_FAIL_CLOSED_INDEX_ONLY_FALLBACK,True,11,12,",",",",False,raw_text_to_text_bert_token_offset_candidate_available; continuous_text_feature_row_provenance_not_verified
13,text,4,index_only,B_PRECHECK_UNCONDITIONAL_FAIL_CLOSED_INDEX_ONLY_FALLBACK,True,13,14,i,I,False,raw_text_to_text_bert_token_offset_candidate_available; continuous_text_feature_row_provenance_not_verified
13,text,5,index_only,B_PRECHECK_UNCONDITIONAL_FAIL_CLOSED_INDEX_ONLY_FALLBACK,True,15,20,could,could,False,raw_text_to_text_bert_token_offset_candidate_available; continuous_text_feature_row_provenance_not_verified
13,text,6,index_only,B_PRECHECK_UNCONDITIONAL_FAIL_CLOSED_INDEX_ONLY_FALLBACK,True,21,25,take,take,False,raw_text_to_text_bert_token_offset_candidate_available; continuous_text_feature_row_provenance_not_verified
13,text,7,index_only,B_PRECHECK_UNCONDITIONAL_FAIL_CLOSED_INDEX_ONLY_FALLBACK,True,26,27,a,a,False,raw_text_to_text_bert_token_offset_candidate_available; continuous_text_feature_row_provenance_not_verified
13,text,8,index_only,B_PRECHECK_UNCONDITIONAL_FAIL_CLOSED_INDEX_ONLY_FALLBACK,True,28,31,set,set,False,raw_text_to_text_bert_token_offset_candidate_available; continuous_text_feature_row_provenance_not_verified
13,text,9,index_only,B_PRECHECK_UNCONDITIONAL_FAIL_CLOSED_INDEX_ONLY_FALLBACK,True,32,34,of,of,False,raw_text_to_text_bert_token_offset_candidate_available; continuous_text_feature_row_provenance_not_verified
13,text,10,index_only,B_PRECHECK_UNCONDITIONAL_FAIL_CLOSED_INDEX_ONLY_FALLBACK,True,35,39,data,data,False,raw_text_to_text_bert_token_offset_candidate_available; continuous_text_feature_row_provenance_not_verified
13,text,11,index_only,B_PRECHECK_UNCONDITIONAL_FAIL_CLOSED_INDEX_ONLY_FALLBACK,True,40,43,and,and,False,raw_text_to_text_bert_token_offset_candidate_available; continuous_text_feature_row_provenance_not_verified
13,text,12,index_only,B_PRECHECK_UNCONDITIONAL_FAIL_CLOSED_INDEX_ONLY_FALLBACK,True,44,48,from,from,False,raw_text_to_text_bert_token_offset_candidate_available; continuous_text_feature_row_provenance_not_verified
13,text,13,index_only,B_PRECHECK_UNCONDITIONAL_FAIL_CLOSED_INDEX_ONLY_FALLBACK,True,49,53,that,that,False,raw_text_to_text_bert_token_offset_candidate_available; continuous_text_feature_row_provenance_not_verified
13,text,14,index_only,B_PRECHECK_UNCONDITIONAL_FAIL_CLOSED_INDEX_ONLY_FALLBACK,True,54,58,data,data,False,raw_text_to_text_bert_token_offset_candidate_available; continuous_text_feature_row_provenance_not_verified
13,text,15,index_only,B_PRECHECK_UNCONDITIONAL_FAIL_CLOSED_INDEX_ONLY_FALLBACK,True,58,59,",",",",False,raw_text_to_text_bert_token_offset_candidate_available; continuous_text_feature_row_provenance_not_verified
13,text,16,index_only,B_PRECHECK_UNCONDITIONAL_FAIL_CLOSED_INDEX_ONLY_FALLBACK,True,60,61,i,I,False,raw_text_to_text_bert_token_offset_candidate_available; continuous_text_feature_row_provenance_not_verified
13,text,17,index_only,B_PRECHECK_UNCONDITIONAL_FAIL_CLOSED_INDEX_ONLY_FALLBACK,True,62,65,can,can,False,raw_text_to_text_bert_token_offset_candidate_available; continuous_text_feature_row_provenance_not_verified
13,text,18,index_only,B_PRECHECK_UNCONDITIONAL_FAIL_CLOSED_INDEX_ONLY_FALLBACK,True,66,70,find,find,False,raw_text_to_text_bert_token_offset_candidate_available; continuous_text_feature_row_provenance_not_verified
13,text,19,index_only,B_PRECHECK_UNCONDITIONAL_FAIL_CLOSED_INDEX_ONLY_FALLBACK,True,71,72,a,a,False,raw_text_to_text_bert_token_offset_candidate_available; continuous_text_feature_row_provenance_not_verified
13,text,20,index_only,B_PRECHECK_UNCONDITIONAL_FAIL_CLOSED_INDEX_ONLY_FALLBACK,True,73,85,relationship,relationship,False,raw_text_to_text_bert_token_offset_candidate_available; continuous_text_feature_row_provenance_not_verified
13,text,21,index_only,B_PRECHECK_UNCONDITIONAL_FAIL_CLOSED_INDEX_ONLY_FALLBACK,True,86,93,between,between,False,raw_text_to_text_bert_token_offset_candidate_available; continuous_text_feature_row_provenance_not_verified
13,text,22,index_only,B_PRECHECK_UNCONDITIONAL_FAIL_CLOSED_INDEX_ONLY_FALLBACK,True,94,97,any,any,False,raw_text_to_text_bert_token_offset_candidate_available; continuous_text_feature_row_provenance_not_verified
13,text,23,index_only,B_PRECHECK_UNCONDITIONAL_FAIL_CLOSED_INDEX_ONLY_FALLBACK,True,98,101,two,two,False,raw_text_to_text_bert_token_offset_candidate_available; continuous_text_feature_row_provenance_not_verified
13,text,24,index_only,B_PRECHECK_UNCONDITIONAL_FAIL_CLOSED_INDEX_ONLY_FALLBACK,True,102,104,of,of,False,raw_text_to_text_bert_token_offset_candidate_available; continuous_text_feature_row_provenance_not_verified
13,text,25,index_only,B_PRECHECK_UNCONDITIONAL_FAIL_CLOSED_INDEX_ONLY_FALLBACK,True,105,108,the,the,False,raw_text_to_text_bert_token_offset_candidate_available; continuous_text_feature_row_provenance_not_verified
13,text,26,index_only,B_PRECHECK_UNCONDITIONAL_FAIL_CLOSED_INDEX_ONLY_FALLBACK,True,109,114,given,given,False,raw_text_to_text_bert_token_offset_candidate_available; continuous_text_feature_row_provenance_not_verified
13,text,27,index_only,B_PRECHECK_UNCONDITIONAL_FAIL_CLOSED_INDEX_ONLY_FALLBACK,True,115,122,factors,factors,False,raw_text_to_text_bert_token_offset_candidate_available; continuous_text_feature_row_provenance_not_verified
13,text,28,index_only,B_PRECHECK_UNCONDITIONAL_FAIL_CLOSED_INDEX_ONLY_FALLBACK,True,123,125,or,or,False,raw_text_to_text_bert_token_offset_candidate_available; continuous_text_feature_row_provenance_not_verified
13,text,29,index_only,B_PRECHECK_UNCONDITIONAL_FAIL_CLOSED_INDEX_ONLY_FALLBACK,True,126,130,more,more,False,raw_text_to_text_bert_token_offset_candidate_available; continuous_text_feature_row_provenance_not_verified
13,text,30,index_only,B_PRECHECK_UNCONDITIONAL_FAIL_CLOSED_INDEX_ONLY_FALLBACK,True,130,131,.,.,False,raw_text_to_text_bert_token_offset_candidate_available; continuous_text_feature_row_provenance_not_verified
13,audio,1,index_only,B_PRECHECK_UNCONDITIONAL_FAIL_CLOSED_INDEX_ONLY_FALLBACK,NA,,,,,False,PKL_has_no_explicit_per_row_audio_timestamp_or_feature_support_metadata; raw_video_audio_is_present; upstream recovery_not_assessed
13,audio,2,index_only,B_PRECHECK_UNCONDITIONAL_FAIL_CLOSED_INDEX_ONLY_FALLBACK,NA,,,,,False,PKL_has_no_explicit_per_row_audio_timestamp_or_feature_support_metadata; raw_video_audio_is_present; upstream recovery_not_assessed
13,audio,3,index_only,B_PRECHECK_UNCONDITIONAL_FAIL_CLOSED_INDEX_ONLY_FALLBACK,NA,,,,,False,PKL_has_no_explicit_per_row_audio_timestamp_or_feature_support_metadata; raw_video_audio_is_present; upstream recovery_not_assessed
13,audio,4,index_only,B_PRECHECK_UNCONDITIONAL_FAIL_CLOSED_INDEX_ONLY_FALLBACK,NA,,,,,False,PKL_has_no_explicit_per_row_audio_timestamp_or_feature_support_metadata; raw_video_audio_is_present; upstream recovery_not_assessed
13,audio,5,index_only,B_PRECHECK_UNCONDITIONAL_FAIL_CLOSED_INDEX_ONLY_FALLBACK,NA,,,,,False,PKL_has_no_explicit_per_row_audio_timestamp_or_feature_support_metadata; raw_video_audio_is_present; upstream recovery_not_assessed
13,audio,6,index_only,B_PRECHECK_UNCONDITIONAL_FAIL_CLOSED_INDEX_ONLY_FALLBACK,NA,,,,,False,PKL_has_no_explicit_per_row_audio_timestamp_or_feature_support_metadata; raw_video_audio_is_present; upstream recovery_not_assessed
13,audio,7,index_only,B_PRECHECK_UNCONDITIONAL_FAIL_CLOSED_INDEX_ONLY_FALLBACK,NA,,,,,False,PKL_has_no_explicit_per_row_audio_timestamp_or_feature_support_metadata; raw_video_audio_is_present; upstream recovery_not_assessed
13,audio,8,index_only,B_PRECHECK_UNCONDITIONAL_FAIL_CLOSED_INDEX_ONLY_FALLBACK,NA,,,,,False,PKL_has_no_explicit_per_row_audio_timestamp_or_feature_support_metadata; raw_video_audio_is_present; upstream recovery_not_assessed
13,audio,9,index_only,B_PRECHECK_UNCONDITIONAL_FAIL_CLOSED_INDEX_ONLY_FALLBACK,NA,,,,,False,PKL_has_no_explicit_per_row_audio_timestamp_or_feature_support_metadata; raw_video_audio_is_present; upstream recovery_not_assessed
13,audio,10,index_only,B_PRECHECK_UNCONDITIONAL_FAIL_CLOSED_INDEX_ONLY_FALLBACK,NA,,,,,False,PKL_has_no_explicit_per_row_audio_timestamp_or_feature_support_metadata; raw_video_audio_is_present; upstream recovery_not_assessed
13,audio,11,index_only,B_PRECHECK_UNCONDITIONAL_FAIL_CLOSED_INDEX_ONLY_FALLBACK,NA,,,,,False,PKL_has_no_explicit_per_row_audio_timestamp_or_feature_support_metadata; raw_video_audio_is_present; upstream recovery_not_assessed
13,audio,12,index_only,B_PRECHECK_UNCONDITIONAL_FAIL_CLOSED_INDEX_ONLY_FALLBACK,NA,,,,,False,PKL_has_no_explicit_per_row_audio_timestamp_or_feature_support_metadata; raw_video_audio_is_present; upstream recovery_not_assessed
13,audio,13,index_only,B_PRECHECK_UNCONDITIONAL_FAIL_CLOSED_INDEX_ONLY_FALLBACK,NA,,,,,False,PKL_has_no_explicit_per_row_audio_timestamp_or_feature_support_metadata; raw_video_audio_is_present; upstream recovery_not_assessed
13,audio,14,index_only,B_PRECHECK_UNCONDITIONAL_FAIL_CLOSED_INDEX_ONLY_FALLBACK,NA,,,,,False,PKL_has_no_explicit_per_row_audio_timestamp_or_feature_support_metadata; raw_video_audio_is_present; upstream recovery_not_assessed
13,audio,15,index_only,B_PRECHECK_UNCONDITIONAL_FAIL_CLOSED_INDEX_ONLY_FALLBACK,NA,,,,,False,PKL_has_no_explicit_per_row_audio_timestamp_or_feature_support_metadata; raw_video_audio_is_present; upstream recovery_not_assessed
13,audio,16,index_only,B_PRECHECK_UNCONDITIONAL_FAIL_CLOSED_INDEX_ONLY_FALLBACK,NA,,,,,False,PKL_has_no_explicit_per_row_audio_timestamp_or_feature_support_metadata; raw_video_audio_is_present; upstream recovery_not_assessed
13,audio,17,index_only,B_PRECHECK_UNCONDITIONAL_FAIL_CLOSED_INDEX_ONLY_FALLBACK,NA,,,,,False,PKL_has_no_explicit_per_row_audio_timestamp_or_feature_support_metadata; raw_video_audio_is_present; upstream recovery_not_assessed
13,audio,18,index_only,B_PRECHECK_UNCONDITIONAL_FAIL_CLOSED_INDEX_ONLY_FALLBACK,NA,,,,,False,PKL_has_no_explicit_per_row_audio_timestamp_or_feature_support_metadata; raw_video_audio_is_present; upstream recovery_not_assessed
13,audio,19,index_only,B_PRECHECK_UNCONDITIONAL_FAIL_CLOSED_INDEX_ONLY_FALLBACK,NA,,,,,False,PKL_has_no_explicit_per_row_audio_timestamp_or_feature_support_metadata; raw_video_audio_is_present; upstream recovery_not_assessed
13,audio,20,index_only,B_PRECHECK_UNCONDITIONAL_FAIL_CLOSED_INDEX_ONLY_FALLBACK,NA,,,,,False,PKL_has_no_explicit_per_row_audio_timestamp_or_feature_support_metadata; raw_video_audio_is_present; upstream recovery_not_assessed
13,audio,21,index_only,B_PRECHECK_UNCONDITIONAL_FAIL_CLOSED_INDEX_ONLY_FALLBACK,NA,,,,,False,PKL_has_no_explicit_per_row_audio_timestamp_or_feature_support_metadata; raw_video_audio_is_present; upstream recovery_not_assessed
13,audio,22,index_only,B_PRECHECK_UNCONDITIONAL_FAIL_CLOSED_INDEX_ONLY_FALLBACK,NA,,,,,False,PKL_has_no_explicit_per_row_audio_timestamp_or_feature_support_metadata; raw_video_audio_is_present; upstream recovery_not_assessed
13,audio,23,index_only,B_PRECHECK_UNCONDITIONAL_FAIL_CLOSED_INDEX_ONLY_FALLBACK,NA,,,,,False,PKL_has_no_explicit_per_row_audio_timestamp_or_feature_support_metadata; raw_video_audio_is_present; upstream recovery_not_assessed
13,audio,24,index_only,B_PRECHECK_UNCONDITIONAL_FAIL_CLOSED_INDEX_ONLY_FALLBACK,NA,,,,,False,PKL_has_no_explicit_per_row_audio_timestamp_or_feature_support_metadata; raw_video_audio_is_present; upstream recovery_not_assessed
13,audio,25,index_only,B_PRECHECK_UNCONDITIONAL_FAIL_CLOSED_INDEX_ONLY_FALLBACK,NA,,,,,False,PKL_has_no_explicit_per_row_audio_timestamp_or_feature_support_metadata; raw_video_audio_is_present; upstream recovery_not_assessed
13,audio,26,index_only,B_PRECHECK_UNCONDITIONAL_FAIL_CLOSED_INDEX_ONLY_FALLBACK,NA,,,,,False,PKL_has_no_explicit_per_row_audio_timestamp_or_feature_support_metadata; raw_video_audio_is_present; upstream recovery_not_assessed
13,audio,27,index_only,B_PRECHECK_UNCONDITIONAL_FAIL_CLOSED_INDEX_ONLY_FALLBACK,NA,,,,,False,PKL_has_no_explicit_per_row_audio_timestamp_or_feature_support_metadata; raw_video_audio_is_present; upstream recovery_not_assessed
13,audio,28,index_only,B_PRECHECK_UNCONDITIONAL_FAIL_CLOSED_INDEX_ONLY_FALLBACK,NA,,,,,False,PKL_has_no_explicit_per_row_audio_timestamp_or_feature_support_metadata; raw_video_audio_is_present; upstream recovery_not_assessed
13,audio,29,index_only,B_PRECHECK_UNCONDITIONAL_FAIL_CLOSED_INDEX_ONLY_FALLBACK,NA,,,,,False,PKL_has_no_explicit_per_row_audio_timestamp_or_feature_support_metadata; raw_video_audio_is_present; upstream recovery_not_assessed
13,audio,30,index_only,B_PRECHECK_UNCONDITIONAL_FAIL_CLOSED_INDEX_ONLY_FALLBACK,NA,,,,,False,PKL_has_no_explicit_per_row_audio_timestamp_or_feature_support_metadata; raw_video_audio_is_present; upstream recovery_not_assessed
13,vision,1,index_only,B_PRECHECK_UNCONDITIONAL_FAIL_CLOSED_INDEX_ONLY_FALLBACK,NA,,,,,False,PKL_has_no_explicit_per_row_video_PTS_or_feature_support_metadata; raw_video_is_present; upstream recovery_not_assessed
13,vision,2,index_only,B_PRECHECK_UNCONDITIONAL_FAIL_CLOSED_INDEX_ONLY_FALLBACK,NA,,,,,False,PKL_has_no_explicit_per_row_video_PTS_or_feature_support_metadata; raw_video_is_present; upstream recovery_not_assessed
13,vision,3,index_only,B_PRECHECK_UNCONDITIONAL_FAIL_CLOSED_INDEX_ONLY_FALLBACK,NA,,,,,False,PKL_has_no_explicit_per_row_video_PTS_or_feature_support_metadata; raw_video_is_present; upstream recovery_not_assessed
13,vision,4,index_only,B_PRECHECK_UNCONDITIONAL_FAIL_CLOSED_INDEX_ONLY_FALLBACK,NA,,,,,False,PKL_has_no_explicit_per_row_video_PTS_or_feature_support_metadata; raw_video_is_present; upstream recovery_not_assessed
13,vision,5,index_only,B_PRECHECK_UNCONDITIONAL_FAIL_CLOSED_INDEX_ONLY_FALLBACK,NA,,,,,False,PKL_has_no_explicit_per_row_video_PTS_or_feature_support_metadata; raw_video_is_present; upstream recovery_not_assessed
13,vision,6,index_only,B_PRECHECK_UNCONDITIONAL_FAIL_CLOSED_INDEX_ONLY_FALLBACK,NA,,,,,False,PKL_has_no_explicit_per_row_video_PTS_or_feature_support_metadata; raw_video_is_present; upstream recovery_not_assessed
13,vision,7,index_only,B_PRECHECK_UNCONDITIONAL_FAIL_CLOSED_INDEX_ONLY_FALLBACK,NA,,,,,False,PKL_has_no_explicit_per_row_video_PTS_or_feature_support_metadata; raw_video_is_present; upstream recovery_not_assessed
13,vision,8,index_only,B_PRECHECK_UNCONDITIONAL_FAIL_CLOSED_INDEX_ONLY_FALLBACK,NA,,,,,False,PKL_has_no_explicit_per_row_video_PTS_or_feature_support_metadata; raw_video_is_present; upstream recovery_not_assessed
13,vision,9,index_only,B_PRECHECK_UNCONDITIONAL_FAIL_CLOSED_INDEX_ONLY_FALLBACK,NA,,,,,False,PKL_has_no_explicit_per_row_video_PTS_or_feature_support_metadata; raw_video_is_present; upstream recovery_not_assessed
13,vision,10,index_only,B_PRECHECK_UNCONDITIONAL_FAIL_CLOSED_INDEX_ONLY_FALLBACK,NA,,,,,False,PKL_has_no_explicit_per_row_video_PTS_or_feature_support_metadata; raw_video_is_present; upstream recovery_not_assessed
13,vision,11,index_only,B_PRECHECK_UNCONDITIONAL_FAIL_CLOSED_INDEX_ONLY_FALLBACK,NA,,,,,False,PKL_has_no_explicit_per_row_video_PTS_or_feature_support_metadata; raw_video_is_present; upstream recovery_not_assessed
13,vision,12,index_only,B_PRECHECK_UNCONDITIONAL_FAIL_CLOSED_INDEX_ONLY_FALLBACK,NA,,,,,False,PKL_has_no_explicit_per_row_video_PTS_or_feature_support_metadata; raw_video_is_present; upstream recovery_not_assessed
13,vision,13,index_only,B_PRECHECK_UNCONDITIONAL_FAIL_CLOSED_INDEX_ONLY_FALLBACK,NA,,,,,False,PKL_has_no_explicit_per_row_video_PTS_or_feature_support_metadata; raw_video_is_present; upstream recovery_not_assessed
13,vision,14,index_only,B_PRECHECK_UNCONDITIONAL_FAIL_CLOSED_INDEX_ONLY_FALLBACK,NA,,,,,False,PKL_has_no_explicit_per_row_video_PTS_or_feature_support_metadata; raw_video_is_present; upstream recovery_not_assessed
13,vision,15,index_only,B_PRECHECK_UNCONDITIONAL_FAIL_CLOSED_INDEX_ONLY_FALLBACK,NA,,,,,False,PKL_has_no_explicit_per_row_video_PTS_or_feature_support_metadata; raw_video_is_present; upstream recovery_not_assessed
13,vision,16,index_only,B_PRECHECK_UNCONDITIONAL_FAIL_CLOSED_INDEX_ONLY_FALLBACK,NA,,,,,False,PKL_has_no_explicit_per_row_video_PTS_or_feature_support_metadata; raw_video_is_present; upstream recovery_not_assessed
13,vision,17,index_only,B_PRECHECK_UNCONDITIONAL_FAIL_CLOSED_INDEX_ONLY_FALLBACK,NA,,,,,False,PKL_has_no_explicit_per_row_video_PTS_or_feature_support_metadata; raw_video_is_present; upstream recovery_not_assessed
13,vision,18,index_only,B_PRECHECK_UNCONDITIONAL_FAIL_CLOSED_INDEX_ONLY_FALLBACK,NA,,,,,False,PKL_has_no_explicit_per_row_video_PTS_or_feature_support_metadata; raw_video_is_present; upstream recovery_not_assessed
13,vision,19,index_only,B_PRECHECK_UNCONDITIONAL_FAIL_CLOSED_INDEX_ONLY_FALLBACK,NA,,,,,False,PKL_has_no_explicit_per_row_video_PTS_or_feature_support_metadata; raw_video_is_present; upstream recovery_not_assessed
13,vision,20,index_only,B_PRECHECK_UNCONDITIONAL_FAIL_CLOSED_INDEX_ONLY_FALLBACK,NA,,,,,False,PKL_has_no_explicit_per_row_video_PTS_or_feature_support_metadata; raw_video_is_present; upstream recovery_not_assessed
13,vision,21,index_only,B_PRECHECK_UNCONDITIONAL_FAIL_CLOSED_INDEX_ONLY_FALLBACK,NA,,,,,False,PKL_has_no_explicit_per_row_video_PTS_or_feature_support_metadata; raw_video_is_present; upstream recovery_not_assessed
13,vision,22,index_only,B_PRECHECK_UNCONDITIONAL_FAIL_CLOSED_INDEX_ONLY_FALLBACK,NA,,,,,False,PKL_has_no_explicit_per_row_video_PTS_or_feature_support_metadata; raw_video_is_present; upstream recovery_not_assessed
13,vision,23,index_only,B_PRECHECK_UNCONDITIONAL_FAIL_CLOSED_INDEX_ONLY_FALLBACK,NA,,,,,False,PKL_has_no_explicit_per_row_video_PTS_or_feature_support_metadata; raw_video_is_present; upstream recovery_not_assessed
13,vision,24,index_only,B_PRECHECK_UNCONDITIONAL_FAIL_CLOSED_INDEX_ONLY_FALLBACK,NA,,,,,False,PKL_has_no_explicit_per_row_video_PTS_or_feature_support_metadata; raw_video_is_present; upstream recovery_not_assessed
13,vision,25,index_only,B_PRECHECK_UNCONDITIONAL_FAIL_CLOSED_INDEX_ONLY_FALLBACK,NA,,,,,False,PKL_has_no_explicit_per_row_video_PTS_or_feature_support_metadata; raw_video_is_present; upstream recovery_not_assessed
13,vision,26,index_only,B_PRECHECK_UNCONDITIONAL_FAIL_CLOSED_INDEX_ONLY_FALLBACK,NA,,,,,False,PKL_has_no_explicit_per_row_video_PTS_or_feature_support_metadata; raw_video_is_present; upstream recovery_not_assessed
13,vision,27,index_only,B_PRECHECK_UNCONDITIONAL_FAIL_CLOSED_INDEX_ONLY_FALLBACK,NA,,,,,False,PKL_has_no_explicit_per_row_video_PTS_or_feature_support_metadata; raw_video_is_present; upstream recovery_not_assessed
13,vision,28,index_only,B_PRECHECK_UNCONDITIONAL_FAIL_CLOSED_INDEX_ONLY_FALLBACK,NA,,,,,False,PKL_has_no_explicit_per_row_video_PTS_or_feature_support_metadata; raw_video_is_present; upstream recovery_not_assessed
13,vision,29,index_only,B_PRECHECK_UNCONDITIONAL_FAIL_CLOSED_INDEX_ONLY_FALLBACK,NA,,,,,False,PKL_has_no_explicit_per_row_video_PTS_or_feature_support_metadata; raw_video_is_present; upstream recovery_not_assessed
13,vision,30,index_only,B_PRECHECK_UNCONDITIONAL_FAIL_CLOSED_INDEX_ONLY_FALLBACK,NA,,,,,False,PKL_has_no_explicit_per_row_video_PTS_or_feature_support_metadata; raw_video_is_present; upstream recovery_not_assessed
20,text,1,index_only,B_PRECHECK_UNCONDITIONAL_FAIL_CLOSED_INDEX_ONLY_FALLBACK,True,0,3,and,And,False,raw_text_to_text_bert_token_offset_candidate_available; continuous_text_feature_row_provenance_not_verified
20,text,2,index_only,B_PRECHECK_UNCONDITIONAL_FAIL_CLOSED_INDEX_ONLY_FALLBACK,True,4,6,of,of,False,raw_text_to_text_bert_token_offset_candidate_available; continuous_text_feature_row_provenance_not_verified
20,text,3,index_only,B_PRECHECK_UNCONDITIONAL_FAIL_CLOSED_INDEX_ONLY_FALLBACK,True,7,13,course,course,False,raw_text_to_text_bert_token_offset_candidate_available; continuous_text_feature_row_provenance_not_verified
20,text,4,index_only,B_PRECHECK_UNCONDITIONAL_FAIL_CLOSED_INDEX_ONLY_FALLBACK,True,13,14,",",",",False,raw_text_to_text_bert_token_offset_candidate_available; continuous_text_feature_row_provenance_not_verified
20,text,5,index_only,B_PRECHECK_UNCONDITIONAL_FAIL_CLOSED_INDEX_ONLY_FALLBACK,True,15,20,click,click,False,raw_text_to_text_bert_token_offset_candidate_available; continuous_text_feature_row_provenance_not_verified
20,text,6,index_only,B_PRECHECK_UNCONDITIONAL_FAIL_CLOSED_INDEX_ONLY_FALLBACK,True,21,23,in,in,False,raw_text_to_text_bert_token_offset_candidate_available; continuous_text_feature_row_provenance_not_verified
20,text,7,index_only,B_PRECHECK_UNCONDITIONAL_FAIL_CLOSED_INDEX_ONLY_FALLBACK,True,24,27,the,the,False,raw_text_to_text_bert_token_offset_candidate_available; continuous_text_feature_row_provenance_not_verified
20,text,8,index_only,B_PRECHECK_UNCONDITIONAL_FAIL_CLOSED_INDEX_ONLY_FALLBACK,True,28,32,link,link,False,raw_text_to_text_bert_token_offset_candidate_available; continuous_text_feature_row_provenance_not_verified
20,text,9,index_only,B_PRECHECK_UNCONDITIONAL_FAIL_CLOSED_INDEX_ONLY_FALLBACK,True,33,35,of,of,False,raw_text_to_text_bert_token_offset_candidate_available; continuous_text_feature_row_provenance_not_verified
20,text,10,index_only,B_PRECHECK_UNCONDITIONAL_FAIL_CLOSED_INDEX_ONLY_FALLBACK,True,36,39,the,the,False,raw_text_to_text_bert_token_offset_candidate_available; continuous_text_feature_row_provenance_not_verified
20,text,11,index_only,B_PRECHECK_UNCONDITIONAL_FAIL_CLOSED_INDEX_ONLY_FALLBACK,True,40,51,description,description,False,raw_text_to_text_bert_token_offset_candidate_available; continuous_text_feature_row_provenance_not_verified
20,text,12,index_only,B_PRECHECK_UNCONDITIONAL_FAIL_CLOSED_INDEX_ONLY_FALLBACK,True,52,54,of,of,False,raw_text_to_text_bert_token_offset_candidate_available; continuous_text_feature_row_provenance_not_verified
20,text,13,index_only,B_PRECHECK_UNCONDITIONAL_FAIL_CLOSED_INDEX_ONLY_FALLBACK,True,55,59,this,this,False,raw_text_to_text_bert_token_offset_candidate_available; continuous_text_feature_row_provenance_not_verified
20,text,14,index_only,B_PRECHECK_UNCONDITIONAL_FAIL_CLOSED_INDEX_ONLY_FALLBACK,True,60,65,video,video,False,raw_text_to_text_bert_token_offset_candidate_available; continuous_text_feature_row_provenance_not_verified
20,text,15,index_only,B_PRECHECK_UNCONDITIONAL_FAIL_CLOSED_INDEX_ONLY_FALLBACK,True,66,69,for,for,False,raw_text_to_text_bert_token_offset_candidate_available; continuous_text_feature_row_provenance_not_verified
20,text,16,index_only,B_PRECHECK_UNCONDITIONAL_FAIL_CLOSED_INDEX_ONLY_FALLBACK,True,70,74,more,more,False,raw_text_to_text_bert_token_offset_candidate_available; continuous_text_feature_row_provenance_not_verified
20,text,17,index_only,B_PRECHECK_UNCONDITIONAL_FAIL_CLOSED_INDEX_ONLY_FALLBACK,True,74,75,",",",",False,raw_text_to_text_bert_token_offset_candidate_available; continuous_text_feature_row_provenance_not_verified
20,text,18,index_only,B_PRECHECK_UNCONDITIONAL_FAIL_CLOSED_INDEX_ONLY_FALLBACK,True,76,79,and,and,False,raw_text_to_text_bert_token_offset_candidate_available; continuous_text_feature_row_provenance_not_verified
20,text,19,index_only,B_PRECHECK_UNCONDITIONAL_FAIL_CLOSED_INDEX_ONLY_FALLBACK,True,80,82,we,we,False,raw_text_to_text_bert_token_offset_candidate_available; continuous_text_feature_row_provenance_not_verified
20,text,20,index_only,B_PRECHECK_UNCONDITIONAL_FAIL_CLOSED_INDEX_ONLY_FALLBACK,True,82,83,',',False,raw_text_to_text_bert_token_offset_candidate_available; continuous_text_feature_row_provenance_not_verified
20,text,21,index_only,B_PRECHECK_UNCONDITIONAL_FAIL_CLOSED_INDEX_ONLY_FALLBACK,True,83,85,ll,ll,False,raw_text_to_text_bert_token_offset_candidate_available; continuous_text_feature_row_provenance_not_verified
20,text,22,index_only,B_PRECHECK_UNCONDITIONAL_FAIL_CLOSED_INDEX_ONLY_FALLBACK,True,86,90,have,have,False,raw_text_to_text_bert_token_offset_candidate_available; continuous_text_feature_row_provenance_not_verified
20,text,23,index_only,B_PRECHECK_UNCONDITIONAL_FAIL_CLOSED_INDEX_ONLY_FALLBACK,True,91,95,more,more,False,raw_text_to_text_bert_token_offset_candidate_available; continuous_text_feature_row_provenance_not_verified
20,text,24,index_only,B_PRECHECK_UNCONDITIONAL_FAIL_CLOSED_INDEX_ONLY_FALLBACK,True,96,100,live,live,False,raw_text_to_text_bert_token_offset_candidate_available; continuous_text_feature_row_provenance_not_verified
20,text,25,index_only,B_PRECHECK_UNCONDITIONAL_FAIL_CLOSED_INDEX_ONLY_FALLBACK,True,101,108,updates,updates,False,raw_text_to_text_bert_token_offset_candidate_available; continuous_text_feature_row_provenance_not_verified
20,text,26,index_only,B_PRECHECK_UNCONDITIONAL_FAIL_CLOSED_INDEX_ONLY_FALLBACK,True,109,112,and,and,False,raw_text_to_text_bert_token_offset_candidate_available; continuous_text_feature_row_provenance_not_verified
20,text,27,index_only,B_PRECHECK_UNCONDITIONAL_FAIL_CLOSED_INDEX_ONLY_FALLBACK,True,113,114,a,a,False,raw_text_to_text_bert_token_offset_candidate_available; continuous_text_feature_row_provenance_not_verified
20,text,28,index_only,B_PRECHECK_UNCONDITIONAL_FAIL_CLOSED_INDEX_ONLY_FALLBACK,True,115,120,stock,stock,False,raw_text_to_text_bert_token_offset_candidate_available; continuous_text_feature_row_provenance_not_verified
20,text,29,index_only,B_PRECHECK_UNCONDITIONAL_FAIL_CLOSED_INDEX_ONLY_FALLBACK,True,121,127,market,market,False,raw_text_to_text_bert_token_offset_candidate_available; continuous_text_feature_row_provenance_not_verified
20,text,30,index_only,B_PRECHECK_UNCONDITIONAL_FAIL_CLOSED_INDEX_ONLY_FALLBACK,True,128,133,video,video,False,raw_text_to_text_bert_token_offset_candidate_available; continuous_text_feature_row_provenance_not_verified
20,text,31,index_only,B_PRECHECK_UNCONDITIONAL_FAIL_CLOSED_INDEX_ONLY_FALLBACK,True,134,135,(,(,False,raw_text_to_text_bert_token_offset_candidate_available; continuous_text_feature_row_provenance_not_verified
20,text,32,index_only,B_PRECHECK_UNCONDITIONAL_FAIL_CLOSED_INDEX_ONLY_FALLBACK,True,135,139,wrap,wrap,False,raw_text_to_text_bert_token_offset_candidate_available; continuous_text_feature_row_provenance_not_verified
20,text,33,index_only,B_PRECHECK_UNCONDITIONAL_FAIL_CLOSED_INDEX_ONLY_FALLBACK,True,139,140,-,-,False,raw_text_to_text_bert_token_offset_candidate_available; continuous_text_feature_row_provenance_not_verified
20,text,34,index_only,B_PRECHECK_UNCONDITIONAL_FAIL_CLOSED_INDEX_ONLY_FALLBACK,True,140,142,up,up,False,raw_text_to_text_bert_token_offset_candidate_available; continuous_text_feature_row_provenance_not_verified
20,text,35,index_only,B_PRECHECK_UNCONDITIONAL_FAIL_CLOSED_INDEX_ONLY_FALLBACK,True,142,143,),),False,raw_text_to_text_bert_token_offset_candidate_available; continuous_text_feature_row_provenance_not_verified
20,text,36,index_only,B_PRECHECK_UNCONDITIONAL_FAIL_CLOSED_INDEX_ONLY_FALLBACK,True,144,146,at,at,False,raw_text_to_text_bert_token_offset_candidate_available; continuous_text_feature_row_provenance_not_verified
20,text,37,index_only,B_PRECHECK_UNCONDITIONAL_FAIL_CLOSED_INDEX_ONLY_FALLBACK,True,147,150,the,the,False,raw_text_to_text_bert_token_offset_candidate_available; continuous_text_feature_row_provenance_not_verified
20,text,38,index_only,B_PRECHECK_UNCONDITIONAL_FAIL_CLOSED_INDEX_ONLY_FALLBACK,True,151,154,end,end,False,raw_text_to_text_bert_token_offset_candidate_available; continuous_text_feature_row_provenance_not_verified
20,text,39,index_only,B_PRECHECK_UNCONDITIONAL_FAIL_CLOSED_INDEX_ONLY_FALLBACK,True,155,157,of,of,False,raw_text_to_text_bert_token_offset_candidate_available; continuous_text_feature_row_provenance_not_verified
20,text,40,index_only,B_PRECHECK_UNCONDITIONAL_FAIL_CLOSED_INDEX_ONLY_FALLBACK,True,158,161,the,the,False,raw_text_to_text_bert_token_offset_candidate_available; continuous_text_feature_row_provenance_not_verified
20,text,41,index_only,B_PRECHECK_UNCONDITIONAL_FAIL_CLOSED_INDEX_ONLY_FALLBACK,True,162,165,day,day,False,raw_text_to_text_bert_token_offset_candidate_available; continuous_text_feature_row_provenance_not_verified
20,text,42,index_only,B_PRECHECK_UNCONDITIONAL_FAIL_CLOSED_INDEX_ONLY_FALLBACK,True,166,171,today,today,False,raw_text_to_text_bert_token_offset_candidate_available; continuous_text_feature_row_provenance_not_verified
20,text,43,index_only,B_PRECHECK_UNCONDITIONAL_FAIL_CLOSED_INDEX_ONLY_FALLBACK,True,171,172,.,.,False,raw_text_to_text_bert_token_offset_candidate_available; continuous_text_feature_row_provenance_not_verified
20,audio,1,index_only,B_PRECHECK_UNCONDITIONAL_FAIL_CLOSED_INDEX_ONLY_FALLBACK,NA,,,,,False,PKL_has_no_explicit_per_row_audio_timestamp_or_feature_support_metadata; raw_video_audio_is_present; upstream recovery_not_assessed
20,audio,2,index_only,B_PRECHECK_UNCONDITIONAL_FAIL_CLOSED_INDEX_ONLY_FALLBACK,NA,,,,,False,PKL_has_no_explicit_per_row_audio_timestamp_or_feature_support_metadata; raw_video_audio_is_present; upstream recovery_not_assessed
20,audio,3,index_only,B_PRECHECK_UNCONDITIONAL_FAIL_CLOSED_INDEX_ONLY_FALLBACK,NA,,,,,False,PKL_has_no_explicit_per_row_audio_timestamp_or_feature_support_metadata; raw_video_audio_is_present; upstream recovery_not_assessed
20,audio,4,index_only,B_PRECHECK_UNCONDITIONAL_FAIL_CLOSED_INDEX_ONLY_FALLBACK,NA,,,,,False,PKL_has_no_explicit_per_row_audio_timestamp_or_feature_support_metadata; raw_video_audio_is_present; upstream recovery_not_assessed
20,audio,5,index_only,B_PRECHECK_UNCONDITIONAL_FAIL_CLOSED_INDEX_ONLY_FALLBACK,NA,,,,,False,PKL_has_no_explicit_per_row_audio_timestamp_or_feature_support_metadata; raw_video_audio_is_present; upstream recovery_not_assessed
20,audio,6,index_only,B_PRECHECK_UNCONDITIONAL_FAIL_CLOSED_INDEX_ONLY_FALLBACK,NA,,,,,False,PKL_has_no_explicit_per_row_audio_timestamp_or_feature_support_metadata; raw_video_audio_is_present; upstream recovery_not_assessed
20,audio,7,index_only,B_PRECHECK_UNCONDITIONAL_FAIL_CLOSED_INDEX_ONLY_FALLBACK,NA,,,,,False,PKL_has_no_explicit_per_row_audio_timestamp_or_feature_support_metadata; raw_video_audio_is_present; upstream recovery_not_assessed
20,audio,8,index_only,B_PRECHECK_UNCONDITIONAL_FAIL_CLOSED_INDEX_ONLY_FALLBACK,NA,,,,,False,PKL_has_no_explicit_per_row_audio_timestamp_or_feature_support_metadata; raw_video_audio_is_present; upstream recovery_not_assessed
20,audio,9,index_only,B_PRECHECK_UNCONDITIONAL_FAIL_CLOSED_INDEX_ONLY_FALLBACK,NA,,,,,False,PKL_has_no_explicit_per_row_audio_timestamp_or_feature_support_metadata; raw_video_audio_is_present; upstream recovery_not_assessed
20,audio,10,index_only,B_PRECHECK_UNCONDITIONAL_FAIL_CLOSED_INDEX_ONLY_FALLBACK,NA,,,,,False,PKL_has_no_explicit_per_row_audio_timestamp_or_feature_support_metadata; raw_video_audio_is_present; upstream recovery_not_assessed
20,audio,11,index_only,B_PRECHECK_UNCONDITIONAL_FAIL_CLOSED_INDEX_ONLY_FALLBACK,NA,,,,,False,PKL_has_no_explicit_per_row_audio_timestamp_or_feature_support_metadata; raw_video_audio_is_present; upstream recovery_not_assessed
20,audio,12,index_only,B_PRECHECK_UNCONDITIONAL_FAIL_CLOSED_INDEX_ONLY_FALLBACK,NA,,,,,False,PKL_has_no_explicit_per_row_audio_timestamp_or_feature_support_metadata; raw_video_audio_is_present; upstream recovery_not_assessed
20,audio,13,index_only,B_PRECHECK_UNCONDITIONAL_FAIL_CLOSED_INDEX_ONLY_FALLBACK,NA,,,,,False,PKL_has_no_explicit_per_row_audio_timestamp_or_feature_support_metadata; raw_video_audio_is_present; upstream recovery_not_assessed
20,audio,14,index_only,B_PRECHECK_UNCONDITIONAL_FAIL_CLOSED_INDEX_ONLY_FALLBACK,NA,,,,,False,PKL_has_no_explicit_per_row_audio_timestamp_or_feature_support_metadata; raw_video_audio_is_present; upstream recovery_not_assessed
20,audio,15,index_only,B_PRECHECK_UNCONDITIONAL_FAIL_CLOSED_INDEX_ONLY_FALLBACK,NA,,,,,False,PKL_has_no_explicit_per_row_audio_timestamp_or_feature_support_metadata; raw_video_audio_is_present; upstream recovery_not_assessed
20,audio,16,index_only,B_PRECHECK_UNCONDITIONAL_FAIL_CLOSED_INDEX_ONLY_FALLBACK,NA,,,,,False,PKL_has_no_explicit_per_row_audio_timestamp_or_feature_support_metadata; raw_video_audio_is_present; upstream recovery_not_assessed
20,audio,17,index_only,B_PRECHECK_UNCONDITIONAL_FAIL_CLOSED_INDEX_ONLY_FALLBACK,NA,,,,,False,PKL_has_no_explicit_per_row_audio_timestamp_or_feature_support_metadata; raw_video_audio_is_present; upstream recovery_not_assessed
20,audio,18,index_only,B_PRECHECK_UNCONDITIONAL_FAIL_CLOSED_INDEX_ONLY_FALLBACK,NA,,,,,False,PKL_has_no_explicit_per_row_audio_timestamp_or_feature_support_metadata; raw_video_audio_is_present; upstream recovery_not_assessed
20,audio,19,index_only,B_PRECHECK_UNCONDITIONAL_FAIL_CLOSED_INDEX_ONLY_FALLBACK,NA,,,,,False,PKL_has_no_explicit_per_row_audio_timestamp_or_feature_support_metadata; raw_video_audio_is_present; upstream recovery_not_assessed
20,audio,20,index_only,B_PRECHECK_UNCONDITIONAL_FAIL_CLOSED_INDEX_ONLY_FALLBACK,NA,,,,,False,PKL_has_no_explicit_per_row_audio_timestamp_or_feature_support_metadata; raw_video_audio_is_present; upstream recovery_not_assessed
20,audio,21,index_only,B_PRECHECK_UNCONDITIONAL_FAIL_CLOSED_INDEX_ONLY_FALLBACK,NA,,,,,False,PKL_has_no_explicit_per_row_audio_timestamp_or_feature_support_metadata; raw_video_audio_is_present; upstream recovery_not_assessed
20,audio,22,index_only,B_PRECHECK_UNCONDITIONAL_FAIL_CLOSED_INDEX_ONLY_FALLBACK,NA,,,,,False,PKL_has_no_explicit_per_row_audio_timestamp_or_feature_support_metadata; raw_video_audio_is_present; upstream recovery_not_assessed
20,audio,23,index_only,B_PRECHECK_UNCONDITIONAL_FAIL_CLOSED_INDEX_ONLY_FALLBACK,NA,,,,,False,PKL_has_no_explicit_per_row_audio_timestamp_or_feature_support_metadata; raw_video_audio_is_present; upstream recovery_not_assessed
20,audio,24,index_only,B_PRECHECK_UNCONDITIONAL_FAIL_CLOSED_INDEX_ONLY_FALLBACK,NA,,,,,False,PKL_has_no_explicit_per_row_audio_timestamp_or_feature_support_metadata; raw_video_audio_is_present; upstream recovery_not_assessed
20,audio,25,index_only,B_PRECHECK_UNCONDITIONAL_FAIL_CLOSED_INDEX_ONLY_FALLBACK,NA,,,,,False,PKL_has_no_explicit_per_row_audio_timestamp_or_feature_support_metadata; raw_video_audio_is_present; upstream recovery_not_assessed
20,audio,26,index_only,B_PRECHECK_UNCONDITIONAL_FAIL_CLOSED_INDEX_ONLY_FALLBACK,NA,,,,,False,PKL_has_no_explicit_per_row_audio_timestamp_or_feature_support_metadata; raw_video_audio_is_present; upstream recovery_not_assessed
20,audio,27,index_only,B_PRECHECK_UNCONDITIONAL_FAIL_CLOSED_INDEX_ONLY_FALLBACK,NA,,,,,False,PKL_has_no_explicit_per_row_audio_timestamp_or_feature_support_metadata; raw_video_audio_is_present; upstream recovery_not_assessed
20,audio,28,index_only,B_PRECHECK_UNCONDITIONAL_FAIL_CLOSED_INDEX_ONLY_FALLBACK,NA,,,,,False,PKL_has_no_explicit_per_row_audio_timestamp_or_feature_support_metadata; raw_video_audio_is_present; upstream recovery_not_assessed
20,audio,29,index_only,B_PRECHECK_UNCONDITIONAL_FAIL_CLOSED_INDEX_ONLY_FALLBACK,NA,,,,,False,PKL_has_no_explicit_per_row_audio_timestamp_or_feature_support_metadata; raw_video_audio_is_present; upstream recovery_not_assessed
20,audio,30,index_only,B_PRECHECK_UNCONDITIONAL_FAIL_CLOSED_INDEX_ONLY_FALLBACK,NA,,,,,False,PKL_has_no_explicit_per_row_audio_timestamp_or_feature_support_metadata; raw_video_audio_is_present; upstream recovery_not_assessed
20,audio,31,index_only,B_PRECHECK_UNCONDITIONAL_FAIL_CLOSED_INDEX_ONLY_FALLBACK,NA,,,,,False,PKL_has_no_explicit_per_row_audio_timestamp_or_feature_support_metadata; raw_video_audio_is_present; upstream recovery_not_assessed
20,audio,32,index_only,B_PRECHECK_UNCONDITIONAL_FAIL_CLOSED_INDEX_ONLY_FALLBACK,NA,,,,,False,PKL_has_no_explicit_per_row_audio_timestamp_or_feature_support_metadata; raw_video_audio_is_present; upstream recovery_not_assessed
20,audio,33,index_only,B_PRECHECK_UNCONDITIONAL_FAIL_CLOSED_INDEX_ONLY_FALLBACK,NA,,,,,False,PKL_has_no_explicit_per_row_audio_timestamp_or_feature_support_metadata; raw_video_audio_is_present; upstream recovery_not_assessed
20,audio,34,index_only,B_PRECHECK_UNCONDITIONAL_FAIL_CLOSED_INDEX_ONLY_FALLBACK,NA,,,,,False,PKL_has_no_explicit_per_row_audio_timestamp_or_feature_support_metadata; raw_video_audio_is_present; upstream recovery_not_assessed
20,audio,35,index_only,B_PRECHECK_UNCONDITIONAL_FAIL_CLOSED_INDEX_ONLY_FALLBACK,NA,,,,,False,PKL_has_no_explicit_per_row_audio_timestamp_or_feature_support_metadata; raw_video_audio_is_present; upstream recovery_not_assessed
20,audio,36,index_only,B_PRECHECK_UNCONDITIONAL_FAIL_CLOSED_INDEX_ONLY_FALLBACK,NA,,,,,False,PKL_has_no_explicit_per_row_audio_timestamp_or_feature_support_metadata; raw_video_audio_is_present; upstream recovery_not_assessed
20,audio,37,index_only,B_PRECHECK_UNCONDITIONAL_FAIL_CLOSED_INDEX_ONLY_FALLBACK,NA,,,,,False,PKL_has_no_explicit_per_row_audio_timestamp_or_feature_support_metadata; raw_video_audio_is_present; upstream recovery_not_assessed
20,audio,38,index_only,B_PRECHECK_UNCONDITIONAL_FAIL_CLOSED_INDEX_ONLY_FALLBACK,NA,,,,,False,PKL_has_no_explicit_per_row_audio_timestamp_or_feature_support_metadata; raw_video_audio_is_present; upstream recovery_not_assessed
20,audio,39,index_only,B_PRECHECK_UNCONDITIONAL_FAIL_CLOSED_INDEX_ONLY_FALLBACK,NA,,,,,False,PKL_has_no_explicit_per_row_audio_timestamp_or_feature_support_metadata; raw_video_audio_is_present; upstream recovery_not_assessed
20,audio,40,index_only,B_PRECHECK_UNCONDITIONAL_FAIL_CLOSED_INDEX_ONLY_FALLBACK,NA,,,,,False,PKL_has_no_explicit_per_row_audio_timestamp_or_feature_support_metadata; raw_video_audio_is_present; upstream recovery_not_assessed
20,audio,41,index_only,B_PRECHECK_UNCONDITIONAL_FAIL_CLOSED_INDEX_ONLY_FALLBACK,NA,,,,,False,PKL_has_no_explicit_per_row_audio_timestamp_or_feature_support_metadata; raw_video_audio_is_present; upstream recovery_not_assessed
20,audio,42,index_only,B_PRECHECK_UNCONDITIONAL_FAIL_CLOSED_INDEX_ONLY_FALLBACK,NA,,,,,False,PKL_has_no_explicit_per_row_audio_timestamp_or_feature_support_metadata; raw_video_audio_is_present; upstream recovery_not_assessed
20,audio,43,index_only,B_PRECHECK_UNCONDITIONAL_FAIL_CLOSED_INDEX_ONLY_FALLBACK,NA,,,,,False,PKL_has_no_explicit_per_row_audio_timestamp_or_feature_support_metadata; raw_video_audio_is_present; upstream recovery_not_assessed
20,vision,1,index_only,B_PRECHECK_UNCONDITIONAL_FAIL_CLOSED_INDEX_ONLY_FALLBACK,NA,,,,,False,PKL_has_no_explicit_per_row_video_PTS_or_feature_support_metadata; raw_video_is_present; upstream recovery_not_assessed
20,vision,2,index_only,B_PRECHECK_UNCONDITIONAL_FAIL_CLOSED_INDEX_ONLY_FALLBACK,NA,,,,,False,PKL_has_no_explicit_per_row_video_PTS_or_feature_support_metadata; raw_video_is_present; upstream recovery_not_assessed
20,vision,3,index_only,B_PRECHECK_UNCONDITIONAL_FAIL_CLOSED_INDEX_ONLY_FALLBACK,NA,,,,,False,PKL_has_no_explicit_per_row_video_PTS_or_feature_support_metadata; raw_video_is_present; upstream recovery_not_assessed
20,vision,4,index_only,B_PRECHECK_UNCONDITIONAL_FAIL_CLOSED_INDEX_ONLY_FALLBACK,NA,,,,,False,PKL_has_no_explicit_per_row_video_PTS_or_feature_support_metadata; raw_video_is_present; upstream recovery_not_assessed
20,vision,5,index_only,B_PRECHECK_UNCONDITIONAL_FAIL_CLOSED_INDEX_ONLY_FALLBACK,NA,,,,,False,PKL_has_no_explicit_per_row_video_PTS_or_feature_support_metadata; raw_video_is_present; upstream recovery_not_assessed
20,vision,6,index_only,B_PRECHECK_UNCONDITIONAL_FAIL_CLOSED_INDEX_ONLY_FALLBACK,NA,,,,,False,PKL_has_no_explicit_per_row_video_PTS_or_feature_support_metadata; raw_video_is_present; upstream recovery_not_assessed
20,vision,7,index_only,B_PRECHECK_UNCONDITIONAL_FAIL_CLOSED_INDEX_ONLY_FALLBACK,NA,,,,,False,PKL_has_no_explicit_per_row_video_PTS_or_feature_support_metadata; raw_video_is_present; upstream recovery_not_assessed
20,vision,8,index_only,B_PRECHECK_UNCONDITIONAL_FAIL_CLOSED_INDEX_ONLY_FALLBACK,NA,,,,,False,PKL_has_no_explicit_per_row_video_PTS_or_feature_support_metadata; raw_video_is_present; upstream recovery_not_assessed
20,vision,9,index_only,B_PRECHECK_UNCONDITIONAL_FAIL_CLOSED_INDEX_ONLY_FALLBACK,NA,,,,,False,PKL_has_no_explicit_per_row_video_PTS_or_feature_support_metadata; raw_video_is_present; upstream recovery_not_assessed
20,vision,10,index_only,B_PRECHECK_UNCONDITIONAL_FAIL_CLOSED_INDEX_ONLY_FALLBACK,NA,,,,,False,PKL_has_no_explicit_per_row_video_PTS_or_feature_support_metadata; raw_video_is_present; upstream recovery_not_assessed
20,vision,11,index_only,B_PRECHECK_UNCONDITIONAL_FAIL_CLOSED_INDEX_ONLY_FALLBACK,NA,,,,,False,PKL_has_no_explicit_per_row_video_PTS_or_feature_support_metadata; raw_video_is_present; upstream recovery_not_assessed
20,vision,12,index_only,B_PRECHECK_UNCONDITIONAL_FAIL_CLOSED_INDEX_ONLY_FALLBACK,NA,,,,,False,PKL_has_no_explicit_per_row_video_PTS_or_feature_support_metadata; raw_video_is_present; upstream recovery_not_assessed
20,vision,13,index_only,B_PRECHECK_UNCONDITIONAL_FAIL_CLOSED_INDEX_ONLY_FALLBACK,NA,,,,,False,PKL_has_no_explicit_per_row_video_PTS_or_feature_support_metadata; raw_video_is_present; upstream recovery_not_assessed
20,vision,14,index_only,B_PRECHECK_UNCONDITIONAL_FAIL_CLOSED_INDEX_ONLY_FALLBACK,NA,,,,,False,PKL_has_no_explicit_per_row_video_PTS_or_feature_support_metadata; raw_video_is_present; upstream recovery_not_assessed
20,vision,15,index_only,B_PRECHECK_UNCONDITIONAL_FAIL_CLOSED_INDEX_ONLY_FALLBACK,NA,,,,,False,PKL_has_no_explicit_per_row_video_PTS_or_feature_support_metadata; raw_video_is_present; upstream recovery_not_assessed
20,vision,16,index_only,B_PRECHECK_UNCONDITIONAL_FAIL_CLOSED_INDEX_ONLY_FALLBACK,NA,,,,,False,PKL_has_no_explicit_per_row_video_PTS_or_feature_support_metadata; raw_video_is_present; upstream recovery_not_assessed
20,vision,17,index_only,B_PRECHECK_UNCONDITIONAL_FAIL_CLOSED_INDEX_ONLY_FALLBACK,NA,,,,,False,PKL_has_no_explicit_per_row_video_PTS_or_feature_support_metadata; raw_video_is_present; upstream recovery_not_assessed
20,vision,18,index_only,B_PRECHECK_UNCONDITIONAL_FAIL_CLOSED_INDEX_ONLY_FALLBACK,NA,,,,,False,PKL_has_no_explicit_per_row_video_PTS_or_feature_support_metadata; raw_video_is_present; upstream recovery_not_assessed
20,vision,19,index_only,B_PRECHECK_UNCONDITIONAL_FAIL_CLOSED_INDEX_ONLY_FALLBACK,NA,,,,,False,PKL_has_no_explicit_per_row_video_PTS_or_feature_support_metadata; raw_video_is_present; upstream recovery_not_assessed
20,vision,20,index_only,B_PRECHECK_UNCONDITIONAL_FAIL_CLOSED_INDEX_ONLY_FALLBACK,NA,,,,,False,PKL_has_no_explicit_per_row_video_PTS_or_feature_support_metadata; raw_video_is_present; upstream recovery_not_assessed
20,vision,21,index_only,B_PRECHECK_UNCONDITIONAL_FAIL_CLOSED_INDEX_ONLY_FALLBACK,NA,,,,,False,PKL_has_no_explicit_per_row_video_PTS_or_feature_support_metadata; raw_video_is_present; upstream recovery_not_assessed
20,vision,22,index_only,B_PRECHECK_UNCONDITIONAL_FAIL_CLOSED_INDEX_ONLY_FALLBACK,NA,,,,,False,PKL_has_no_explicit_per_row_video_PTS_or_feature_support_metadata; raw_video_is_present; upstream recovery_not_assessed
20,vision,23,index_only,B_PRECHECK_UNCONDITIONAL_FAIL_CLOSED_INDEX_ONLY_FALLBACK,NA,,,,,False,PKL_has_no_explicit_per_row_video_PTS_or_feature_support_metadata; raw_video_is_present; upstream recovery_not_assessed
20,vision,24,index_only,B_PRECHECK_UNCONDITIONAL_FAIL_CLOSED_INDEX_ONLY_FALLBACK,NA,,,,,False,PKL_has_no_explicit_per_row_video_PTS_or_feature_support_metadata; raw_video_is_present; upstream recovery_not_assessed
20,vision,25,index_only,B_PRECHECK_UNCONDITIONAL_FAIL_CLOSED_INDEX_ONLY_FALLBACK,NA,,,,,False,PKL_has_no_explicit_per_row_video_PTS_or_feature_support_metadata; raw_video_is_present; upstream recovery_not_assessed
20,vision,26,index_only,B_PRECHECK_UNCONDITIONAL_FAIL_CLOSED_INDEX_ONLY_FALLBACK,NA,,,,,False,PKL_has_no_explicit_per_row_video_PTS_or_feature_support_metadata; raw_video_is_present; upstream recovery_not_assessed
20,vision,27,index_only,B_PRECHECK_UNCONDITIONAL_FAIL_CLOSED_INDEX_ONLY_FALLBACK,NA,,,,,False,PKL_has_no_explicit_per_row_video_PTS_or_feature_support_metadata; raw_video_is_present; upstream recovery_not_assessed
20,vision,28,index_only,B_PRECHECK_UNCONDITIONAL_FAIL_CLOSED_INDEX_ONLY_FALLBACK,NA,,,,,False,PKL_has_no_explicit_per_row_video_PTS_or_feature_support_metadata; raw_video_is_present; upstream recovery_not_assessed
20,vision,29,index_only,B_PRECHECK_UNCONDITIONAL_FAIL_CLOSED_INDEX_ONLY_FALLBACK,NA,,,,,False,PKL_has_no_explicit_per_row_video_PTS_or_feature_support_metadata; raw_video_is_present; upstream recovery_not_assessed
20,vision,30,index_only,B_PRECHECK_UNCONDITIONAL_FAIL_CLOSED_INDEX_ONLY_FALLBACK,NA,,,,,False,PKL_has_no_explicit_per_row_video_PTS_or_feature_support_metadata; raw_video_is_present; upstream recovery_not_assessed
20,vision,31,index_only,B_PRECHECK_UNCONDITIONAL_FAIL_CLOSED_INDEX_ONLY_FALLBACK,NA,,,,,False,PKL_has_no_explicit_per_row_video_PTS_or_feature_support_metadata; raw_video_is_present; upstream recovery_not_assessed
20,vision,32,index_only,B_PRECHECK_UNCONDITIONAL_FAIL_CLOSED_INDEX_ONLY_FALLBACK,NA,,,,,False,PKL_has_no_explicit_per_row_video_PTS_or_feature_support_metadata; raw_video_is_present; upstream recovery_not_assessed
20,vision,33,index_only,B_PRECHECK_UNCONDITIONAL_FAIL_CLOSED_INDEX_ONLY_FALLBACK,NA,,,,,False,PKL_has_no_explicit_per_row_video_PTS_or_feature_support_metadata; raw_video_is_present; upstream recovery_not_assessed
20,vision,34,index_only,B_PRECHECK_UNCONDITIONAL_FAIL_CLOSED_INDEX_ONLY_FALLBACK,NA,,,,,False,PKL_has_no_explicit_per_row_video_PTS_or_feature_support_metadata; raw_video_is_present; upstream recovery_not_assessed
20,vision,35,index_only,B_PRECHECK_UNCONDITIONAL_FAIL_CLOSED_INDEX_ONLY_FALLBACK,NA,,,,,False,PKL_has_no_explicit_per_row_video_PTS_or_feature_support_metadata; raw_video_is_present; upstream recovery_not_assessed
20,vision,36,index_only,B_PRECHECK_UNCONDITIONAL_FAIL_CLOSED_INDEX_ONLY_FALLBACK,NA,,,,,False,PKL_has_no_explicit_per_row_video_PTS_or_feature_support_metadata; raw_video_is_present; upstream recovery_not_assessed
20,vision,37,index_only,B_PRECHECK_UNCONDITIONAL_FAIL_CLOSED_INDEX_ONLY_FALLBACK,NA,,,,,False,PKL_has_no_explicit_per_row_video_PTS_or_feature_support_metadata; raw_video_is_present; upstream recovery_not_assessed
20,vision,38,index_only,B_PRECHECK_UNCONDITIONAL_FAIL_CLOSED_INDEX_ONLY_FALLBACK,NA,,,,,False,PKL_has_no_explicit_per_row_video_PTS_or_feature_support_metadata; raw_video_is_present; upstream recovery_not_assessed
20,vision,39,index_only,B_PRECHECK_UNCONDITIONAL_FAIL_CLOSED_INDEX_ONLY_FALLBACK,NA,,,,,False,PKL_has_no_explicit_per_row_video_PTS_or_feature_support_metadata; raw_video_is_present; upstream recovery_not_assessed
20,vision,40,index_only,B_PRECHECK_UNCONDITIONAL_FAIL_CLOSED_INDEX_ONLY_FALLBACK,NA,,,,,False,PKL_has_no_explicit_per_row_video_PTS_or_feature_support_metadata; raw_video_is_present; upstream recovery_not_assessed
20,vision,41,index_only,B_PRECHECK_UNCONDITIONAL_FAIL_CLOSED_INDEX_ONLY_FALLBACK,NA,,,,,False,PKL_has_no_explicit_per_row_video_PTS_or_feature_support_metadata; raw_video_is_present; upstream recovery_not_assessed
20,vision,42,index_only,B_PRECHECK_UNCONDITIONAL_FAIL_CLOSED_INDEX_ONLY_FALLBACK,NA,,,,,False,PKL_has_no_explicit_per_row_video_PTS_or_feature_support_metadata; raw_video_is_present; upstream recovery_not_assessed
20,vision,43,index_only,B_PRECHECK_UNCONDITIONAL_FAIL_CLOSED_INDEX_ONLY_FALLBACK,NA,,,,,False,PKL_has_no_explicit_per_row_video_PTS_or_feature_support_metadata; raw_video_is_present; upstream recovery_not_assessed
