sample_id,official_seq_index,token_id,token,char_start,char_end,raw_text_substring,ids_exact,attention_exact,segments_exact,mapping_status,scope_limit
01,1,6419,replacing,0,9,Replacing,True,True,True,token_span_candidate_only,text_bert token row only; continuous text feature row provenance not established
01,2,2122,these,10,15,these,True,True,True,token_span_candidate_only,text_bert token row only; continuous text feature row provenance not established
01,3,4929,wear,16,20,wear,True,True,True,token_span_candidate_only,text_bert token row only; continuous text feature row provenance not established
01,4,6177,components,21,31,components,True,True,True,token_span_candidate_only,text_bert token row only; continuous text feature row provenance not established
01,5,2043,when,32,36,when,True,True,True,token_span_candidate_only,text_bert token row only; continuous text feature row provenance not established
01,6,6419,replacing,37,46,replacing,True,True,True,token_span_candidate_only,text_bert token row only; continuous text feature row provenance not established
01,7,1996,the,47,50,the,True,True,True,token_span_candidate_only,text_bert token row only; continuous text feature row provenance not established
01,8,10984,timing,51,57,timing,True,True,True,token_span_candidate_only,text_bert token row only; continuous text feature row provenance not established
01,9,5583,belt,58,62,belt,True,True,True,token_span_candidate_only,text_bert token row only; continuous text feature row provenance not established
01,10,2003,is,63,65,is,True,True,True,token_span_candidate_only,text_bert token row only; continuous text feature row provenance not established
01,11,6827,essential,66,75,essential,True,True,True,token_span_candidate_only,text_bert token row only; continuous text feature row provenance not established
01,12,2000,to,76,78,to,True,True,True,token_span_candidate_only,text_bert token row only; continuous text feature row provenance not established
01,13,12725,ensuring,79,87,ensuring,True,True,True,token_span_candidate_only,text_bert token row only; continuous text feature row provenance not established
01,14,1996,the,88,91,the,True,True,True,token_span_candidate_only,text_bert token row only; continuous text feature row provenance not established
01,15,2047,new,92,95,new,True,True,True,token_span_candidate_only,text_bert token row only; continuous text feature row provenance not established
01,16,5583,belt,96,100,belt,True,True,True,token_span_candidate_only,text_bert token row only; continuous text feature row provenance not established
01,17,10438,performs,101,109,performs,True,True,True,token_span_candidate_only,text_bert token row only; continuous text feature row provenance not established
01,18,2000,to,110,112,to,True,True,True,token_span_candidate_only,text_bert token row only; continuous text feature row provenance not established
01,19,2049,its,113,116,its,True,True,True,token_span_candidate_only,text_bert token row only; continuous text feature row provenance not established
01,20,3542,mile,117,121,mile,True,True,True,token_span_candidate_only,text_bert token row only; continuous text feature row provenance not established
01,21,4270,##age,121,124,age,True,True,True,token_span_candidate_only,text_bert token row only; continuous text feature row provenance not established
01,22,5918,requirements,125,137,requirements,True,True,True,token_span_candidate_only,text_bert token row only; continuous text feature row provenance not established
02,1,2057,we,0,2,We,True,True,True,token_span_candidate_only,text_bert token row only; continuous text feature row provenance not established
02,2,2215,want,3,7,want,True,True,True,token_span_candidate_only,text_bert token row only; continuous text feature row provenance not established
02,3,2000,to,8,10,to,True,True,True,token_span_candidate_only,text_bert token row only; continuous text feature row provenance not established
02,4,2444,live,11,15,live,True,True,True,token_span_candidate_only,text_bert token row only; continuous text feature row provenance not established
02,5,2011,by,16,18,by,True,True,True,token_span_candidate_only,text_bert token row only; continuous text feature row provenance not established
02,6,2169,each,19,23,each,True,True,True,token_span_candidate_only,text_bert token row only; continuous text feature row provenance not established
02,7,2060,other,24,29,other,True,True,True,token_span_candidate_only,text_bert token row only; continuous text feature row provenance not established
02,8,1521,’,29,30,’,True,True,True,token_span_candidate_only,text_bert token row only; continuous text feature row provenance not established
02,9,1055,s,30,31,s,True,True,True,token_span_candidate_only,text_bert token row only; continuous text feature row provenance not established
02,10,8404,happiness,32,41,happiness,True,True,True,token_span_candidate_only,text_bert token row only; continuous text feature row provenance not established
02,11,1011,-,42,43,-,True,True,True,token_span_candidate_only,text_bert token row only; continuous text feature row provenance not established
02,12,2025,not,44,47,not,True,True,True,token_span_candidate_only,text_bert token row only; continuous text feature row provenance not established
02,13,2011,by,48,50,by,True,True,True,token_span_candidate_only,text_bert token row only; continuous text feature row provenance not established
02,14,2169,each,51,55,each,True,True,True,token_span_candidate_only,text_bert token row only; continuous text feature row provenance not established
02,15,2060,other,56,61,other,True,True,True,token_span_candidate_only,text_bert token row only; continuous text feature row provenance not established
02,16,1521,’,61,62,’,True,True,True,token_span_candidate_only,text_bert token row only; continuous text feature row provenance not established
02,17,1055,s,62,63,s,True,True,True,token_span_candidate_only,text_bert token row only; continuous text feature row provenance not established
02,18,14624,misery,64,70,misery,True,True,True,token_span_candidate_only,text_bert token row only; continuous text feature row provenance not established
02,19,1012,.,70,71,.,True,True,True,token_span_candidate_only,text_bert token row only; continuous text feature row provenance not established
03,1,2045,there,0,5,There,True,True,True,token_span_candidate_only,text_bert token row only; continuous text feature row provenance not established
03,2,1005,',5,6,',True,True,True,token_span_candidate_only,text_bert token row only; continuous text feature row provenance not established
03,3,1055,s,6,7,s,True,True,True,token_span_candidate_only,text_bert token row only; continuous text feature row provenance not established
03,4,2028,one,8,11,one,True,True,True,token_span_candidate_only,text_bert token row only; continuous text feature row provenance not established
03,5,18496,lend,12,16,lend,True,True,True,token_span_candidate_only,text_bert token row only; continuous text feature row provenance not established
03,6,2121,##er,16,18,er,True,True,True,token_span_candidate_only,text_bert token row only; continuous text feature row provenance not established
03,7,2012,at,19,21,at,True,True,True,token_span_candidate_only,text_bert token row only; continuous text feature row provenance not established
03,8,1996,the,22,25,the,True,True,True,token_span_candidate_only,text_bert token row only; continuous text feature row provenance not established
03,9,2617,moment,26,32,moment,True,True,True,token_span_candidate_only,text_bert token row only; continuous text feature row provenance not established
03,10,2029,which,33,38,which,True,True,True,token_span_candidate_only,text_bert token row only; continuous text feature row provenance not established
03,11,1045,i,39,40,I,True,True,True,token_span_candidate_only,text_bert token row only; continuous text feature row provenance not established
03,12,2228,think,41,46,think,True,True,True,token_span_candidate_only,text_bert token row only; continuous text feature row provenance not established
03,13,2003,is,47,49,is,True,True,True,token_span_candidate_only,text_bert token row only; continuous text feature row provenance not established
03,14,2074,just,50,54,just,True,True,True,token_span_candidate_only,text_bert token row only; continuous text feature row provenance not established
03,15,2924,bank,55,59,Bank,True,True,True,token_span_candidate_only,text_bert token row only; continuous text feature row provenance not established
03,16,19650,##west,59,63,west,True,True,True,token_span_candidate_only,text_bert token row only; continuous text feature row provenance not established
03,17,2040,who,64,67,who,True,True,True,token_span_candidate_only,text_bert token row only; continuous text feature row provenance not established
03,18,2123,don,68,71,don,True,True,True,token_span_candidate_only,text_bert token row only; continuous text feature row provenance not established
03,19,1005,',71,72,',True,True,True,token_span_candidate_only,text_bert token row only; continuous text feature row provenance not established
03,20,1056,t,72,73,t,True,True,True,token_span_candidate_only,text_bert token row only; continuous text feature row provenance not established
03,21,2202,take,74,78,take,True,True,True,token_span_candidate_only,text_bert token row only; continuous text feature row provenance not established
03,22,12635,rental,79,85,rental,True,True,True,token_span_candidate_only,text_bert token row only; continuous text feature row provenance not established
03,23,3318,income,86,92,income,True,True,True,token_span_candidate_only,text_bert token row only; continuous text feature row provenance not established
03,24,2046,into,93,97,into,True,True,True,token_span_candidate_only,text_bert token row only; continuous text feature row provenance not established
03,25,4070,account,98,105,account,True,True,True,token_span_candidate_only,text_bert token row only; continuous text feature row provenance not established
03,26,1010,",",105,106,",",True,True,True,token_span_candidate_only,text_bert token row only; continuous text feature row provenance not established
03,27,2027,they,107,111,they,True,True,True,token_span_candidate_only,text_bert token row only; continuous text feature row provenance not established
03,28,2202,take,112,116,take,True,True,True,token_span_candidate_only,text_bert token row only; continuous text feature row provenance not established
03,29,12635,rental,117,123,rental,True,True,True,token_span_candidate_only,text_bert token row only; continuous text feature row provenance not established
03,30,10750,yield,124,129,yield,True,True,True,token_span_candidate_only,text_bert token row only; continuous text feature row provenance not established
03,31,2046,into,130,134,into,True,True,True,token_span_candidate_only,text_bert token row only; continuous text feature row provenance not established
03,32,4070,account,135,142,account,True,True,True,token_span_candidate_only,text_bert token row only; continuous text feature row provenance not established
03,33,1012,.,142,143,.,True,True,True,token_span_candidate_only,text_bert token row only; continuous text feature row provenance not established
04,1,2065,if,0,2,If,True,True,True,token_span_candidate_only,text_bert token row only; continuous text feature row provenance not established
04,2,1045,i,3,4,I,True,True,True,token_span_candidate_only,text_bert token row only; continuous text feature row provenance not established
04,3,6271,blow,5,9,blow,True,True,True,token_span_candidate_only,text_bert token row only; continuous text feature row provenance not established
04,4,2009,it,10,12,it,True,True,True,token_span_candidate_only,text_bert token row only; continuous text feature row provenance not established
04,5,2012,at,13,15,at,True,True,True,token_span_candidate_only,text_bert token row only; continuous text feature row provenance not established
04,6,1996,the,16,19,the,True,True,True,token_span_candidate_only,text_bert token row only; continuous text feature row provenance not established
04,7,2136,team,20,24,team,True,True,True,token_span_candidate_only,text_bert token row only; continuous text feature row provenance not established
04,8,6912,exercise,25,33,exercise,True,True,True,token_span_candidate_only,text_bert token row only; continuous text feature row provenance not established
04,9,1010,",",33,34,",",True,True,True,token_span_candidate_only,text_bert token row only; continuous text feature row provenance not established
04,10,2323,should,35,41,should,True,True,True,token_span_candidate_only,text_bert token row only; continuous text feature row provenance not established
04,11,1045,i,42,43,I,True,True,True,token_span_candidate_only,text_bert token row only; continuous text feature row provenance not established
04,12,3610,kiss,44,48,kiss,True,True,True,token_span_candidate_only,text_bert token row only; continuous text feature row provenance not established
04,13,2026,my,49,51,my,True,True,True,token_span_candidate_only,text_bert token row only; continuous text feature row provenance not established
04,14,9592,chances,52,59,chances,True,True,True,token_span_candidate_only,text_bert token row only; continuous text feature row provenance not established
04,15,1997,of,60,62,of,True,True,True,token_span_candidate_only,text_bert token row only; continuous text feature row provenance not established
04,16,24867,cheering,63,71,cheering,True,True,True,token_span_candidate_only,text_bert token row only; continuous text feature row provenance not established
04,17,1000,"""",72,73,"""",True,True,True,token_span_candidate_only,text_bert token row only; continuous text feature row provenance not established
04,18,2175,go,73,75,GO,True,True,True,token_span_candidate_only,text_bert token row only; continuous text feature row provenance not established
04,19,2630,blue,76,80,BLUE,True,True,True,token_span_candidate_only,text_bert token row only; continuous text feature row provenance not established
04,20,1000,"""",80,81,"""",True,True,True,token_span_candidate_only,text_bert token row only; continuous text feature row provenance not established
04,21,9119,goodbye,82,89,goodbye,True,True,True,token_span_candidate_only,text_bert token row only; continuous text feature row provenance not established
04,22,1029,?,89,90,?,True,True,True,token_span_candidate_only,text_bert token row only; continuous text feature row provenance not established
04,23,1033,],90,91,],True,True,True,token_span_candidate_only,text_bert token row only; continuous text feature row provenance not established
04,24,7078,absolutely,92,102,Absolutely,True,True,True,token_span_candidate_only,text_bert token row only; continuous text feature row provenance not established
04,25,2025,not,103,106,not,True,True,True,token_span_candidate_only,text_bert token row only; continuous text feature row provenance not established
04,26,1012,.,106,107,.,True,True,True,token_span_candidate_only,text_bert token row only; continuous text feature row provenance not established
05,1,7632,hi,0,2,Hi,True,True,True,token_span_candidate_only,text_bert token row only; continuous text feature row provenance not established
05,2,1010,",",2,3,",",True,True,True,token_span_candidate_only,text_bert token row only; continuous text feature row provenance not established
05,3,2026,my,4,6,my,True,True,True,token_span_candidate_only,text_bert token row only; continuous text feature row provenance not established
05,4,2171,name,7,11,name,True,True,True,token_span_candidate_only,text_bert token row only; continuous text feature row provenance not established
05,5,2003,is,12,14,is,True,True,True,token_span_candidate_only,text_bert token row only; continuous text feature row provenance not established
05,6,9318,chloe,15,20,Chloe,True,True,True,token_span_candidate_only,text_bert token row only; continuous text feature row provenance not established
05,7,1010,",",20,21,",",True,True,True,token_span_candidate_only,text_bert token row only; continuous text feature row provenance not established
05,8,2678,video,22,27,video,True,True,True,token_span_candidate_only,text_bert token row only; continuous text feature row provenance not established
05,9,3006,market,28,34,market,True,True,True,token_span_candidate_only,text_bert token row only; continuous text feature row provenance not established
05,10,2121,##er,34,36,er,True,True,True,token_span_candidate_only,text_bert token row only; continuous text feature row provenance not established
05,11,2005,for,37,40,for,True,True,True,token_span_candidate_only,text_bert token row only; continuous text feature row provenance not established
05,12,2417,red,41,44,Red,True,True,True,token_span_candidate_only,text_bert token row only; continuous text feature row provenance not established
05,13,9540,wagon,45,50,Wagon,True,True,True,token_span_candidate_only,text_bert token row only; continuous text feature row provenance not established
05,14,5821,marketing,51,60,Marketing,True,True,True,token_span_candidate_only,text_bert token row only; continuous text feature row provenance not established
05,15,1012,.,60,61,.,True,True,True,token_span_candidate_only,text_bert token row only; continuous text feature row provenance not established
06,1,2065,if,0,2,If,True,True,True,token_span_candidate_only,text_bert token row only; continuous text feature row provenance not established
06,2,2017,you,3,6,you,True,True,True,token_span_candidate_only,text_bert token row only; continuous text feature row provenance not established
06,3,1005,',6,7,',True,True,True,token_span_candidate_only,text_bert token row only; continuous text feature row provenance not established
06,4,2128,re,7,9,re,True,True,True,token_span_candidate_only,text_bert token row only; continuous text feature row provenance not established
06,5,1037,a,10,11,a,True,True,True,token_span_candidate_only,text_bert token row only; continuous text feature row provenance not established
06,6,5470,fan,12,15,fan,True,True,True,token_span_candidate_only,text_bert token row only; continuous text feature row provenance not established
06,7,1997,of,16,18,of,True,True,True,token_span_candidate_only,text_bert token row only; continuous text feature row provenance not established
06,8,5613,dancing,19,26,dancing,True,True,True,token_span_candidate_only,text_bert token row only; continuous text feature row provenance not established
06,9,1999,in,27,29,in,True,True,True,token_span_candidate_only,text_bert token row only; continuous text feature row provenance not established
06,10,2008,that,30,34,that,True,True,True,token_span_candidate_only,text_bert token row only; continuous text feature row provenance not established
06,11,3168,sense,35,40,sense,True,True,True,token_span_candidate_only,text_bert token row only; continuous text feature row provenance not established
06,12,1010,",",40,41,",",True,True,True,token_span_candidate_only,text_bert token row only; continuous text feature row provenance not established
06,13,2074,just,42,46,just,True,True,True,token_span_candidate_only,text_bert token row only; continuous text feature row provenance not established
06,14,2066,like,47,51,like,True,True,True,token_span_candidate_only,text_bert token row only; continuous text feature row provenance not established
06,15,2000,to,52,54,to,True,True,True,token_span_candidate_only,text_bert token row only; continuous text feature row provenance not established
06,16,3422,watch,55,60,watch,True,True,True,token_span_candidate_only,text_bert token row only; continuous text feature row provenance not established
06,17,2111,people,61,67,people,True,True,True,token_span_candidate_only,text_bert token row only; continuous text feature row provenance not established
06,18,3153,dance,68,73,dance,True,True,True,token_span_candidate_only,text_bert token row only; continuous text feature row provenance not established
06,19,1010,",",73,74,",",True,True,True,token_span_candidate_only,text_bert token row only; continuous text feature row provenance not established
06,20,2156,see,75,78,see,True,True,True,token_span_candidate_only,text_bert token row only; continuous text feature row provenance not established
06,21,8052,impressive,79,89,impressive,True,True,True,token_span_candidate_only,text_bert token row only; continuous text feature row provenance not established
06,22,3153,dance,90,95,dance,True,True,True,token_span_candidate_only,text_bert token row only; continuous text feature row provenance not established
06,23,5829,moves,96,101,moves,True,True,True,token_span_candidate_only,text_bert token row only; continuous text feature row provenance not established
06,24,2059,then,102,106,then,True,True,True,token_span_candidate_only,text_bert token row only; continuous text feature row provenance not established
06,25,2017,you,107,110,you,True,True,True,token_span_candidate_only,text_bert token row only; continuous text feature row provenance not established
06,26,2453,might,111,116,might,True,True,True,token_span_candidate_only,text_bert token row only; continuous text feature row provenance not established
06,27,2215,want,117,121,want,True,True,True,token_span_candidate_only,text_bert token row only; continuous text feature row provenance not established
06,28,2000,to,122,124,to,True,True,True,token_span_candidate_only,text_bert token row only; continuous text feature row provenance not established
06,29,4638,check,125,130,check,True,True,True,token_span_candidate_only,text_bert token row only; continuous text feature row provenance not established
06,30,2041,out,131,134,out,True,True,True,token_span_candidate_only,text_bert token row only; continuous text feature row provenance not established
06,31,2023,this,135,139,this,True,True,True,token_span_candidate_only,text_bert token row only; continuous text feature row provenance not established
06,32,3185,movie,140,145,movie,True,True,True,token_span_candidate_only,text_bert token row only; continuous text feature row provenance not established
06,33,9578,solely,146,152,solely,True,True,True,token_span_candidate_only,text_bert token row only; continuous text feature row provenance not established
06,34,2005,for,153,156,for,True,True,True,token_span_candidate_only,text_bert token row only; continuous text feature row provenance not established
06,35,2008,that,157,161,that,True,True,True,token_span_candidate_only,text_bert token row only; continuous text feature row provenance not established
07,1,2004,as,0,2,As,True,True,True,token_span_candidate_only,text_bert token row only; continuous text feature row provenance not established
07,2,11409,lin,3,6,Lin,True,True,True,token_span_candidate_only,text_bert token row only; continuous text feature row provenance not established
07,3,2078,##n,6,7,n,True,True,True,token_span_candidate_only,text_bert token row only; continuous text feature row provenance not established
07,4,1521,’,7,8,’,True,True,True,token_span_candidate_only,text_bert token row only; continuous text feature row provenance not established
07,5,1055,s,8,9,s,True,True,True,token_span_candidate_only,text_bert token row only; continuous text feature row provenance not established
07,6,5482,associate,10,19,associate,True,True,True,token_span_candidate_only,text_bert token row only; continuous text feature row provenance not established
07,7,3559,editor,20,26,editor,True,True,True,token_span_candidate_only,text_bert token row only; continuous text feature row provenance not established
07,8,2745,michael,27,34,Michael,True,True,True,token_span_candidate_only,text_bert token row only; continuous text feature row provenance not established
07,9,8670,ba,35,37,Ba,True,True,True,token_span_candidate_only,text_bert token row only; continuous text feature row provenance not established
07,10,4215,##ad,37,39,ad,True,True,True,token_span_candidate_only,text_bert token row only; continuous text feature row provenance not established
07,11,3489,##ke,39,41,ke,True,True,True,token_span_candidate_only,text_bert token row only; continuous text feature row provenance not established
07,12,4311,reports,42,49,reports,True,True,True,token_span_candidate_only,text_bert token row only; continuous text feature row provenance not established
07,13,1999,in,50,52,in,True,True,True,token_span_candidate_only,text_bert token row only; continuous text feature row provenance not established
07,14,2256,our,53,56,our,True,True,True,token_span_candidate_only,text_bert token row only; continuous text feature row provenance not established
07,15,2281,november,57,65,November,True,True,True,token_span_candidate_only,text_bert token row only; continuous text feature row provenance not established
07,16,2654,28,66,68,28,True,True,True,token_span_candidate_only,text_bert token row only; continuous text feature row provenance not established
07,17,3277,issue,69,74,issue,True,True,True,token_span_candidate_only,text_bert token row only; continuous text feature row provenance not established
07,18,1010,",",74,75,",",True,True,True,token_span_candidate_only,text_bert token row only; continuous text feature row provenance not established
07,19,19973,attendees,76,85,attendees,True,True,True,token_span_candidate_only,text_bert token row only; continuous text feature row provenance not established
07,20,1523,“,86,87,“,True,True,True,token_span_candidate_only,text_bert token row only; continuous text feature row provenance not established
07,21,24935,enthusiastically,87,103,enthusiastically,True,True,True,token_span_candidate_only,text_bert token row only; continuous text feature row provenance not established
07,22,6936,discussed,104,113,discussed,True,True,True,token_span_candidate_only,text_bert token row only; continuous text feature row provenance not established
07,23,1996,the,114,117,the,True,True,True,token_span_candidate_only,text_bert token row only; continuous text feature row provenance not established
07,24,7832,topics,118,124,topics,True,True,True,token_span_candidate_only,text_bert token row only; continuous text feature row provenance not established
07,25,1997,of,125,127,of,True,True,True,token_span_candidate_only,text_bert token row only; continuous text feature row provenance not established
07,26,3652,growing,128,135,growing,True,True,True,token_span_candidate_only,text_bert token row only; continuous text feature row provenance not established
07,27,1996,the,136,139,the,True,True,True,token_span_candidate_only,text_bert token row only; continuous text feature row provenance not established
07,28,17792,hobby,140,145,hobby,True,True,True,token_span_candidate_only,text_bert token row only; continuous text feature row provenance not established
07,29,1010,",",145,146,",",True,True,True,token_span_candidate_only,text_bert token row only; continuous text feature row provenance not established
07,30,1996,the,147,150,the,True,True,True,token_span_candidate_only,text_bert token row only; continuous text feature row provenance not established
07,31,2925,future,151,157,future,True,True,True,token_span_candidate_only,text_bert token row only; continuous text feature row provenance not established
07,32,1997,of,158,160,of,True,True,True,token_span_candidate_only,text_bert token row only; continuous text feature row provenance not established
07,33,11359,stamp,161,166,stamp,True,True,True,token_span_candidate_only,text_bert token row only; continuous text feature row provenance not established
07,34,3065,shows,167,172,shows,True,True,True,token_span_candidate_only,text_bert token row only; continuous text feature row provenance not established
07,35,1010,",",172,173,",",True,True,True,token_span_candidate_only,text_bert token row only; continuous text feature row provenance not established
07,36,1998,and,174,177,and,True,True,True,token_span_candidate_only,text_bert token row only; continuous text feature row provenance not established
07,37,16743,dealers,178,185,dealers,True,True,True,token_span_candidate_only,text_bert token row only; continuous text feature row provenance not established
07,38,1998,and,186,189,and,True,True,True,token_span_candidate_only,text_bert token row only; continuous text feature row provenance not established
07,39,6316,phil,190,194,phil,True,True,True,token_span_candidate_only,text_bert token row only; continuous text feature row provenance not established
07,40,3686,##ate,194,197,ate,True,True,True,token_span_candidate_only,text_bert token row only; continuous text feature row provenance not established
07,41,10415,##lic,197,200,lic,True,True,True,token_span_candidate_only,text_bert token row only; continuous text feature row provenance not established
07,42,13797,partnerships,201,213,partnerships,True,True,True,token_span_candidate_only,text_bert token row only; continuous text feature row provenance not established
07,43,1010,",",213,214,",",True,True,True,token_span_candidate_only,text_bert token row only; continuous text feature row provenance not established
07,44,2247,along,215,220,along,True,True,True,token_span_candidate_only,text_bert token row only; continuous text feature row provenance not established
07,45,2007,with,221,225,with,True,True,True,token_span_candidate_only,text_bert token row only; continuous text feature row provenance not established
07,46,3971,ways,226,230,ways,True,True,True,token_span_candidate_only,text_bert token row only; continuous text feature row provenance not established
07,47,1996,the,231,234,the,True,True,True,token_span_candidate_only,text_bert token row only; continuous text feature row provenance not established
07,48,2877,leading,235,242,leading,True,True,True,token_span_candidate_only,text_bert token row only; continuous text feature row provenance not established
08,1,2008,that,0,4,That,True,True,True,token_span_candidate_only,text_bert token row only; continuous text feature row provenance not established
08,2,7545,brings,5,11,brings,True,True,True,token_span_candidate_only,text_bert token row only; continuous text feature row provenance not established
08,3,2149,us,12,14,us,True,True,True,token_span_candidate_only,text_bert token row only; continuous text feature row provenance not established
08,4,2000,to,15,17,to,True,True,True,token_span_candidate_only,text_bert token row only; continuous text feature row provenance not established
08,5,3892,tonight,18,25,tonight,True,True,True,token_span_candidate_only,text_bert token row only; continuous text feature row provenance not established
08,6,1010,",",25,26,",",True,True,True,token_span_candidate_only,text_bert token row only; continuous text feature row provenance not established
08,7,1996,the,27,30,the,True,True,True,token_span_candidate_only,text_bert token row only; continuous text feature row provenance not established
08,8,5415,universal,31,40,Universal,True,True,True,token_span_candidate_only,text_bert token row only; continuous text feature row provenance not established
08,9,2640,design,41,47,Design,True,True,True,token_span_candidate_only,text_bert token row only; continuous text feature row provenance not established
08,10,2882,grand,48,53,Grand,True,True,True,token_span_candidate_only,text_bert token row only; continuous text feature row provenance not established
08,11,4119,challenge,54,63,Challenge,True,True,True,token_span_candidate_only,text_bert token row only; continuous text feature row provenance not established
09,1,1006,(,0,1,(,True,True,True,token_span_candidate_only,text_bert token row only; continuous text feature row provenance not established
09,2,7910,uh,1,3,uh,True,True,True,token_span_candidate_only,text_bert token row only; continuous text feature row provenance not established
09,3,2232,##h,3,4,h,True,True,True,token_span_candidate_only,text_bert token row only; continuous text feature row provenance not established
09,4,1007,),4,5,),True,True,True,token_span_candidate_only,text_bert token row only; continuous text feature row provenance not established
09,5,1045,i,6,7,I,True,True,True,token_span_candidate_only,text_bert token row only; continuous text feature row provenance not established
09,6,2106,did,8,11,did,True,True,True,token_span_candidate_only,text_bert token row only; continuous text feature row provenance not established
09,7,2025,not,12,15,not,True,True,True,token_span_candidate_only,text_bert token row only; continuous text feature row provenance not established
09,8,2066,like,16,20,like,True,True,True,token_span_candidate_only,text_bert token row only; continuous text feature row provenance not established
09,9,2023,this,21,25,this,True,True,True,token_span_candidate_only,text_bert token row only; continuous text feature row provenance not established
09,10,3185,movie,26,31,movie,True,True,True,token_span_candidate_only,text_bert token row only; continuous text feature row provenance not established
09,11,2012,at,32,34,at,True,True,True,token_span_candidate_only,text_bert token row only; continuous text feature row provenance not established
09,12,2035,all,35,38,all,True,True,True,token_span_candidate_only,text_bert token row only; continuous text feature row provenance not established
09,13,1010,",",38,39,",",True,True,True,token_span_candidate_only,text_bert token row only; continuous text feature row provenance not established
09,14,1045,i,40,41,I,True,True,True,token_span_candidate_only,text_bert token row only; continuous text feature row provenance not established
09,15,2052,would,42,47,would,True,True,True,token_span_candidate_only,text_bert token row only; continuous text feature row provenance not established
09,16,2025,not,48,51,not,True,True,True,token_span_candidate_only,text_bert token row only; continuous text feature row provenance not established
09,17,16755,recommend,52,61,recommend,True,True,True,token_span_candidate_only,text_bert token row only; continuous text feature row provenance not established
09,18,2009,it,62,64,it,True,True,True,token_span_candidate_only,text_bert token row only; continuous text feature row provenance not established
10,1,1006,(,0,1,(,True,True,True,token_span_candidate_only,text_bert token row only; continuous text feature row provenance not established
10,2,26114,umm,1,4,umm,True,True,True,token_span_candidate_only,text_bert token row only; continuous text feature row provenance not established
10,3,1007,),4,5,),True,True,True,token_span_candidate_only,text_bert token row only; continuous text feature row provenance not established
10,4,1998,and,6,9,And,True,True,True,token_span_candidate_only,text_bert token row only; continuous text feature row provenance not established
10,5,2017,you,10,13,you,True,True,True,token_span_candidate_only,text_bert token row only; continuous text feature row provenance not established
10,6,2113,know,14,18,know,True,True,True,token_span_candidate_only,text_bert token row only; continuous text feature row provenance not established
10,7,1045,i,19,20,I,True,True,True,token_span_candidate_only,text_bert token row only; continuous text feature row provenance not established
10,8,2428,really,21,27,really,True,True,True,token_span_candidate_only,text_bert token row only; continuous text feature row provenance not established
10,9,2079,do,28,30,do,True,True,True,token_span_candidate_only,text_bert token row only; continuous text feature row provenance not established
10,10,2066,like,31,35,like,True,True,True,token_span_candidate_only,text_bert token row only; continuous text feature row provenance not established
10,11,2000,to,36,38,to,True,True,True,token_span_candidate_only,text_bert token row only; continuous text feature row provenance not established
10,12,2156,see,39,42,see,True,True,True,token_span_candidate_only,text_bert token row only; continuous text feature row provenance not established
10,13,27036,fluffy,43,49,fluffy,True,True,True,token_span_candidate_only,text_bert token row only; continuous text feature row provenance not established
10,14,14556,chick,50,55,chick,True,True,True,token_span_candidate_only,text_bert token row only; continuous text feature row provenance not established
10,15,17312,flick,56,61,flick,True,True,True,token_span_candidate_only,text_bert token row only; continuous text feature row provenance not established
10,16,2015,##s,61,62,s,True,True,True,token_span_candidate_only,text_bert token row only; continuous text feature row provenance not established
10,17,2823,sometimes,63,72,sometimes,True,True,True,token_span_candidate_only,text_bert token row only; continuous text feature row provenance not established
10,18,2061,so,73,75,so,True,True,True,token_span_candidate_only,text_bert token row only; continuous text feature row provenance not established
10,19,1045,i,76,77,I,True,True,True,token_span_candidate_only,text_bert token row only; continuous text feature row provenance not established
10,20,1005,',77,78,',True,True,True,token_span_candidate_only,text_bert token row only; continuous text feature row provenance not established
10,21,1049,m,78,79,m,True,True,True,token_span_candidate_only,text_bert token row only; continuous text feature row provenance not established
10,22,2025,not,80,83,not,True,True,True,token_span_candidate_only,text_bert token row only; continuous text feature row provenance not established
10,23,2114,against,84,91,against,True,True,True,token_span_candidate_only,text_bert token row only; continuous text feature row provenance not established
10,24,2008,that,92,96,that,True,True,True,token_span_candidate_only,text_bert token row only; continuous text feature row provenance not established
10,25,2021,but,97,100,but,True,True,True,token_span_candidate_only,text_bert token row only; continuous text feature row provenance not established
10,26,2023,this,101,105,this,True,True,True,token_span_candidate_only,text_bert token row only; continuous text feature row provenance not established
10,27,2028,one,106,109,one,True,True,True,token_span_candidate_only,text_bert token row only; continuous text feature row provenance not established
10,28,2001,was,110,113,was,True,True,True,token_span_candidate_only,text_bert token row only; continuous text feature row provenance not established
10,29,3492,pretty,114,120,pretty,True,True,True,token_span_candidate_only,text_bert token row only; continuous text feature row provenance not established
10,30,6659,terrible,121,129,terrible,True,True,True,token_span_candidate_only,text_bert token row only; continuous text feature row provenance not established
11,1,1045,i,0,1,I,True,True,True,token_span_candidate_only,text_bert token row only; continuous text feature row provenance not established
11,2,2052,would,2,7,would,True,True,True,token_span_candidate_only,text_bert token row only; continuous text feature row provenance not established
11,3,2022,be,8,10,be,True,True,True,token_span_candidate_only,text_bert token row only; continuous text feature row provenance not established
11,4,14984,ashamed,11,18,ashamed,True,True,True,token_span_candidate_only,text_bert token row only; continuous text feature row provenance not established
11,5,2000,to,19,21,to,True,True,True,token_span_candidate_only,text_bert token row only; continuous text feature row provenance not established
11,6,2031,have,22,26,have,True,True,True,token_span_candidate_only,text_bert token row only; continuous text feature row provenance not established
11,7,2081,made,27,31,made,True,True,True,token_span_candidate_only,text_bert token row only; continuous text feature row provenance not established
11,8,2023,this,32,36,this,True,True,True,token_span_candidate_only,text_bert token row only; continuous text feature row provenance not established
11,9,2143,film,37,41,film,True,True,True,token_span_candidate_only,text_bert token row only; continuous text feature row provenance not established
11,10,2065,if,42,44,if,True,True,True,token_span_candidate_only,text_bert token row only; continuous text feature row provenance not established
11,11,1045,i,45,46,I,True,True,True,token_span_candidate_only,text_bert token row only; continuous text feature row provenance not established
11,12,2001,was,47,50,was,True,True,True,token_span_candidate_only,text_bert token row only; continuous text feature row provenance not established
11,13,1037,a,51,52,a,True,True,True,token_span_candidate_only,text_bert token row only; continuous text feature row provenance not established
11,14,2472,director,53,61,director,True,True,True,token_span_candidate_only,text_bert token row only; continuous text feature row provenance not established
12,1,2030,or,0,2,Or,True,True,True,token_span_candidate_only,text_bert token row only; continuous text feature row provenance not established
12,2,4788,worse,3,8,worse,True,True,True,token_span_candidate_only,text_bert token row only; continuous text feature row provenance not established
12,3,1010,",",8,9,",",True,True,True,token_span_candidate_only,text_bert token row only; continuous text feature row provenance not established
12,4,2019,an,10,12,an,True,True,True,token_span_candidate_only,text_bert token row only; continuous text feature row provenance not established
12,5,3265,individual,13,23,individual,True,True,True,token_span_candidate_only,text_bert token row only; continuous text feature row provenance not established
12,6,3130,previously,24,34,previously,True,True,True,token_span_candidate_only,text_bert token row only; continuous text feature row provenance not established
12,7,2018,had,35,38,had,True,True,True,token_span_candidate_only,text_bert token row only; continuous text feature row provenance not established
12,8,2204,good,39,43,good,True,True,True,token_span_candidate_only,text_bert token row only; continuous text feature row provenance not established
12,9,4923,credit,44,50,credit,True,True,True,token_span_candidate_only,text_bert token row only; continuous text feature row provenance not established
12,10,1010,",",50,51,",",True,True,True,token_span_candidate_only,text_bert token row only; continuous text feature row provenance not established
12,11,2021,but,52,55,but,True,True,True,token_span_candidate_only,text_bert token row only; continuous text feature row provenance not established
12,12,2788,usually,56,63,usually,True,True,True,token_span_candidate_only,text_bert token row only; continuous text feature row provenance not established
12,13,2011,by,64,66,by,True,True,True,token_span_candidate_only,text_bert token row only; continuous text feature row provenance not established
12,14,2053,no,67,69,no,True,True,True,token_span_candidate_only,text_bert token row only; continuous text feature row provenance not established
12,15,6346,fault,70,75,fault,True,True,True,token_span_candidate_only,text_bert token row only; continuous text feature row provenance not established
12,16,1997,of,76,78,of,True,True,True,token_span_candidate_only,text_bert token row only; continuous text feature row provenance not established
12,17,2037,their,79,84,their,True,True,True,token_span_candidate_only,text_bert token row only; continuous text feature row provenance not established
12,18,2219,own,85,88,own,True,True,True,token_span_candidate_only,text_bert token row only; continuous text feature row provenance not established
12,19,1010,",",88,89,",",True,True,True,token_span_candidate_only,text_bert token row only; continuous text feature row provenance not established
12,20,2030,or,90,92,or,True,True,True,token_span_candidate_only,text_bert token row only; continuous text feature row provenance not established
12,21,3383,perhaps,93,100,perhaps,True,True,True,token_span_candidate_only,text_bert token row only; continuous text feature row provenance not established
12,22,2011,by,101,103,by,True,True,True,token_span_candidate_only,text_bert token row only; continuous text feature row provenance not established
12,23,6346,fault,104,109,fault,True,True,True,token_span_candidate_only,text_bert token row only; continuous text feature row provenance not established
12,24,1997,of,110,112,of,True,True,True,token_span_candidate_only,text_bert token row only; continuous text feature row provenance not established
12,25,2037,their,113,118,their,True,True,True,token_span_candidate_only,text_bert token row only; continuous text feature row provenance not established
12,26,2219,own,119,122,own,True,True,True,token_span_candidate_only,text_bert token row only; continuous text feature row provenance not established
12,27,1010,",",122,123,",",True,True,True,token_span_candidate_only,text_bert token row only; continuous text feature row provenance not established
12,28,2027,they,124,128,they,True,True,True,token_span_candidate_only,text_bert token row only; continuous text feature row provenance not established
12,29,2031,have,129,133,have,True,True,True,token_span_candidate_only,text_bert token row only; continuous text feature row provenance not established
12,30,2292,let,134,137,let,True,True,True,token_span_candidate_only,text_bert token row only; continuous text feature row provenance not established
12,31,2037,their,138,143,their,True,True,True,token_span_candidate_only,text_bert token row only; continuous text feature row provenance not established
12,32,4923,credit,144,150,credit,True,True,True,token_span_candidate_only,text_bert token row only; continuous text feature row provenance not established
12,33,7842,sa,151,153,sa,True,True,True,token_span_candidate_only,text_bert token row only; continuous text feature row provenance not established
12,34,2290,##g,153,154,g,True,True,True,token_span_candidate_only,text_bert token row only; continuous text feature row provenance not established
12,35,1010,",",154,155,",",True,True,True,token_span_candidate_only,text_bert token row only; continuous text feature row provenance not established
12,36,1998,and,156,159,and,True,True,True,token_span_candidate_only,text_bert token row only; continuous text feature row provenance not established
12,37,4923,credit,160,166,credit,True,True,True,token_span_candidate_only,text_bert token row only; continuous text feature row provenance not established
12,38,7644,scores,167,173,scores,True,True,True,token_span_candidate_only,text_bert token row only; continuous text feature row provenance not established
12,39,2003,is,174,176,is,True,True,True,token_span_candidate_only,text_bert token row only; continuous text feature row provenance not established
12,40,2200,very,177,181,very,True,True,True,token_span_candidate_only,text_bert token row only; continuous text feature row provenance not established
12,41,2659,low,182,185,low,True,True,True,token_span_candidate_only,text_bert token row only; continuous text feature row provenance not established
12,42,1012,.,185,186,.,True,True,True,token_span_candidate_only,text_bert token row only; continuous text feature row provenance not established
13,1,2005,for,0,3,For,True,True,True,token_span_candidate_only,text_bert token row only; continuous text feature row provenance not established
13,2,2742,example,4,11,example,True,True,True,token_span_candidate_only,text_bert token row only; continuous text feature row provenance not established
13,3,1010,",",11,12,",",True,True,True,token_span_candidate_only,text_bert token row only; continuous text feature row provenance not established
13,4,1045,i,13,14,I,True,True,True,token_span_candidate_only,text_bert token row only; continuous text feature row provenance not established
13,5,2071,could,15,20,could,True,True,True,token_span_candidate_only,text_bert token row only; continuous text feature row provenance not established
13,6,2202,take,21,25,take,True,True,True,token_span_candidate_only,text_bert token row only; continuous text feature row provenance not established
13,7,1037,a,26,27,a,True,True,True,token_span_candidate_only,text_bert token row only; continuous text feature row provenance not established
13,8,2275,set,28,31,set,True,True,True,token_span_candidate_only,text_bert token row only; continuous text feature row provenance not established
13,9,1997,of,32,34,of,True,True,True,token_span_candidate_only,text_bert token row only; continuous text feature row provenance not established
13,10,2951,data,35,39,data,True,True,True,token_span_candidate_only,text_bert token row only; continuous text feature row provenance not established
13,11,1998,and,40,43,and,True,True,True,token_span_candidate_only,text_bert token row only; continuous text feature row provenance not established
13,12,2013,from,44,48,from,True,True,True,token_span_candidate_only,text_bert token row only; continuous text feature row provenance not established
13,13,2008,that,49,53,that,True,True,True,token_span_candidate_only,text_bert token row only; continuous text feature row provenance not established
13,14,2951,data,54,58,data,True,True,True,token_span_candidate_only,text_bert token row only; continuous text feature row provenance not established
13,15,1010,",",58,59,",",True,True,True,token_span_candidate_only,text_bert token row only; continuous text feature row provenance not established
13,16,1045,i,60,61,I,True,True,True,token_span_candidate_only,text_bert token row only; continuous text feature row provenance not established
13,17,2064,can,62,65,can,True,True,True,token_span_candidate_only,text_bert token row only; continuous text feature row provenance not established
13,18,2424,find,66,70,find,True,True,True,token_span_candidate_only,text_bert token row only; continuous text feature row provenance not established
13,19,1037,a,71,72,a,True,True,True,token_span_candidate_only,text_bert token row only; continuous text feature row provenance not established
13,20,3276,relationship,73,85,relationship,True,True,True,token_span_candidate_only,text_bert token row only; continuous text feature row provenance not established
13,21,2090,between,86,93,between,True,True,True,token_span_candidate_only,text_bert token row only; continuous text feature row provenance not established
13,22,2151,any,94,97,any,True,True,True,token_span_candidate_only,text_bert token row only; continuous text feature row provenance not established
13,23,2048,two,98,101,two,True,True,True,token_span_candidate_only,text_bert token row only; continuous text feature row provenance not established
13,24,1997,of,102,104,of,True,True,True,token_span_candidate_only,text_bert token row only; continuous text feature row provenance not established
13,25,1996,the,105,108,the,True,True,True,token_span_candidate_only,text_bert token row only; continuous text feature row provenance not established
13,26,2445,given,109,114,given,True,True,True,token_span_candidate_only,text_bert token row only; continuous text feature row provenance not established
13,27,5876,factors,115,122,factors,True,True,True,token_span_candidate_only,text_bert token row only; continuous text feature row provenance not established
13,28,2030,or,123,125,or,True,True,True,token_span_candidate_only,text_bert token row only; continuous text feature row provenance not established
13,29,2062,more,126,130,more,True,True,True,token_span_candidate_only,text_bert token row only; continuous text feature row provenance not established
13,30,1012,.,130,131,.,True,True,True,token_span_candidate_only,text_bert token row only; continuous text feature row provenance not established
14,1,2002,he,0,2,He,True,True,True,token_span_candidate_only,text_bert token row only; continuous text feature row provenance not established
14,2,2003,is,3,5,is,True,True,True,token_span_candidate_only,text_bert token row only; continuous text feature row provenance not established
14,3,1996,the,6,9,the,True,True,True,token_span_candidate_only,text_bert token row only; continuous text feature row provenance not established
14,4,2522,co,10,12,co,True,True,True,token_span_candidate_only,text_bert token row only; continuous text feature row provenance not established
14,5,1011,-,12,13,-,True,True,True,token_span_candidate_only,text_bert token row only; continuous text feature row provenance not established
14,6,3910,founder,13,20,founder,True,True,True,token_span_candidate_only,text_bert token row only; continuous text feature row provenance not established
14,7,1997,of,21,23,of,True,True,True,token_span_candidate_only,text_bert token row only; continuous text feature row provenance not established
14,8,5811,ross,24,28,Ross,True,True,True,token_span_candidate_only,text_bert token row only; continuous text feature row provenance not established
14,9,2368,##en,28,30,en,True,True,True,token_span_candidate_only,text_bert token row only; continuous text feature row provenance not established
14,10,1998,and,31,34,and,True,True,True,token_span_candidate_only,text_bert token row only; continuous text feature row provenance not established
14,11,29525,vet,35,38,Vet,True,True,True,token_span_candidate_only,text_bert token row only; continuous text feature row provenance not established
14,12,4570,##tes,38,41,tes,True,True,True,token_span_candidate_only,text_bert token row only; continuous text feature row provenance not established
14,13,2063,##e,41,42,e,True,True,True,token_span_candidate_only,text_bert token row only; continuous text feature row provenance not established
14,14,3132,limited,43,50,Limited,True,True,True,token_span_candidate_only,text_bert token row only; continuous text feature row provenance not established
14,15,1998,and,51,54,and,True,True,True,token_span_candidate_only,text_bert token row only; continuous text feature row provenance not established
14,16,1996,the,55,58,the,True,True,True,token_span_candidate_only,text_bert token row only; continuous text feature row provenance not established
14,17,2280,former,59,65,former,True,True,True,token_span_candidate_only,text_bert token row only; continuous text feature row provenance not established
14,18,3237,executive,66,75,Executive,True,True,True,token_span_candidate_only,text_bert token row only; continuous text feature row provenance not established
14,19,2472,director,76,84,Director,True,True,True,token_span_candidate_only,text_bert token row only; continuous text feature row provenance not established
14,20,1997,of,85,87,of,True,True,True,token_span_candidate_only,text_bert token row only; continuous text feature row provenance not established
14,21,6375,uniform,88,95,Uniform,True,True,True,token_span_candidate_only,text_bert token row only; continuous text feature row provenance not established
14,22,2345,final,96,101,Final,True,True,True,token_span_candidate_only,text_bert token row only; continuous text feature row provenance not established
14,23,7749,examination,102,113,Examination,True,True,True,token_span_candidate_only,text_bert token row only; continuous text feature row provenance not established
14,24,1006,(,114,115,(,True,True,True,token_span_candidate_only,text_bert token row only; continuous text feature row provenance not established
14,25,1057,u,115,116,U,True,True,True,token_span_candidate_only,text_bert token row only; continuous text feature row provenance not established
14,26,7959,##fe,116,118,FE,True,True,True,token_span_candidate_only,text_bert token row only; continuous text feature row provenance not established
14,27,1007,),118,119,),True,True,True,token_span_candidate_only,text_bert token row only; continuous text feature row provenance not established
14,28,5352,courses,120,127,courses,True,True,True,token_span_candidate_only,text_bert token row only; continuous text feature row provenance not established
14,29,2012,at,128,130,at,True,True,True,token_span_candidate_only,text_bert token row only; continuous text feature row provenance not established
14,30,4361,toronto,131,138,Toronto,True,True,True,token_span_candidate_only,text_bert token row only; continuous text feature row provenance not established
14,31,1005,',138,139,',True,True,True,token_span_candidate_only,text_bert token row only; continuous text feature row provenance not established
14,32,1055,s,139,140,s,True,True,True,token_span_candidate_only,text_bert token row only; continuous text feature row provenance not established
14,33,2259,york,141,145,York,True,True,True,token_span_candidate_only,text_bert token row only; continuous text feature row provenance not established
14,34,2118,university,146,156,University,True,True,True,token_span_candidate_only,text_bert token row only; continuous text feature row provenance not established
14,35,1012,.,156,157,.,True,True,True,token_span_candidate_only,text_bert token row only; continuous text feature row provenance not established
15,1,2174,however,0,7,However,True,True,True,token_span_candidate_only,text_bert token row only; continuous text feature row provenance not established
15,2,1010,",",7,8,",",True,True,True,token_span_candidate_only,text_bert token row only; continuous text feature row provenance not established
15,3,2750,despite,9,16,despite,True,True,True,token_span_candidate_only,text_bert token row only; continuous text feature row provenance not established
15,4,2037,their,17,22,their,True,True,True,token_span_candidate_only,text_bert token row only; continuous text feature row provenance not established
15,5,5635,poverty,23,30,poverty,True,True,True,token_span_candidate_only,text_bert token row only; continuous text feature row provenance not established
15,6,1010,",",30,31,",",True,True,True,token_span_candidate_only,text_bert token row only; continuous text feature row provenance not established
15,7,1996,the,32,35,the,True,True,True,token_span_candidate_only,text_bert token row only; continuous text feature row provenance not established
15,8,2155,family,36,42,family,True,True,True,token_span_candidate_only,text_bert token row only; continuous text feature row provenance not established
15,9,3188,prior,43,48,prior,True,True,True,token_span_candidate_only,text_bert token row only; continuous text feature row provenance not established
15,10,25090,##iti,48,51,iti,True,True,True,token_span_candidate_only,text_bert token row only; continuous text feature row provenance not established
15,11,4371,##ze,51,53,ze,True,True,True,token_span_candidate_only,text_bert token row only; continuous text feature row provenance not established
15,12,2495,education,54,63,education,True,True,True,token_span_candidate_only,text_bert token row only; continuous text feature row provenance not established
15,13,2138,because,64,71,because,True,True,True,token_span_candidate_only,text_bert token row only; continuous text feature row provenance not established
15,14,2027,they,72,76,they,True,True,True,token_span_candidate_only,text_bert token row only; continuous text feature row provenance not established
15,15,3373,believed,77,85,believed,True,True,True,token_span_candidate_only,text_bert token row only; continuous text feature row provenance not established
15,16,1999,in,86,88,in,True,True,True,token_span_candidate_only,text_bert token row only; continuous text feature row provenance not established
15,17,2049,its,89,92,its,True,True,True,token_span_candidate_only,text_bert token row only; continuous text feature row provenance not established
15,18,2373,power,93,98,power,True,True,True,token_span_candidate_only,text_bert token row only; continuous text feature row provenance not established
15,19,2000,to,99,101,to,True,True,True,token_span_candidate_only,text_bert token row only; continuous text feature row provenance not established
15,20,10938,transform,102,111,transform,True,True,True,token_span_candidate_only,text_bert token row only; continuous text feature row provenance not established
15,21,3268,lives,112,117,lives,True,True,True,token_span_candidate_only,text_bert token row only; continuous text feature row provenance not established
16,1,2009,it,0,2,It,True,True,True,token_span_candidate_only,text_bert token row only; continuous text feature row provenance not established
16,2,1005,',2,3,',True,True,True,token_span_candidate_only,text_bert token row only; continuous text feature row provenance not established
16,3,1055,s,3,4,s,True,True,True,token_span_candidate_only,text_bert token row only; continuous text feature row provenance not established
16,4,1037,a,5,6,a,True,True,True,token_span_candidate_only,text_bert token row only; continuous text feature row provenance not established
16,5,6659,terrible,7,15,terrible,True,True,True,token_span_candidate_only,text_bert token row only; continuous text feature row provenance not established
16,6,1010,",",15,16,",",True,True,True,token_span_candidate_only,text_bert token row only; continuous text feature row provenance not established
16,7,2023,this,17,21,this,True,True,True,token_span_candidate_only,text_bert token row only; continuous text feature row provenance not established
16,8,2003,is,22,24,is,True,True,True,token_span_candidate_only,text_bert token row only; continuous text feature row provenance not established
16,9,1037,a,25,26,a,True,True,True,token_span_candidate_only,text_bert token row only; continuous text feature row provenance not established
16,10,6659,terrible,27,35,terrible,True,True,True,token_span_candidate_only,text_bert token row only; continuous text feature row provenance not established
16,11,3185,movie,36,41,movie,True,True,True,token_span_candidate_only,text_bert token row only; continuous text feature row provenance not established
17,1,11243,applying,0,8,Applying,True,True,True,token_span_candidate_only,text_bert token row only; continuous text feature row provenance not established
17,2,2122,these,9,14,these,True,True,True,token_span_candidate_only,text_bert token row only; continuous text feature row provenance not established
17,3,2176,four,15,19,four,True,True,True,token_span_candidate_only,text_bert token row only; continuous text feature row provenance not established
17,4,2640,design,20,26,design,True,True,True,token_span_candidate_only,text_bert token row only; continuous text feature row provenance not established
17,5,8474,concepts,27,35,concepts,True,True,True,token_span_candidate_only,text_bert token row only; continuous text feature row provenance not established
17,6,2000,to,36,38,to,True,True,True,token_span_candidate_only,text_bert token row only; continuous text feature row provenance not established
17,7,2115,your,39,43,your,True,True,True,token_span_candidate_only,text_bert token row only; continuous text feature row provenance not established
17,8,18216,presentations,44,57,presentations,True,True,True,token_span_candidate_only,text_bert token row only; continuous text feature row provenance not established
17,9,2003,is,58,60,is,True,True,True,token_span_candidate_only,text_bert token row only; continuous text feature row provenance not established
17,10,3722,simple,61,67,simple,True,True,True,token_span_candidate_only,text_bert token row only; continuous text feature row provenance not established
17,11,1010,",",67,68,",",True,True,True,token_span_candidate_only,text_bert token row only; continuous text feature row provenance not established
17,12,3733,easy,69,73,easy,True,True,True,token_span_candidate_only,text_bert token row only; continuous text feature row provenance not established
17,13,1998,and,74,77,and,True,True,True,token_span_candidate_only,text_bert token row only; continuous text feature row provenance not established
17,14,2097,will,78,82,will,True,True,True,token_span_candidate_only,text_bert token row only; continuous text feature row provenance not established
17,15,2191,make,83,87,make,True,True,True,token_span_candidate_only,text_bert token row only; continuous text feature row provenance not established
17,16,2111,people,88,94,people,True,True,True,token_span_candidate_only,text_bert token row only; continuous text feature row provenance not established
17,17,2228,think,95,100,think,True,True,True,token_span_candidate_only,text_bert token row only; continuous text feature row provenance not established
17,18,2017,you,101,104,you,True,True,True,token_span_candidate_only,text_bert token row only; continuous text feature row provenance not established
17,19,2357,turned,105,111,turned,True,True,True,token_span_candidate_only,text_bert token row only; continuous text feature row provenance not established
17,20,2046,into,112,116,into,True,True,True,token_span_candidate_only,text_bert token row only; continuous text feature row provenance not established
17,21,1037,a,117,118,a,True,True,True,token_span_candidate_only,text_bert token row only; continuous text feature row provenance not established
17,22,2640,design,119,125,design,True,True,True,token_span_candidate_only,text_bert token row only; continuous text feature row provenance not established
17,23,11972,guru,126,130,guru,True,True,True,token_span_candidate_only,text_bert token row only; continuous text feature row provenance not established
17,24,1012,.,130,131,.,True,True,True,token_span_candidate_only,text_bert token row only; continuous text feature row provenance not established
18,1,1011,-,0,1,-,True,True,True,token_span_candidate_only,text_bert token row only; continuous text feature row provenance not established
18,2,1998,and,1,4,And,True,True,True,token_span_candidate_only,text_bert token row only; continuous text feature row provenance not established
18,3,1999,in,5,7,in,True,True,True,token_span_candidate_only,text_bert token row only; continuous text feature row provenance not established
18,4,5842,denmark,8,15,Denmark,True,True,True,token_span_candidate_only,text_bert token row only; continuous text feature row provenance not established
18,5,1011,-,16,17,-,True,True,True,token_span_candidate_only,text_bert token row only; continuous text feature row provenance not established
18,6,1996,the,18,21,the,True,True,True,token_span_candidate_only,text_bert token row only; continuous text feature row provenance not established
18,7,2034,first,22,27,first,True,True,True,token_span_candidate_only,text_bert token row only; continuous text feature row provenance not established
18,8,11275,baltic,28,34,Baltic,True,True,True,token_span_candidate_only,text_bert token row only; continuous text feature row provenance not established
18,9,19429,cod,35,38,Cod,True,True,True,token_span_candidate_only,text_bert token row only; continuous text feature row provenance not established
18,10,22880,fishery,39,46,fishery,True,True,True,token_span_candidate_only,text_bert token row only; continuous text feature row provenance not established
18,11,2038,has,47,50,has,True,True,True,token_span_candidate_only,text_bert token row only; continuous text feature row provenance not established
18,12,2042,been,51,55,been,True,True,True,token_span_candidate_only,text_bert token row only; continuous text feature row provenance not established
18,13,23794,msc,56,59,MSC,True,True,True,token_span_candidate_only,text_bert token row only; continuous text feature row provenance not established
18,14,1516,–,60,61,–,True,True,True,token_span_candidate_only,text_bert token row only; continuous text feature row provenance not established
18,15,7378,certified,62,71,certified,True,True,True,token_span_candidate_only,text_bert token row only; continuous text feature row provenance not established
18,16,1011,-,72,73,-,True,True,True,token_span_candidate_only,text_bert token row only; continuous text feature row provenance not established
18,17,5564,meanwhile,73,82,Meanwhile,True,True,True,token_span_candidate_only,text_bert token row only; continuous text feature row provenance not established
18,18,1010,",",82,83,",",True,True,True,token_span_candidate_only,text_bert token row only; continuous text feature row provenance not established
18,19,1996,the,84,87,the,True,True,True,token_span_candidate_only,text_bert token row only; continuous text feature row provenance not established
18,20,17282,fae,88,91,Fae,True,True,True,token_span_candidate_only,text_bert token row only; continuous text feature row provenance not established
18,21,3217,##ro,91,93,ro,True,True,True,token_span_candidate_only,text_bert token row only; continuous text feature row provenance not established
18,22,6810,##ese,93,96,ese,True,True,True,token_span_candidate_only,text_bert token row only; continuous text feature row provenance not established
18,23,11349,mack,97,101,Mack,True,True,True,token_span_candidate_only,text_bert token row only; continuous text feature row provenance not established
18,24,7869,##ere,101,104,ere,True,True,True,token_span_candidate_only,text_bert token row only; continuous text feature row provenance not established
18,25,2140,##l,104,105,l,True,True,True,token_span_candidate_only,text_bert token row only; continuous text feature row provenance not established
18,26,22880,fishery,106,113,Fishery,True,True,True,token_span_candidate_only,text_bert token row only; continuous text feature row provenance not established
18,27,2038,has,114,117,has,True,True,True,token_span_candidate_only,text_bert token row only; continuous text feature row provenance not established
18,28,2042,been,118,122,been,True,True,True,token_span_candidate_only,text_bert token row only; continuous text feature row provenance not established
18,29,6380,denied,123,129,denied,True,True,True,token_span_candidate_only,text_bert token row only; continuous text feature row provenance not established
18,30,23794,msc,130,133,MSC,True,True,True,token_span_candidate_only,text_bert token row only; continuous text feature row provenance not established
18,31,10618,certification,134,147,certification,True,True,True,token_span_candidate_only,text_bert token row only; continuous text feature row provenance not established
18,32,2241,based,148,153,based,True,True,True,token_span_candidate_only,text_bert token row only; continuous text feature row provenance not established
18,33,2006,on,154,156,on,True,True,True,token_span_candidate_only,text_bert token row only; continuous text feature row provenance not established
18,34,1996,the,157,160,the,True,True,True,token_span_candidate_only,text_bert token row only; continuous text feature row provenance not established
18,35,2755,fact,161,165,fact,True,True,True,token_span_candidate_only,text_bert token row only; continuous text feature row provenance not established
18,36,2008,that,166,170,that,True,True,True,token_span_candidate_only,text_bert token row only; continuous text feature row provenance not established
18,37,1996,the,171,174,the,True,True,True,token_span_candidate_only,text_bert token row only; continuous text feature row provenance not established
18,38,22880,fishery,175,182,fishery,True,True,True,token_span_candidate_only,text_bert token row only; continuous text feature row provenance not established
18,39,2038,has,183,186,has,True,True,True,token_span_candidate_only,text_bert token row only; continuous text feature row provenance not established
18,40,3478,failed,187,193,failed,True,True,True,token_span_candidate_only,text_bert token row only; continuous text feature row provenance not established
18,41,2000,to,194,196,to,True,True,True,token_span_candidate_only,text_bert token row only; continuous text feature row provenance not established
18,42,3362,reach,197,202,reach,True,True,True,token_span_candidate_only,text_bert token row only; continuous text feature row provenance not established
18,43,2019,an,203,205,an,True,True,True,token_span_candidate_only,text_bert token row only; continuous text feature row provenance not established
18,44,3820,agreement,206,215,agreement,True,True,True,token_span_candidate_only,text_bert token row only; continuous text feature row provenance not established
18,45,2006,on,216,218,on,True,True,True,token_span_candidate_only,text_bert token row only; continuous text feature row provenance not established
18,46,11349,mack,219,223,mack,True,True,True,token_span_candidate_only,text_bert token row only; continuous text feature row provenance not established
18,47,7869,##ere,223,226,ere,True,True,True,token_span_candidate_only,text_bert token row only; continuous text feature row provenance not established
18,48,2140,##l,226,227,l,True,True,True,token_span_candidate_only,text_bert token row only; continuous text feature row provenance not established
19,1,2111,people,0,6,People,True,True,True,token_span_candidate_only,text_bert token row only; continuous text feature row provenance not established
19,2,2024,are,7,10,are,True,True,True,token_span_candidate_only,text_bert token row only; continuous text feature row provenance not established
19,3,10889,surprisingly,11,23,surprisingly,True,True,True,token_span_candidate_only,text_bert token row only; continuous text feature row provenance not established
19,4,2005,for,24,27,for,True,True,True,token_span_candidate_only,text_bert token row only; continuous text feature row provenance not established
19,5,23795,##giving,27,33,giving,True,True,True,token_span_candidate_only,text_bert token row only; continuous text feature row provenance not established
19,6,9639,brands,34,40,brands,True,True,True,token_span_candidate_only,text_bert token row only; continuous text feature row provenance not established
19,7,2043,when,41,45,when,True,True,True,token_span_candidate_only,text_bert token row only; continuous text feature row provenance not established
19,8,2027,they,46,50,they,True,True,True,token_span_candidate_only,text_bert token row only; continuous text feature row provenance not established
19,9,2219,own,51,54,own,True,True,True,token_span_candidate_only,text_bert token row only; continuous text feature row provenance not established
19,10,2039,up,55,57,up,True,True,True,token_span_candidate_only,text_bert token row only; continuous text feature row provenance not established
19,11,2000,to,58,60,to,True,True,True,token_span_candidate_only,text_bert token row only; continuous text feature row provenance not established
19,12,12051,mistakes,61,69,mistakes,True,True,True,token_span_candidate_only,text_bert token row only; continuous text feature row provenance not established
19,13,1010,",",69,70,",",True,True,True,token_span_candidate_only,text_bert token row only; continuous text feature row provenance not established
19,14,1998,and,71,74,and,True,True,True,token_span_candidate_only,text_bert token row only; continuous text feature row provenance not established
19,15,6854,unfortunately,75,88,unfortunately,True,True,True,token_span_candidate_only,text_bert token row only; continuous text feature row provenance not established
19,16,2070,some,89,93,some,True,True,True,token_span_candidate_only,text_bert token row only; continuous text feature row provenance not established
19,17,5223,hate,94,98,hate,True,True,True,token_span_candidate_only,text_bert token row only; continuous text feature row provenance not established
19,18,2869,##rs,98,100,rs,True,True,True,token_span_candidate_only,text_bert token row only; continuous text feature row provenance not established
19,19,2041,out,101,104,out,True,True,True,token_span_candidate_only,text_bert token row only; continuous text feature row provenance not established
19,20,2045,there,105,110,there,True,True,True,token_span_candidate_only,text_bert token row only; continuous text feature row provenance not established
19,21,2293,love,111,115,love,True,True,True,token_span_candidate_only,text_bert token row only; continuous text feature row provenance not established
19,22,2000,to,116,118,to,True,True,True,token_span_candidate_only,text_bert token row only; continuous text feature row provenance not established
19,23,2391,point,119,124,point,True,True,True,token_span_candidate_only,text_bert token row only; continuous text feature row provenance not established
19,24,3093,fingers,125,132,fingers,True,True,True,token_span_candidate_only,text_bert token row only; continuous text feature row provenance not established
19,25,1998,and,133,136,and,True,True,True,token_span_candidate_only,text_bert token row only; continuous text feature row provenance not established
19,26,5376,jump,137,141,jump,True,True,True,token_span_candidate_only,text_bert token row only; continuous text feature row provenance not established
19,27,2035,all,142,145,all,True,True,True,token_span_candidate_only,text_bert token row only; continuous text feature row provenance not established
19,28,2058,over,146,150,over,True,True,True,token_span_candidate_only,text_bert token row only; continuous text feature row provenance not established
19,29,29238,imperfect,151,160,imperfect,True,True,True,token_span_candidate_only,text_bert token row only; continuous text feature row provenance not established
19,30,8496,##ions,160,164,ions,True,True,True,token_span_candidate_only,text_bert token row only; continuous text feature row provenance not established
19,31,1010,",",164,165,",",True,True,True,token_span_candidate_only,text_bert token row only; continuous text feature row provenance not established
19,32,2021,but,166,169,but,True,True,True,token_span_candidate_only,text_bert token row only; continuous text feature row provenance not established
19,33,2005,for,170,173,for,True,True,True,token_span_candidate_only,text_bert token row only; continuous text feature row provenance not established
19,34,1996,the,174,177,the,True,True,True,token_span_candidate_only,text_bert token row only; continuous text feature row provenance not established
19,35,2087,most,178,182,most,True,True,True,token_span_candidate_only,text_bert token row only; continuous text feature row provenance not established
19,36,2112,part,183,187,part,True,True,True,token_span_candidate_only,text_bert token row only; continuous text feature row provenance not established
19,37,1010,",",187,188,",",True,True,True,token_span_candidate_only,text_bert token row only; continuous text feature row provenance not established
19,38,2111,people,189,195,people,True,True,True,token_span_candidate_only,text_bert token row only; continuous text feature row provenance not established
19,39,3305,understand,196,206,understand,True,True,True,token_span_candidate_only,text_bert token row only; continuous text feature row provenance not established
20,1,1998,and,0,3,And,True,True,True,token_span_candidate_only,text_bert token row only; continuous text feature row provenance not established
20,2,1997,of,4,6,of,True,True,True,token_span_candidate_only,text_bert token row only; continuous text feature row provenance not established
20,3,2607,course,7,13,course,True,True,True,token_span_candidate_only,text_bert token row only; continuous text feature row provenance not established
20,4,1010,",",13,14,",",True,True,True,token_span_candidate_only,text_bert token row only; continuous text feature row provenance not established
20,5,11562,click,15,20,click,True,True,True,token_span_candidate_only,text_bert token row only; continuous text feature row provenance not established
20,6,1999,in,21,23,in,True,True,True,token_span_candidate_only,text_bert token row only; continuous text feature row provenance not established
20,7,1996,the,24,27,the,True,True,True,token_span_candidate_only,text_bert token row only; continuous text feature row provenance not established
20,8,4957,link,28,32,link,True,True,True,token_span_candidate_only,text_bert token row only; continuous text feature row provenance not established
20,9,1997,of,33,35,of,True,True,True,token_span_candidate_only,text_bert token row only; continuous text feature row provenance not established
20,10,1996,the,36,39,the,True,True,True,token_span_candidate_only,text_bert token row only; continuous text feature row provenance not established
20,11,6412,description,40,51,description,True,True,True,token_span_candidate_only,text_bert token row only; continuous text feature row provenance not established
20,12,1997,of,52,54,of,True,True,True,token_span_candidate_only,text_bert token row only; continuous text feature row provenance not established
20,13,2023,this,55,59,this,True,True,True,token_span_candidate_only,text_bert token row only; continuous text feature row provenance not established
20,14,2678,video,60,65,video,True,True,True,token_span_candidate_only,text_bert token row only; continuous text feature row provenance not established
20,15,2005,for,66,69,for,True,True,True,token_span_candidate_only,text_bert token row only; continuous text feature row provenance not established
20,16,2062,more,70,74,more,True,True,True,token_span_candidate_only,text_bert token row only; continuous text feature row provenance not established
20,17,1010,",",74,75,",",True,True,True,token_span_candidate_only,text_bert token row only; continuous text feature row provenance not established
20,18,1998,and,76,79,and,True,True,True,token_span_candidate_only,text_bert token row only; continuous text feature row provenance not established
20,19,2057,we,80,82,we,True,True,True,token_span_candidate_only,text_bert token row only; continuous text feature row provenance not established
20,20,1005,',82,83,',True,True,True,token_span_candidate_only,text_bert token row only; continuous text feature row provenance not established
20,21,2222,ll,83,85,ll,True,True,True,token_span_candidate_only,text_bert token row only; continuous text feature row provenance not established
20,22,2031,have,86,90,have,True,True,True,token_span_candidate_only,text_bert token row only; continuous text feature row provenance not established
20,23,2062,more,91,95,more,True,True,True,token_span_candidate_only,text_bert token row only; continuous text feature row provenance not established
20,24,2444,live,96,100,live,True,True,True,token_span_candidate_only,text_bert token row only; continuous text feature row provenance not established
20,25,14409,updates,101,108,updates,True,True,True,token_span_candidate_only,text_bert token row only; continuous text feature row provenance not established
20,26,1998,and,109,112,and,True,True,True,token_span_candidate_only,text_bert token row only; continuous text feature row provenance not established
20,27,1037,a,113,114,a,True,True,True,token_span_candidate_only,text_bert token row only; continuous text feature row provenance not established
20,28,4518,stock,115,120,stock,True,True,True,token_span_candidate_only,text_bert token row only; continuous text feature row provenance not established
20,29,3006,market,121,127,market,True,True,True,token_span_candidate_only,text_bert token row only; continuous text feature row provenance not established
20,30,2678,video,128,133,video,True,True,True,token_span_candidate_only,text_bert token row only; continuous text feature row provenance not established
20,31,1006,(,134,135,(,True,True,True,token_span_candidate_only,text_bert token row only; continuous text feature row provenance not established
20,32,10236,wrap,135,139,wrap,True,True,True,token_span_candidate_only,text_bert token row only; continuous text feature row provenance not established
20,33,1011,-,139,140,-,True,True,True,token_span_candidate_only,text_bert token row only; continuous text feature row provenance not established
20,34,2039,up,140,142,up,True,True,True,token_span_candidate_only,text_bert token row only; continuous text feature row provenance not established
20,35,1007,),142,143,),True,True,True,token_span_candidate_only,text_bert token row only; continuous text feature row provenance not established
20,36,2012,at,144,146,at,True,True,True,token_span_candidate_only,text_bert token row only; continuous text feature row provenance not established
20,37,1996,the,147,150,the,True,True,True,token_span_candidate_only,text_bert token row only; continuous text feature row provenance not established
20,38,2203,end,151,154,end,True,True,True,token_span_candidate_only,text_bert token row only; continuous text feature row provenance not established
20,39,1997,of,155,157,of,True,True,True,token_span_candidate_only,text_bert token row only; continuous text feature row provenance not established
20,40,1996,the,158,161,the,True,True,True,token_span_candidate_only,text_bert token row only; continuous text feature row provenance not established
20,41,2154,day,162,165,day,True,True,True,token_span_candidate_only,text_bert token row only; continuous text feature row provenance not established
20,42,2651,today,166,171,today,True,True,True,token_span_candidate_only,text_bert token row only; continuous text feature row provenance not established
20,43,1012,.,171,172,.,True,True,True,token_span_candidate_only,text_bert token row only; continuous text feature row provenance not established
