sample_id,target,modality,official_seq_index,signed_importance,absolute_importance,mapping_status,token_id,char_start,char_end,raw_text_substring
01,classification,text,9,0.013017341494560242,0.013017341494560242,verified_text,5583,58,62,belt
01,classification,text,22,0.012944449670612812,0.012944449670612812,verified_text,5918,125,137,requirements
01,classification,text,10,0.011686291545629501,0.011686291545629501,verified_text,2003,63,65,is
01,classification,text,4,0.009811838157474995,0.009811838157474995,verified_text,6177,21,31,components
01,classification,text,16,0.009075459092855453,0.009075459092855453,verified_text,5583,96,100,belt
01,classification,audio,2,-0.0024711093865334988,0.0024711093865334988,index_only,,,,
01,classification,audio,19,0.002249995246529579,0.002249995246529579,index_only,,,,
01,classification,audio,22,0.002181470626965165,0.002181470626965165,index_only,,,,
01,classification,audio,20,0.0020485271234065294,0.0020485271234065294,index_only,,,,
01,classification,audio,21,0.0020485271234065294,0.0020485271234065294,index_only,,,,
01,classification,vision,4,0.0018288188148289919,0.0018288188148289919,index_only,,,,
01,classification,vision,3,0.0013855407014489174,0.0013855407014489174,index_only,,,,
01,classification,vision,1,0.0012774921488016844,0.0012774921488016844,index_only,,,,
01,classification,vision,20,-0.00127601926214993,0.00127601926214993,index_only,,,,
01,classification,vision,21,-0.00127601926214993,0.00127601926214993,index_only,,,,
01,regression,text,12,0.025513771921396255,0.025513771921396255,verified_text,2000,76,78,to
01,regression,text,15,0.01693783327937126,0.01693783327937126,verified_text,2047,92,95,new
01,regression,text,13,0.01581033691763878,0.01581033691763878,verified_text,12725,79,87,ensuring
01,regression,text,17,-0.014134412631392479,0.014134412631392479,verified_text,10438,101,109,performs
01,regression,text,22,-0.01307286974042654,0.01307286974042654,verified_text,5918,125,137,requirements
01,regression,audio,1,0.007598157040774822,0.007598157040774822,index_only,,,,
01,regression,audio,19,-0.006983417086303234,0.006983417086303234,index_only,,,,
01,regression,audio,20,-0.005719741806387901,0.005719741806387901,index_only,,,,
01,regression,audio,21,-0.005719741806387901,0.005719741806387901,index_only,,,,
01,regression,audio,8,0.004762677010148764,0.004762677010148764,index_only,,,,
01,regression,vision,4,-0.003966962918639183,0.003966962918639183,index_only,,,,
01,regression,vision,3,-0.0030697754118591547,0.0030697754118591547,index_only,,,,
01,regression,vision,22,0.002648206427693367,0.002648206427693367,index_only,,,,
01,regression,vision,20,0.0026087379083037376,0.0026087379083037376,index_only,,,,
01,regression,vision,21,0.0026087379083037376,0.0026087379083037376,index_only,,,,
02,classification,text,9,0.03809332847595215,0.03809332847595215,verified_text,1055,30,31,s
02,classification,text,18,-0.03697902709245682,0.03697902709245682,verified_text,14624,64,70,misery
02,classification,text,10,0.03396720066666603,0.03396720066666603,verified_text,8404,32,41,happiness
02,classification,text,3,0.027637101709842682,0.027637101709842682,verified_text,2000,8,10,to
02,classification,text,11,0.026417143642902374,0.026417143642902374,verified_text,1011,42,43,-
02,classification,audio,4,-0.0046492586843669415,0.0046492586843669415,index_only,,,,
02,classification,audio,5,-0.002888557268306613,0.002888557268306613,index_only,,,,
02,classification,audio,6,-0.0027645090594887733,0.0027645090594887733,index_only,,,,
02,classification,audio,18,-0.002113834023475647,0.002113834023475647,index_only,,,,
02,classification,audio,19,-0.002113834023475647,0.002113834023475647,index_only,,,,
02,classification,vision,15,-0.0018664076924324036,0.0018664076924324036,index_only,,,,
02,classification,vision,16,-0.0018664076924324036,0.0018664076924324036,index_only,,,,
02,classification,vision,17,-0.0018664076924324036,0.0018664076924324036,index_only,,,,
02,classification,vision,14,-0.0016890368424355984,0.0016890368424355984,index_only,,,,
02,classification,vision,18,-0.0016592026222497225,0.0016592026222497225,index_only,,,,
02,regression,text,18,-0.0934026688337326,0.0934026688337326,verified_text,14624,64,70,misery
02,regression,text,9,0.047301992774009705,0.047301992774009705,verified_text,1055,30,31,s
02,regression,text,10,0.031589388847351074,0.031589388847351074,verified_text,8404,32,41,happiness
02,regression,text,3,0.029828796163201332,0.029828796163201332,verified_text,2000,8,10,to
02,regression,text,5,0.028752917423844337,0.028752917423844337,verified_text,2011,16,18,by
02,regression,audio,4,-0.007026510778814554,0.007026510778814554,index_only,,,,
02,regression,audio,1,0.005049397237598896,0.005049397237598896,index_only,,,,
02,regression,audio,11,-0.004157785326242447,0.004157785326242447,index_only,,,,
02,regression,audio,5,-0.0041434974409639835,0.0041434974409639835,index_only,,,,
02,regression,audio,18,-0.004128783009946346,0.004128783009946346,index_only,,,,
02,regression,vision,15,-0.0037623755633831024,0.0037623755633831024,index_only,,,,
02,regression,vision,16,-0.0037623755633831024,0.0037623755633831024,index_only,,,,
02,regression,vision,17,-0.0037623755633831024,0.0037623755633831024,index_only,,,,
02,regression,vision,14,-0.003507285611703992,0.003507285611703992,index_only,,,,
02,regression,vision,18,-0.0034183983225375414,0.0034183983225375414,index_only,,,,
03,classification,text,20,0.029177065938711166,0.029177065938711166,verified_text,1056,72,73,t
03,classification,text,28,0.01941603608429432,0.01941603608429432,verified_text,2202,112,116,take
03,classification,text,18,0.01917937584221363,0.01917937584221363,verified_text,2123,68,71,don
03,classification,text,14,0.018937457352876663,0.018937457352876663,verified_text,2074,50,54,just
03,classification,text,24,0.018695546314120293,0.018695546314120293,verified_text,2046,93,97,into
03,classification,audio,14,-0.0027240084018558264,0.0027240084018558264,index_only,,,,
03,classification,audio,13,-0.002675662748515606,0.002675662748515606,index_only,,,,
03,classification,audio,30,-0.0025071417912840843,0.0025071417912840843,index_only,,,,
03,classification,audio,32,-0.002037209924310446,0.002037209924310446,index_only,,,,
03,classification,audio,33,-0.002037209924310446,0.002037209924310446,index_only,,,,
03,classification,vision,4,-0.001825973973609507,0.001825973973609507,index_only,,,,
03,classification,vision,1,-0.0016885726945474744,0.0016885726945474744,index_only,,,,
03,classification,vision,2,-0.0016885726945474744,0.0016885726945474744,index_only,,,,
03,classification,vision,3,-0.0016885726945474744,0.0016885726945474744,index_only,,,,
03,classification,vision,18,-0.0015379823744297028,0.0015379823744297028,index_only,,,,
03,regression,text,20,-0.04280823469161987,0.04280823469161987,verified_text,1056,72,73,t
03,regression,text,28,-0.03195951506495476,0.03195951506495476,verified_text,2202,112,116,take
03,regression,text,24,-0.03117739036679268,0.03117739036679268,verified_text,2046,93,97,into
03,regression,text,14,-0.030128680169582367,0.030128680169582367,verified_text,2074,50,54,just
03,regression,text,18,-0.02881886437535286,0.02881886437535286,verified_text,2123,68,71,don
03,regression,audio,13,0.007256313227117062,0.007256313227117062,index_only,,,,
03,regression,audio,8,0.005527337081730366,0.005527337081730366,index_only,,,,
03,regression,audio,30,0.005341295152902603,0.005341295152902603,index_only,,,,
03,regression,audio,32,0.00477958656847477,0.00477958656847477,index_only,,,,
03,regression,audio,33,0.00477958656847477,0.00477958656847477,index_only,,,,
03,regression,vision,4,0.0037928016390651464,0.0037928016390651464,index_only,,,,
03,regression,vision,13,-0.0033553065732121468,0.0033553065732121468,index_only,,,,
03,regression,vision,1,0.003194927703589201,0.003194927703589201,index_only,,,,
03,regression,vision,2,0.003194927703589201,0.003194927703589201,index_only,,,,
03,regression,vision,3,0.003194927703589201,0.003194927703589201,index_only,,,,
04,classification,text,25,-0.05288418009877205,0.05288418009877205,verified_text,2025,103,106,not
04,classification,text,10,-0.045646779239177704,0.045646779239177704,verified_text,2323,35,41,should
04,classification,text,18,0.02660766802728176,0.02660766802728176,verified_text,2175,73,75,GO
04,classification,text,21,-0.025744125247001648,0.025744125247001648,verified_text,9119,82,89,goodbye
04,classification,text,11,-0.024978583678603172,0.024978583678603172,verified_text,1045,42,43,I
04,classification,audio,25,0.008120068348944187,0.008120068348944187,index_only,,,,
04,classification,audio,26,0.008120068348944187,0.008120068348944187,index_only,,,,
04,classification,audio,1,0.0076111843809485435,0.0076111843809485435,index_only,,,,
04,classification,audio,15,0.007461459841579199,0.007461459841579199,index_only,,,,
04,classification,audio,16,0.007106225937604904,0.007106225937604904,index_only,,,,
04,classification,vision,15,0.011122848838567734,0.011122848838567734,index_only,,,,
04,classification,vision,14,0.010619373992085457,0.010619373992085457,index_only,,,,
04,classification,vision,13,0.009539926424622536,0.009539926424622536,index_only,,,,
04,classification,vision,10,0.009285932406783104,0.009285932406783104,index_only,,,,
04,classification,vision,7,0.009209154173731804,0.009209154173731804,index_only,,,,
04,regression,text,25,-0.11350269615650177,0.11350269615650177,verified_text,2025,103,106,not
04,regression,text,10,-0.09161034971475601,0.09161034971475601,verified_text,2323,35,41,should
04,regression,text,21,-0.055530548095703125,0.055530548095703125,verified_text,9119,82,89,goodbye
04,regression,text,11,-0.044710904359817505,0.044710904359817505,verified_text,1045,42,43,I
04,regression,text,26,-0.043696992099285126,0.043696992099285126,verified_text,1012,106,107,.
04,regression,audio,15,0.01155952550470829,0.01155952550470829,index_only,,,,
04,regression,audio,25,0.011505383998155594,0.011505383998155594,index_only,,,,
04,regression,audio,26,0.011505383998155594,0.011505383998155594,index_only,,,,
04,regression,audio,24,0.011400150135159492,0.011400150135159492,index_only,,,,
04,regression,audio,14,0.010907581076025963,0.010907581076025963,index_only,,,,
04,regression,vision,15,0.025200702250003815,0.025200702250003815,index_only,,,,
04,regression,vision,14,0.025034498423337936,0.025034498423337936,index_only,,,,
04,regression,vision,13,0.022235460579395294,0.022235460579395294,index_only,,,,
04,regression,vision,12,0.021312175318598747,0.021312175318598747,index_only,,,,
04,regression,vision,11,0.021176960319280624,0.021176960319280624,index_only,,,,
05,classification,text,2,0.04322992265224457,0.04322992265224457,verified_text,1010,2,3,","
05,classification,text,5,0.029677793383598328,0.029677793383598328,verified_text,2003,12,14,is
05,classification,text,12,0.023744069039821625,0.023744069039821625,verified_text,2417,41,44,Red
05,classification,text,8,0.017595883458852768,0.017595883458852768,verified_text,2678,22,27,video
05,classification,text,1,0.015819929540157318,0.015819929540157318,verified_text,7632,0,2,Hi
05,classification,audio,14,-0.0038719731383025646,0.0038719731383025646,index_only,,,,
05,classification,audio,15,-0.0038719731383025646,0.0038719731383025646,index_only,,,,
05,classification,audio,1,-0.002763671800494194,0.002763671800494194,index_only,,,,
05,classification,audio,2,-0.002763671800494194,0.002763671800494194,index_only,,,,
05,classification,audio,12,-0.0019895080476999283,0.0019895080476999283,index_only,,,,
05,classification,vision,1,0.01650449074804783,0.01650449074804783,index_only,,,,
05,classification,vision,2,0.01650449074804783,0.01650449074804783,index_only,,,,
05,classification,vision,4,0.015573471784591675,0.015573471784591675,index_only,,,,
05,classification,vision,3,0.014996171928942204,0.014996171928942204,index_only,,,,
05,classification,vision,5,0.014452867209911346,0.014452867209911346,index_only,,,,
05,regression,text,12,0.02653946727514267,0.02653946727514267,verified_text,2417,41,44,Red
05,regression,text,6,-0.023894643411040306,0.023894643411040306,verified_text,9318,15,20,Chloe
05,regression,text,3,-0.018626539036631584,0.018626539036631584,verified_text,2026,4,6,my
05,regression,text,4,-0.01839340291917324,0.01839340291917324,verified_text,2171,7,11,name
05,regression,text,13,-0.018237978219985962,0.018237978219985962,verified_text,9540,45,50,Wagon
05,regression,audio,13,-0.0073461527936160564,0.0073461527936160564,index_only,,,,
05,regression,audio,14,-0.007196861319243908,0.007196861319243908,index_only,,,,
05,regression,audio,15,-0.007196861319243908,0.007196861319243908,index_only,,,,
05,regression,audio,1,-0.006530494429171085,0.006530494429171085,index_only,,,,
05,regression,audio,2,-0.006530494429171085,0.006530494429171085,index_only,,,,
05,regression,vision,1,0.025481095537543297,0.025481095537543297,index_only,,,,
05,regression,vision,2,0.025481095537543297,0.025481095537543297,index_only,,,,
05,regression,vision,4,0.024363288655877113,0.024363288655877113,index_only,,,,
05,regression,vision,3,0.023496095091104507,0.023496095091104507,index_only,,,,
05,regression,vision,5,0.022167783230543137,0.022167783230543137,index_only,,,,
06,classification,text,21,0.030596477910876274,0.030596477910876274,verified_text,8052,79,89,impressive
06,classification,text,6,0.03037456050515175,0.03037456050515175,verified_text,5470,12,15,fan
06,classification,text,24,0.03011235222220421,0.03011235222220421,verified_text,2059,102,106,then
06,classification,text,14,0.021865911781787872,0.021865911781787872,verified_text,2066,47,51,like
06,classification,text,9,0.019269263371825218,0.019269263371825218,verified_text,1999,27,29,in
06,classification,audio,2,0.004306204617023468,0.004306204617023468,index_only,,,,
06,classification,audio,3,0.004306204617023468,0.004306204617023468,index_only,,,,
06,classification,audio,4,0.004306204617023468,0.004306204617023468,index_only,,,,
06,classification,audio,21,0.004136677365750074,0.004136677365750074,index_only,,,,
06,classification,audio,1,0.003998523112386465,0.003998523112386465,index_only,,,,
06,classification,vision,16,-0.0027103214524686337,0.0027103214524686337,index_only,,,,
06,classification,vision,15,-0.0025030903052538633,0.0025030903052538633,index_only,,,,
06,classification,vision,14,-0.00241633178666234,0.00241633178666234,index_only,,,,
06,classification,vision,10,-0.0023363474756479263,0.0023363474756479263,index_only,,,,
06,classification,vision,17,-0.0022605259437114,0.0022605259437114,index_only,,,,
06,regression,text,21,0.031431760638952255,0.031431760638952255,verified_text,8052,79,89,impressive
06,regression,text,6,0.029509413987398148,0.029509413987398148,verified_text,5470,12,15,fan
06,regression,text,29,-0.02661272883415222,0.02661272883415222,verified_text,4638,125,130,check
06,regression,text,24,0.01771647296845913,0.01771647296845913,verified_text,2059,102,106,then
06,regression,text,14,0.017364613711833954,0.017364613711833954,verified_text,2066,47,51,like
06,regression,audio,5,0.0062003000639379025,0.0062003000639379025,index_only,,,,
06,regression,audio,2,0.0060010068118572235,0.0060010068118572235,index_only,,,,
06,regression,audio,3,0.0060010068118572235,0.0060010068118572235,index_only,,,,
06,regression,audio,4,0.0060010068118572235,0.0060010068118572235,index_only,,,,
06,regression,audio,7,0.005882821045815945,0.005882821045815945,index_only,,,,
06,regression,vision,16,-0.004910820629447699,0.004910820629447699,index_only,,,,
06,regression,vision,14,-0.00476795295253396,0.00476795295253396,index_only,,,,
06,regression,vision,15,-0.00474505266174674,0.00474505266174674,index_only,,,,
06,regression,vision,13,-0.004372599069029093,0.004372599069029093,index_only,,,,
06,regression,vision,17,-0.004358768928796053,0.004358768928796053,index_only,,,,
07,classification,text,21,0.032547906041145325,0.032547906041145325,verified_text,24935,87,103,enthusiastically
07,classification,text,26,0.027482736855745316,0.027482736855745316,verified_text,3652,128,135,growing
07,classification,text,23,0.024400711059570312,0.024400711059570312,verified_text,1996,114,117,the
07,classification,text,27,0.019961809739470482,0.019961809739470482,verified_text,1996,136,139,the
07,classification,text,16,0.01965009793639183,0.01965009793639183,verified_text,2654,66,68,28
07,classification,audio,24,0.0014149283524602652,0.0014149283524602652,index_only,,,,
07,classification,audio,22,0.0012285830453038216,0.0012285830453038216,index_only,,,,
07,classification,audio,47,0.00104300316888839,0.00104300316888839,index_only,,,,
07,classification,audio,26,0.0008169941720552742,0.0008169941720552742,index_only,,,,
07,classification,audio,23,0.0008069233153946698,0.0008069233153946698,index_only,,,,
07,classification,vision,34,0.0019093278096988797,0.0019093278096988797,index_only,,,,
07,classification,vision,35,0.0019093278096988797,0.0019093278096988797,index_only,,,,
07,classification,vision,33,0.0017792914295569062,0.0017792914295569062,index_only,,,,
07,classification,vision,42,0.0017587791662663221,0.0017587791662663221,index_only,,,,
07,classification,vision,43,0.0017587791662663221,0.0017587791662663221,index_only,,,,
07,regression,text,21,0.030494071543216705,0.030494071543216705,verified_text,24935,87,103,enthusiastically
07,regression,text,23,0.01951114647090435,0.01951114647090435,verified_text,1996,114,117,the
07,regression,text,15,0.018305109813809395,0.018305109813809395,verified_text,2281,57,65,November
07,regression,text,26,0.01663811504840851,0.01663811504840851,verified_text,3652,128,135,growing
07,regression,text,16,0.015987932682037354,0.015987932682037354,verified_text,2654,66,68,28
07,regression,audio,24,0.004262987524271011,0.004262987524271011,index_only,,,,
07,regression,audio,23,0.0030126632191240788,0.0030126632191240788,index_only,,,,
07,regression,audio,22,0.0027321286033838987,0.0027321286033838987,index_only,,,,
07,regression,audio,6,-0.0025134007446467876,0.0025134007446467876,index_only,,,,
07,regression,audio,38,-0.0024107731878757477,0.0024107731878757477,index_only,,,,
07,regression,vision,26,-0.0027729268185794353,0.0027729268185794353,index_only,,,,
07,regression,vision,27,-0.0027055523823946714,0.0027055523823946714,index_only,,,,
07,regression,vision,1,-0.002684126840904355,0.002684126840904355,index_only,,,,
07,regression,vision,23,-0.0025533470325171947,0.0025533470325171947,index_only,,,,
07,regression,vision,24,-0.0024656939785927534,0.0024656939785927534,index_only,,,,
08,classification,text,8,0.1050858274102211,0.1050858274102211,verified_text,5415,31,40,Universal
08,classification,text,10,0.0747695341706276,0.0747695341706276,verified_text,2882,48,53,Grand
08,classification,text,2,0.07277347147464752,0.07277347147464752,verified_text,7545,5,11,brings
08,classification,text,4,0.04016347602009773,0.04016347602009773,verified_text,2000,15,17,to
08,classification,text,5,0.03534572944045067,0.03534572944045067,verified_text,3892,18,25,tonight
08,classification,audio,8,-0.005785483401268721,0.005785483401268721,index_only,,,,
08,classification,audio,7,-0.0038701279554516077,0.0038701279554516077,index_only,,,,
08,classification,audio,10,-0.003786552930250764,0.003786552930250764,index_only,,,,
08,classification,audio,11,-0.0033282923977822065,0.0033282923977822065,index_only,,,,
08,classification,audio,9,-0.0027545613702386618,0.0027545613702386618,index_only,,,,
08,classification,vision,7,-0.0029419625643640757,0.0029419625643640757,index_only,,,,
08,classification,vision,3,-0.002857751678675413,0.002857751678675413,index_only,,,,
08,classification,vision,5,-0.00265216501429677,0.00265216501429677,index_only,,,,
08,classification,vision,6,-0.00265216501429677,0.00265216501429677,index_only,,,,
08,classification,vision,8,-0.0022987769916653633,0.0022987769916653633,index_only,,,,
08,regression,text,8,0.09593169391155243,0.09593169391155243,verified_text,5415,31,40,Universal
08,regression,text,10,0.05727647989988327,0.05727647989988327,verified_text,2882,48,53,Grand
08,regression,text,2,0.03393393009901047,0.03393393009901047,verified_text,7545,5,11,brings
08,regression,text,6,-0.031162342056632042,0.031162342056632042,verified_text,1010,25,26,","
08,regression,text,9,0.02642357163131237,0.02642357163131237,verified_text,2640,41,47,Design
08,regression,audio,8,-0.009304550476372242,0.009304550476372242,index_only,,,,
08,regression,audio,1,0.009109043516218662,0.009109043516218662,index_only,,,,
08,regression,audio,7,-0.007874250411987305,0.007874250411987305,index_only,,,,
08,regression,audio,5,-0.006462285295128822,0.006462285295128822,index_only,,,,
08,regression,audio,6,-0.006462284363806248,0.006462284363806248,index_only,,,,
08,regression,vision,7,-0.00866718776524067,0.00866718776524067,index_only,,,,
08,regression,vision,3,-0.008300401270389557,0.008300401270389557,index_only,,,,
08,regression,vision,8,-0.008127257227897644,0.008127257227897644,index_only,,,,
08,regression,vision,2,-0.007937896996736526,0.007937896996736526,index_only,,,,
08,regression,vision,5,-0.007796038407832384,0.007796038407832384,index_only,,,,
09,classification,text,7,0.07957073301076889,0.07957073301076889,verified_text,2025,12,15,not
09,classification,text,6,0.07568947970867157,0.07568947970867157,verified_text,2106,8,11,did
09,classification,text,16,0.05933019891381264,0.05933019891381264,verified_text,2025,48,51,not
09,classification,text,17,0.05749300867319107,0.05749300867319107,verified_text,16755,52,61,recommend
09,classification,text,14,0.0528753399848938,0.0528753399848938,verified_text,1045,40,41,I
09,classification,audio,5,-0.00010832242696778849,0.00010832242696778849,index_only,,,,
09,classification,audio,1,-7.400768663501367e-05,7.400768663501367e-05,index_only,,,,
09,classification,audio,2,-7.400768663501367e-05,7.400768663501367e-05,index_only,,,,
09,classification,audio,3,-7.400768663501367e-05,7.400768663501367e-05,index_only,,,,
09,classification,audio,4,-7.400768663501367e-05,7.400768663501367e-05,index_only,,,,
09,classification,vision,6,-0.00010509400453884155,0.00010509400453884155,index_only,,,,
09,classification,vision,5,-0.00010324431059416384,0.00010324431059416384,index_only,,,,
09,classification,vision,1,-9.741148824105039e-05,9.741148824105039e-05,index_only,,,,
09,classification,vision,2,-9.741148824105039e-05,9.741148824105039e-05,index_only,,,,
09,classification,vision,3,-9.741148824105039e-05,9.741148824105039e-05,index_only,,,,
09,regression,text,7,-0.2616245150566101,0.2616245150566101,verified_text,2025,12,15,not
09,regression,text,6,-0.24566584825515747,0.24566584825515747,verified_text,2106,8,11,did
09,regression,text,16,-0.18932901322841644,0.18932901322841644,verified_text,2025,48,51,not
09,regression,text,17,-0.18606257438659668,0.18606257438659668,verified_text,16755,52,61,recommend
09,regression,text,14,-0.1793065220117569,0.1793065220117569,verified_text,1045,40,41,I
09,regression,audio,1,0.0037066927179694176,0.0037066927179694176,index_only,,,,
09,regression,audio,2,0.0037066927179694176,0.0037066927179694176,index_only,,,,
09,regression,audio,3,0.0037066927179694176,0.0037066927179694176,index_only,,,,
09,regression,audio,4,0.0037066927179694176,0.0037066927179694176,index_only,,,,
09,regression,audio,5,0.0036721318028867245,0.0036721318028867245,index_only,,,,
09,regression,vision,15,-0.0031914841383695602,0.0031914841383695602,index_only,,,,
09,regression,vision,6,0.002641630358994007,0.002641630358994007,index_only,,,,
09,regression,vision,5,0.002430240623652935,0.002430240623652935,index_only,,,,
09,regression,vision,1,0.0023946715518832207,0.0023946715518832207,index_only,,,,
09,regression,vision,2,0.0023946715518832207,0.0023946715518832207,index_only,,,,
10,classification,text,30,0.06660042703151703,0.06660042703151703,verified_text,6659,121,129,terrible
10,classification,text,28,0.059171777218580246,0.059171777218580246,verified_text,2001,110,113,was
10,classification,text,29,0.048527635633945465,0.048527635633945465,verified_text,3492,114,120,pretty
10,classification,text,12,0.046320945024490356,0.046320945024490356,verified_text,2156,39,42,see
10,classification,text,25,0.03894967958331108,0.03894967958331108,verified_text,2021,97,100,but
10,classification,audio,24,-0.0020700159948319197,0.0020700159948319197,index_only,,,,
10,classification,audio,27,-0.0017926240107044578,0.0017926240107044578,index_only,,,,
10,classification,audio,25,-0.0017923691775649786,0.0017923691775649786,index_only,,,,
10,classification,audio,26,-0.0017070563044399023,0.0017070563044399023,index_only,,,,
10,classification,audio,10,-0.0016637295484542847,0.0016637295484542847,index_only,,,,
10,classification,vision,28,-0.001408666605129838,0.001408666605129838,index_only,,,,
10,classification,vision,30,-0.0013141912641003728,0.0013141912641003728,index_only,,,,
10,classification,vision,29,-0.0012856745161116123,0.0012856745161116123,index_only,,,,
10,classification,vision,27,-0.0012736296048387885,0.0012736296048387885,index_only,,,,
10,classification,vision,15,-0.0011266239453107119,0.0011266239453107119,index_only,,,,
10,regression,text,30,-0.16141816973686218,0.16141816973686218,verified_text,6659,121,129,terrible
10,regression,text,28,-0.13421466946601868,0.13421466946601868,verified_text,2001,110,113,was
10,regression,text,12,-0.11158420145511627,0.11158420145511627,verified_text,2156,39,42,see
10,regression,text,27,-0.09321382641792297,0.09321382641792297,verified_text,2028,106,109,one
10,regression,text,29,-0.08881057798862457,0.08881057798862457,verified_text,3492,114,120,pretty
10,regression,audio,10,0.008346476592123508,0.008346476592123508,index_only,,,,
10,regression,audio,25,0.005882658995687962,0.005882658995687962,index_only,,,,
10,regression,audio,24,0.005693902261555195,0.005693902261555195,index_only,,,,
10,regression,audio,9,0.005606972612440586,0.005606972612440586,index_only,,,,
10,regression,audio,26,0.0049252379685640335,0.0049252379685640335,index_only,,,,
10,regression,vision,29,0.00790221057832241,0.00790221057832241,index_only,,,,
10,regression,vision,30,0.007606725208461285,0.007606725208461285,index_only,,,,
10,regression,vision,28,0.007220589555799961,0.007220589555799961,index_only,,,,
10,regression,vision,27,0.006154767237603664,0.006154767237603664,index_only,,,,
10,regression,vision,15,0.005953056737780571,0.005953056737780571,index_only,,,,
11,classification,text,4,0.09990543872117996,0.09990543872117996,verified_text,14984,11,18,ashamed
11,classification,text,3,0.082394078373909,0.082394078373909,verified_text,2022,8,10,be
11,classification,text,2,0.07187367975711823,0.07187367975711823,verified_text,2052,2,7,would
11,classification,text,6,0.06547315418720245,0.06547315418720245,verified_text,2031,22,26,have
11,classification,text,13,-0.031675126403570175,0.031675126403570175,verified_text,1037,51,52,a
11,classification,audio,7,0.0031666774302721024,0.0031666774302721024,index_only,,,,
11,classification,audio,9,0.002634873380884528,0.002634873380884528,index_only,,,,
11,classification,audio,10,0.0025526261888444424,0.0025526261888444424,index_only,,,,
11,classification,audio,14,0.002411189256235957,0.002411189256235957,index_only,,,,
11,classification,audio,4,0.001829988555982709,0.001829988555982709,index_only,,,,
11,classification,vision,2,0.0057929507456719875,0.0057929507456719875,index_only,,,,
11,classification,vision,5,0.005125402472913265,0.005125402472913265,index_only,,,,
11,classification,vision,3,0.004951159935444593,0.004951159935444593,index_only,,,,
11,classification,vision,4,0.004521356895565987,0.004521356895565987,index_only,,,,
11,classification,vision,1,0.003869587555527687,0.003869587555527687,index_only,,,,
11,regression,text,4,-0.17259328067302704,0.17259328067302704,verified_text,14984,11,18,ashamed
11,regression,text,3,-0.1345718652009964,0.1345718652009964,verified_text,2022,8,10,be
11,regression,text,2,-0.10347358137369156,0.10347358137369156,verified_text,2052,2,7,would
11,regression,text,6,-0.10077840834856033,0.10077840834856033,verified_text,2031,22,26,have
11,regression,text,14,-0.06810315698385239,0.06810315698385239,verified_text,2472,53,61,director
11,regression,audio,9,-0.013505964539945126,0.013505964539945126,index_only,,,,
11,regression,audio,10,-0.010316497646272182,0.010316497646272182,index_only,,,,
11,regression,audio,6,-0.008871762081980705,0.008871762081980705,index_only,,,,
11,regression,audio,7,-0.008809201419353485,0.008809201419353485,index_only,,,,
11,regression,audio,8,-0.007842282764613628,0.007842282764613628,index_only,,,,
11,regression,vision,2,-0.01683788187801838,0.01683788187801838,index_only,,,,
11,regression,vision,5,-0.014092937111854553,0.014092937111854553,index_only,,,,
11,regression,vision,3,-0.012318737804889679,0.012318737804889679,index_only,,,,
11,regression,vision,4,-0.01219731941819191,0.01219731941819191,index_only,,,,
11,regression,vision,1,-0.011479213833808899,0.011479213833808899,index_only,,,,
12,classification,text,41,0.05137087404727936,0.05137087404727936,verified_text,2659,182,185,low
12,classification,text,23,0.03832056745886803,0.03832056745886803,verified_text,6346,104,109,fault
12,classification,text,33,0.03289761766791344,0.03289761766791344,verified_text,7842,151,153,sa
12,classification,text,34,0.032651081681251526,0.032651081681251526,verified_text,2290,153,154,g
12,classification,text,26,0.027994845062494278,0.027994845062494278,verified_text,2219,119,122,own
12,classification,audio,23,-0.0014449359150603414,0.0014449359150603414,index_only,,,,
12,classification,audio,32,-0.001306877820752561,0.001306877820752561,index_only,,,,
12,classification,audio,21,-0.0012990717077627778,0.0012990717077627778,index_only,,,,
12,classification,audio,16,-0.001287685940042138,0.001287685940042138,index_only,,,,
12,classification,audio,4,-0.0011270211543887854,0.0011270211543887854,index_only,,,,
12,classification,vision,28,0.0005826419219374657,0.0005826419219374657,index_only,,,,
12,classification,vision,30,0.0005765310488641262,0.0005765310488641262,index_only,,,,
12,classification,vision,29,0.0005558381089940667,0.0005558381089940667,index_only,,,,
12,classification,vision,31,0.0005046080332249403,0.0005046080332249403,index_only,,,,
12,classification,vision,26,0.0004697109980043024,0.0004697109980043024,index_only,,,,
12,regression,text,41,-0.08027707785367966,0.08027707785367966,verified_text,2659,182,185,low
12,regression,text,23,-0.06409004330635071,0.06409004330635071,verified_text,6346,104,109,fault
12,regression,text,33,-0.05231268331408501,0.05231268331408501,verified_text,7842,151,153,sa
12,regression,text,34,-0.05071080103516579,0.05071080103516579,verified_text,2290,153,154,g
12,regression,text,26,-0.04739806801080704,0.04739806801080704,verified_text,2219,119,122,own
12,regression,audio,32,0.005465127527713776,0.005465127527713776,index_only,,,,
12,regression,audio,25,0.004124858882278204,0.004124858882278204,index_only,,,,
12,regression,audio,31,0.0038742930628359318,0.0038742930628359318,index_only,,,,
12,regression,audio,4,0.003394586965441704,0.003394586965441704,index_only,,,,
12,regression,audio,26,0.0032939952798187733,0.0032939952798187733,index_only,,,,
12,regression,vision,7,0.0017403794918209314,0.0017403794918209314,index_only,,,,
12,regression,vision,1,0.00173878762871027,0.00173878762871027,index_only,,,,
12,regression,vision,2,0.0016580973751842976,0.0016580973751842976,index_only,,,,
12,regression,vision,3,0.0016580973751842976,0.0016580973751842976,index_only,,,,
12,regression,vision,22,0.001508799847215414,0.001508799847215414,index_only,,,,
13,classification,text,1,0.011163879185914993,0.011163879185914993,verified_text,2005,0,3,For
13,classification,text,19,0.010298463515937328,0.010298463515937328,verified_text,1037,71,72,a
13,classification,text,5,0.010180923156440258,0.010180923156440258,verified_text,2071,15,20,could
13,classification,text,2,0.009888255968689919,0.009888255968689919,verified_text,2742,4,11,example
13,classification,text,4,0.009829794988036156,0.009829794988036156,verified_text,1045,13,14,I
13,classification,audio,16,0.002079846104606986,0.002079846104606986,index_only,,,,
13,classification,audio,29,0.0020612289663404226,0.0020612289663404226,index_only,,,,
13,classification,audio,30,0.0020612289663404226,0.0020612289663404226,index_only,,,,
13,classification,audio,18,0.0018663950031623244,0.0018663950031623244,index_only,,,,
13,classification,audio,21,0.001795099931769073,0.001795099931769073,index_only,,,,
13,classification,vision,1,-0.001018570619635284,0.001018570619635284,index_only,,,,
13,classification,vision,2,-0.001018570619635284,0.001018570619635284,index_only,,,,
13,classification,vision,3,-0.001018570619635284,0.001018570619635284,index_only,,,,
13,classification,vision,4,-0.001018570619635284,0.001018570619635284,index_only,,,,
13,classification,vision,5,-0.001018570619635284,0.001018570619635284,index_only,,,,
13,regression,text,29,0.018501441925764084,0.018501441925764084,verified_text,2062,126,130,more
13,regression,text,6,-0.017288411036133766,0.017288411036133766,verified_text,2202,21,25,take
13,regression,text,5,-0.014934437349438667,0.014934437349438667,verified_text,2071,15,20,could
13,regression,text,24,0.014596507884562016,0.014596507884562016,verified_text,1997,102,104,of
13,regression,text,2,-0.012789489701390266,0.012789489701390266,verified_text,2742,4,11,example
13,regression,audio,5,-0.002996365074068308,0.002996365074068308,index_only,,,,
13,regression,audio,4,-0.0027527962811291218,0.0027527962811291218,index_only,,,,
13,regression,audio,22,0.002072148025035858,0.002072148025035858,index_only,,,,
13,regression,audio,6,-0.0019736436661332846,0.0019736436661332846,index_only,,,,
13,regression,audio,8,0.0017521822592243552,0.0017521822592243552,index_only,,,,
13,regression,vision,1,-0.0006821664283052087,0.0006821664283052087,index_only,,,,
13,regression,vision,2,-0.0006821664283052087,0.0006821664283052087,index_only,,,,
13,regression,vision,3,-0.0006821664283052087,0.0006821664283052087,index_only,,,,
13,regression,vision,4,-0.0006821664283052087,0.0006821664283052087,index_only,,,,
13,regression,vision,5,-0.0006821664283052087,0.0006821664283052087,index_only,,,,
14,classification,text,14,0.012163298204541206,0.012163298204541206,verified_text,3132,43,50,Limited
14,classification,text,1,-0.011206275783479214,0.011206275783479214,verified_text,2002,0,2,He
14,classification,text,24,-0.010123795829713345,0.010123795829713345,verified_text,1006,114,115,(
14,classification,text,12,-0.009970858693122864,0.009970858693122864,verified_text,4570,38,41,tes
14,classification,text,7,0.0096832774579525,0.0096832774579525,verified_text,1997,21,23,of
14,classification,audio,11,0.004142790101468563,0.004142790101468563,index_only,,,,
14,classification,audio,12,0.004142790101468563,0.004142790101468563,index_only,,,,
14,classification,audio,13,0.004142790101468563,0.004142790101468563,index_only,,,,
14,classification,audio,4,0.003662852570414543,0.003662852570414543,index_only,,,,
14,classification,audio,5,0.003662852570414543,0.003662852570414543,index_only,,,,
14,classification,vision,34,0.013268489390611649,0.013268489390611649,index_only,,,,
14,classification,vision,35,0.013268489390611649,0.013268489390611649,index_only,,,,
14,classification,vision,33,0.013234797865152359,0.013234797865152359,index_only,,,,
14,classification,vision,19,0.012016179040074348,0.012016179040074348,index_only,,,,
14,classification,vision,30,0.01085950993001461,0.01085950993001461,index_only,,,,
14,regression,text,2,-0.023832114413380623,0.023832114413380623,verified_text,2003,3,5,is
14,regression,text,1,-0.017481349408626556,0.017481349408626556,verified_text,2002,0,2,He
14,regression,text,19,-0.01741061732172966,0.01741061732172966,verified_text,2472,76,84,Director
14,regression,text,4,-0.017368832603096962,0.017368832603096962,verified_text,2522,10,12,co
14,regression,text,3,-0.016012100502848625,0.016012100502848625,verified_text,1996,6,9,the
14,regression,audio,10,0.004707308951765299,0.004707308951765299,index_only,,,,
14,regression,audio,11,0.0025590292643755674,0.0025590292643755674,index_only,,,,
14,regression,audio,12,0.0025590292643755674,0.0025590292643755674,index_only,,,,
14,regression,audio,13,0.0025590292643755674,0.0025590292643755674,index_only,,,,
14,regression,audio,4,0.002418456133455038,0.002418456133455038,index_only,,,,
14,regression,vision,34,0.017006341367959976,0.017006341367959976,index_only,,,,
14,regression,vision,35,0.017006341367959976,0.017006341367959976,index_only,,,,
14,regression,vision,33,0.016834799200296402,0.016834799200296402,index_only,,,,
14,regression,vision,30,0.013850376009941101,0.013850376009941101,index_only,,,,
14,regression,vision,31,0.013850376009941101,0.013850376009941101,index_only,,,,
15,classification,text,20,0.06165088713169098,0.06165088713169098,verified_text,10938,102,111,transform
15,classification,text,19,0.049921050667762756,0.049921050667762756,verified_text,2000,99,101,to
15,classification,text,18,0.04423273727297783,0.04423273727297783,verified_text,2373,93,98,power
15,classification,text,16,0.03835061565041542,0.03835061565041542,verified_text,1999,86,88,in
15,classification,text,17,0.034270767122507095,0.034270767122507095,verified_text,2049,89,92,its
15,classification,audio,1,0.0033194017596542835,0.0033194017596542835,index_only,,,,
15,classification,audio,2,0.0033194017596542835,0.0033194017596542835,index_only,,,,
15,classification,audio,18,0.002676233882084489,0.002676233882084489,index_only,,,,
15,classification,audio,21,0.0024861416313797235,0.0024861416313797235,index_only,,,,
15,classification,audio,20,0.0024119943846017122,0.0024119943846017122,index_only,,,,
15,classification,vision,21,0.003796531818807125,0.003796531818807125,index_only,,,,
15,classification,vision,20,0.0022849193774163723,0.0022849193774163723,index_only,,,,
15,classification,vision,5,0.002036775229498744,0.002036775229498744,index_only,,,,
15,classification,vision,6,0.002036775229498744,0.002036775229498744,index_only,,,,
15,classification,vision,4,0.0017467394936829805,0.0017467394936829805,index_only,,,,
15,regression,text,19,0.04651691019535065,0.04651691019535065,verified_text,2000,99,101,to
15,regression,text,20,0.04599684104323387,0.04599684104323387,verified_text,10938,102,111,transform
15,regression,text,18,0.04518797993659973,0.04518797993659973,verified_text,2373,93,98,power
15,regression,text,5,-0.03319690376520157,0.03319690376520157,verified_text,5635,23,30,poverty
15,regression,text,16,0.031176602467894554,0.031176602467894554,verified_text,1999,86,88,in
15,regression,audio,3,0.006254861131310463,0.006254861131310463,index_only,,,,
15,regression,audio,17,0.006239139940589666,0.006239139940589666,index_only,,,,
15,regression,audio,1,0.005154315382242203,0.005154315382242203,index_only,,,,
15,regression,audio,2,0.005154315382242203,0.005154315382242203,index_only,,,,
15,regression,audio,18,0.004829880315810442,0.004829880315810442,index_only,,,,
15,regression,vision,9,-0.011645682156085968,0.011645682156085968,index_only,,,,
15,regression,vision,10,-0.011645682156085968,0.011645682156085968,index_only,,,,
15,regression,vision,11,-0.011645682156085968,0.011645682156085968,index_only,,,,
15,regression,vision,21,0.009975501336157322,0.009975501336157322,index_only,,,,
15,regression,vision,16,-0.00791610311716795,0.00791610311716795,index_only,,,,
16,classification,text,10,0.15269801020622253,0.15269801020622253,verified_text,6659,27,35,terrible
16,classification,text,5,0.13348445296287537,0.13348445296287537,verified_text,6659,7,15,terrible
16,classification,text,4,0.07867274433374405,0.07867274433374405,verified_text,1037,5,6,a
16,classification,text,9,0.07487519830465317,0.07487519830465317,verified_text,1037,25,26,a
16,classification,text,7,0.05590663477778435,0.05590663477778435,verified_text,2023,17,21,this
16,classification,audio,8,-0.00010624965943861753,0.00010624965943861753,index_only,,,,
16,classification,audio,7,-7.010371336946264e-05,7.010371336946264e-05,index_only,,,,
16,classification,audio,11,-4.9487833166494966e-05,4.9487833166494966e-05,index_only,,,,
16,classification,audio,4,-3.684528201119974e-05,3.684528201119974e-05,index_only,,,,
16,classification,audio,9,-2.0658806533901952e-05,2.0658806533901952e-05,index_only,,,,
16,classification,vision,5,7.718001870671287e-05,7.718001870671287e-05,index_only,,,,
16,classification,vision,6,7.718001870671287e-05,7.718001870671287e-05,index_only,,,,
16,classification,vision,7,6.632383156102151e-05,6.632383156102151e-05,index_only,,,,
16,classification,vision,11,-5.505627632373944e-05,5.505627632373944e-05,index_only,,,,
16,classification,vision,9,-4.1394494473934174e-05,4.1394494473934174e-05,index_only,,,,
16,regression,text,10,-0.5259554386138916,0.5259554386138916,verified_text,6659,27,35,terrible
16,regression,text,5,-0.46148258447647095,0.46148258447647095,verified_text,6659,7,15,terrible
16,regression,text,9,-0.27825993299484253,0.27825993299484253,verified_text,1037,25,26,a
16,regression,text,4,-0.2686249613761902,0.2686249613761902,verified_text,1037,5,6,a
16,regression,text,7,-0.21093380451202393,0.21093380451202393,verified_text,2023,17,21,this
16,regression,audio,7,0.010266022756695747,0.010266022756695747,index_only,,,,
16,regression,audio,8,0.00879006925970316,0.00879006925970316,index_only,,,,
16,regression,audio,5,0.0044839633628726006,0.0044839633628726006,index_only,,,,
16,regression,audio,6,0.0044839633628726006,0.0044839633628726006,index_only,,,,
16,regression,audio,4,0.004083685111254454,0.004083685111254454,index_only,,,,
16,regression,vision,10,0.011191838420927525,0.011191838420927525,index_only,,,,
16,regression,vision,11,0.010336391627788544,0.010336391627788544,index_only,,,,
16,regression,vision,9,0.009540831670165062,0.009540831670165062,index_only,,,,
16,regression,vision,8,0.007853368297219276,0.007853368297219276,index_only,,,,
16,regression,vision,7,0.006038421764969826,0.006038421764969826,index_only,,,,
17,classification,text,14,0.05608358979225159,0.05608358979225159,verified_text,2097,78,82,will
17,classification,text,9,0.054525211453437805,0.054525211453437805,verified_text,2003,58,60,is
17,classification,text,13,0.04114912450313568,0.04114912450313568,verified_text,1998,74,77,and
17,classification,text,7,0.0400606133043766,0.0400606133043766,verified_text,2115,39,43,your
17,classification,text,11,0.035039518028497696,0.035039518028497696,verified_text,1010,67,68,","
17,classification,audio,16,-0.00028876069700345397,0.00028876069700345397,index_only,,,,
17,classification,audio,15,-0.00028177740750834346,0.00028177740750834346,index_only,,,,
17,classification,audio,3,0.00025331194046884775,0.00025331194046884775,index_only,,,,
17,classification,audio,7,-0.00022690591868013144,0.00022690591868013144,index_only,,,,
17,classification,audio,21,-0.00018086971249431372,0.00018086971249431372,index_only,,,,
17,classification,vision,8,0.0003437266277614981,0.0003437266277614981,index_only,,,,
17,classification,vision,3,0.0003047254285775125,0.0003047254285775125,index_only,,,,
17,classification,vision,4,0.00027909164782613516,0.00027909164782613516,index_only,,,,
17,classification,vision,5,0.000274853955488652,0.000274853955488652,index_only,,,,
17,classification,vision,7,0.00027319620130583644,0.00027319620130583644,index_only,,,,
17,regression,text,13,0.08180119097232819,0.08180119097232819,verified_text,1998,74,77,and
17,regression,text,14,0.07896123826503754,0.07896123826503754,verified_text,2097,78,82,will
17,regression,text,9,0.07461931556463242,0.07461931556463242,verified_text,2003,58,60,is
17,regression,text,11,0.0550445020198822,0.0550445020198822,verified_text,1010,67,68,","
17,regression,text,12,0.04728200286626816,0.04728200286626816,verified_text,3733,69,73,easy
17,regression,audio,3,0.011205112561583519,0.011205112561583519,index_only,,,,
17,regression,audio,16,-0.010209516622126102,0.010209516622126102,index_only,,,,
17,regression,audio,15,-0.008960031904280186,0.008960031904280186,index_only,,,,
17,regression,audio,7,-0.0068296995013952255,0.0068296995013952255,index_only,,,,
17,regression,audio,2,0.006422684993594885,0.006422684993594885,index_only,,,,
17,regression,vision,19,-0.01810433343052864,0.01810433343052864,index_only,,,,
17,regression,vision,21,-0.016620291396975517,0.016620291396975517,index_only,,,,
17,regression,vision,20,-0.01632610708475113,0.01632610708475113,index_only,,,,
17,regression,vision,22,-0.015228768810629845,0.015228768810629845,index_only,,,,
17,regression,vision,23,-0.012845313176512718,0.012845313176512718,index_only,,,,
18,classification,text,29,0.033649273216724396,0.033649273216724396,verified_text,6380,123,129,denied
18,classification,text,40,0.02892485074698925,0.02892485074698925,verified_text,3478,187,193,failed
18,classification,text,32,0.022924067452549934,0.022924067452549934,verified_text,2241,148,153,based
18,classification,text,35,0.022281810641288757,0.022281810641288757,verified_text,2755,161,165,fact
18,classification,text,16,-0.011382547207176685,0.011382547207176685,verified_text,1011,72,73,-
18,classification,audio,26,0.0015034277457743883,0.0015034277457743883,index_only,,,,
18,classification,audio,16,-0.0011891566682606936,0.0011891566682606936,index_only,,,,
18,classification,audio,17,-0.0011891566682606936,0.0011891566682606936,index_only,,,,
18,classification,audio,18,-0.0011891566682606936,0.0011891566682606936,index_only,,,,
18,classification,audio,41,-0.001048749778419733,0.001048749778419733,index_only,,,,
18,classification,vision,26,-0.0008561645518057048,0.0008561645518057048,index_only,,,,
18,classification,vision,27,-0.0008284304058179259,0.0008284304058179259,index_only,,,,
18,classification,vision,28,-0.0007995461928658187,0.0007995461928658187,index_only,,,,
18,classification,vision,23,-0.0007373127155005932,0.0007373127155005932,index_only,,,,
18,classification,vision,24,-0.0007373127155005932,0.0007373127155005932,index_only,,,,
18,regression,text,29,-0.05187425762414932,0.05187425762414932,verified_text,6380,123,129,denied
18,regression,text,40,-0.04620130732655525,0.04620130732655525,verified_text,3478,187,193,failed
18,regression,text,32,-0.03665291517972946,0.03665291517972946,verified_text,2241,148,153,based
18,regression,text,35,-0.036581769585609436,0.036581769585609436,verified_text,2755,161,165,fact
18,regression,text,27,-0.02205296978354454,0.02205296978354454,verified_text,2038,114,117,has
18,regression,audio,16,0.0029088249430060387,0.0029088249430060387,index_only,,,,
18,regression,audio,17,0.0029088249430060387,0.0029088249430060387,index_only,,,,
18,regression,audio,18,0.0029088249430060387,0.0029088249430060387,index_only,,,,
18,regression,audio,1,-0.002420934848487377,0.002420934848487377,index_only,,,,
18,regression,audio,2,-0.002420934848487377,0.002420934848487377,index_only,,,,
18,regression,vision,45,-0.0024493345990777016,0.0024493345990777016,index_only,,,,
18,regression,vision,4,-0.0021976556163281202,0.0021976556163281202,index_only,,,,
18,regression,vision,46,-0.0021957210265100002,0.0021957210265100002,index_only,,,,
18,regression,vision,47,-0.0021957210265100002,0.0021957210265100002,index_only,,,,
18,regression,vision,48,-0.0021957210265100002,0.0021957210265100002,index_only,,,,
19,classification,text,3,0.03816794604063034,0.03816794604063034,verified_text,10889,11,23,surprisingly
19,classification,text,17,-0.025275200605392456,0.025275200605392456,verified_text,5223,94,98,hate
19,classification,text,33,0.024533525109291077,0.024533525109291077,verified_text,2005,170,173,for
19,classification,text,35,0.021598078310489655,0.021598078310489655,verified_text,2087,178,182,most
19,classification,text,2,0.01699063740670681,0.01699063740670681,verified_text,2024,7,10,are
19,classification,audio,22,0.003881672630086541,0.003881672630086541,index_only,,,,
19,classification,audio,7,0.003707860829308629,0.003707860829308629,index_only,,,,
19,classification,audio,25,0.003401933703571558,0.003401933703571558,index_only,,,,
19,classification,audio,23,0.003294307040050626,0.003294307040050626,index_only,,,,
19,classification,audio,21,0.0029563717544078827,0.0029563717544078827,index_only,,,,
19,classification,vision,22,0.00573238218203187,0.00573238218203187,index_only,,,,
19,classification,vision,21,0.005489755887538195,0.005489755887538195,index_only,,,,
19,classification,vision,23,0.005072193685919046,0.005072193685919046,index_only,,,,
19,classification,vision,20,0.004968192428350449,0.004968192428350449,index_only,,,,
19,classification,vision,4,0.0046294135972857475,0.0046294135972857475,index_only,,,,
19,regression,text,17,-0.06953070312738419,0.06953070312738419,verified_text,5223,94,98,hate
19,regression,text,3,0.05363007262349129,0.05363007262349129,verified_text,10889,11,23,surprisingly
19,regression,text,29,-0.046352826058864594,0.046352826058864594,verified_text,29238,151,160,imperfect
19,regression,text,12,-0.04170107841491699,0.04170107841491699,verified_text,12051,61,69,mistakes
19,regression,text,5,-0.03594693914055824,0.03594693914055824,verified_text,23795,27,33,giving
19,regression,audio,21,0.005805409979075193,0.005805409979075193,index_only,,,,
19,regression,audio,25,0.005758482962846756,0.005758482962846756,index_only,,,,
19,regression,audio,12,0.005481872241944075,0.005481872241944075,index_only,,,,
19,regression,audio,13,0.005481872241944075,0.005481872241944075,index_only,,,,
19,regression,audio,22,0.005210917443037033,0.005210917443037033,index_only,,,,
19,regression,vision,22,0.006135599222034216,0.006135599222034216,index_only,,,,
19,regression,vision,21,0.005442839115858078,0.005442839115858078,index_only,,,,
19,regression,vision,20,0.003788328729569912,0.003788328729569912,index_only,,,,
19,regression,vision,23,0.003773350268602371,0.003773350268602371,index_only,,,,
19,regression,vision,10,-0.003113113809376955,0.003113113809376955,index_only,,,,
20,classification,text,18,0.026651989668607712,0.026651989668607712,verified_text,1998,76,79,and
20,classification,text,23,0.02348838746547699,0.02348838746547699,verified_text,2062,91,95,more
20,classification,text,3,0.022944925352931023,0.022944925352931023,verified_text,2607,7,13,course
20,classification,text,16,0.019071925431489944,0.019071925431489944,verified_text,2062,70,74,more
20,classification,text,2,0.018592916429042816,0.018592916429042816,verified_text,1997,4,6,of
20,classification,audio,36,0.0010340617736801505,0.0010340617736801505,index_only,,,,
20,classification,audio,41,0.0007180157117545605,0.0007180157117545605,index_only,,,,
20,classification,audio,37,0.000640121812466532,0.000640121812466532,index_only,,,,
20,classification,audio,39,0.0006236265180632472,0.0006236265180632472,index_only,,,,
20,classification,audio,26,0.0005689020035788417,0.0005689020035788417,index_only,,,,
20,classification,vision,13,0.00258835987187922,0.00258835987187922,index_only,,,,
20,classification,vision,14,0.0024852780625224113,0.0024852780625224113,index_only,,,,
20,classification,vision,19,0.0024322469253093004,0.0024322469253093004,index_only,,,,
20,classification,vision,20,0.0024322469253093004,0.0024322469253093004,index_only,,,,
20,classification,vision,21,0.0024322469253093004,0.0024322469253093004,index_only,,,,
20,regression,text,23,0.029726000502705574,0.029726000502705574,verified_text,2062,91,95,more
20,regression,text,18,0.028680196031928062,0.028680196031928062,verified_text,1998,76,79,and
20,regression,text,3,0.022457655519247055,0.022457655519247055,verified_text,2607,7,13,course
20,regression,text,26,0.02149621769785881,0.02149621769785881,verified_text,1998,109,112,and
20,regression,text,27,0.02046792581677437,0.02046792581677437,verified_text,1037,113,114,a
20,regression,audio,29,-0.0035252338275313377,0.0035252338275313377,index_only,,,,
20,regression,audio,10,-0.0034414862748235464,0.0034414862748235464,index_only,,,,
20,regression,audio,36,0.002452161395922303,0.002452161395922303,index_only,,,,
20,regression,audio,9,-0.00232587824575603,0.00232587824575603,index_only,,,,
20,regression,audio,15,-0.0019379453733563423,0.0019379453733563423,index_only,,,,
20,regression,vision,13,0.01108169462531805,0.01108169462531805,index_only,,,,
20,regression,vision,14,0.010767831467092037,0.010767831467092037,index_only,,,,
20,regression,vision,19,0.010258383117616177,0.010258383117616177,index_only,,,,
20,regression,vision,20,0.010258383117616177,0.010258383117616177,index_only,,,,
20,regression,vision,21,0.010258383117616177,0.010258383117616177,index_only,,,,
