sample_id,official_id,valid_content_length,predicted_class,p_negative,p_neutral,p_positive,predicted_intensity,phi_cls_text,phi_cls_audio,phi_cls_vision,phi_reg_text,phi_reg_audio,phi_reg_vision,primary_influential_modality_cls,primary_supporting_modality_cls,primary_influential_modality_reg,mapping_status_text,mapping_status_audio,mapping_status_vision,media_origin_audit,known_input_anomaly,local_status_cls_text,local_status_cls_audio,local_status_cls_vision,local_status_reg_text,local_status_reg_audio,local_status_reg_vision,top_seq_cls_text,top_seq_cls_audio,top_seq_cls_vision,top_seq_reg_text,top_seq_reg_audio,top_seq_reg_vision,top_char_spans_cls_text,top_char_spans_reg_text
01,01,22,Neutral,0.1303352564573288,0.4512175917625427,0.41844719648361206,0.18078841269016266,0.11908129354317983,0.007573847969373067,0.004509915908177693,-0.059677377343177795,0.0017153620719909668,0.0019274353981018066,text,text,text,verified_text,index_only,index_only,PASS,,localized_feature_position,localized_feature_position,localized_feature_position,localized_feature_position,localized_feature_position,localized_feature_position,9;22;10;4;16,2;19;22;20;21,4;3;1;20;21,12;15;13;17;22,1;19;20;21;8,4;3;22;20;21,58:62;125:137;63:65;21:31;96:100,76:78;92:95;79:87;101:109;125:137
02,02,19,Positive,0.20001056790351868,0.27617889642715454,0.5238105654716492,0.28669729828834534,0.21137054264545438,-0.023938372731208798,-0.02343076467514038,0.13449670374393463,-0.03684556484222412,-0.047776833176612854,text,text,text,verified_text,index_only,index_only,PASS,,localized_feature_position,localized_feature_position,localized_feature_position,localized_feature_position,localized_feature_position,localized_feature_position,9;18;10;3;11,4;5;6;18;19,15;16;17;14;18,18;9;10;3;5,4;1;11;5;18,15;16;17;14;18,30:31;64:70;32:41;8:10;42:43,64:70;30:31;32:41;8:10;16:18
03,03,33,Negative,0.4538785219192505,0.31836625933647156,0.22775526344776154,-0.139744371175766,0.1842185358206431,-0.022099783023198444,-0.02837853630383809,-0.4791996429363886,0.0684572805960973,0.034174998601277665,text,text,text,verified_text,index_only,index_only,NOT_TESTED,,localized_feature_position,localized_feature_position,localized_feature_position,localized_feature_position,localized_feature_position,localized_feature_position,20;28;18;14;24,14;13;30;32;33,4;1;2;3;18,20;28;24;14;18,13;8;30;32;33,4;13;1;2;3,72:73;112:116;68:71;50:54;93:97,72:73;112:116;93:97;50:54;68:71
04,04,26,Positive,0.4142036736011505,0.1286395788192749,0.4571567177772522,0.2880612909793854,-0.17346559464931488,0.10769608616828917,0.16311706602573395,-0.4364906412859757,0.15877358863751093,0.3289553510646025,text,vision,text,verified_text,index_only,index_only,PASS,,localized_feature_position,localized_feature_position,localized_feature_position,localized_feature_position,localized_feature_position,localized_feature_position,25;10;18;21;11,25;26;1;15;16,15;14;13;10;7,25;10;21;11;26,15;25;26;24;14,15;14;13;12;11,103:106;35:41;73:75;82:89;42:43,103:106;35:41;82:89;42:43;106:107
05,05,15,Positive,0.07204673439264297,0.315824031829834,0.6121292114257812,0.3092142641544342,0.14264153937498728,-0.02097870906194051,0.13065722088019052,-0.06152101357777913,-0.058232923348744706,0.19214520851771033,text,text,vision,verified_text,index_only,index_only,NOT_TESTED,,localized_feature_position,localized_feature_position,localized_feature_position,localized_feature_position,localized_feature_position,localized_feature_position,2;5;12;8;1,14;15;1;2;12,1;2;4;3;5,12;6;3;4;13,13;14;15;1;2,1;2;4;3;5,2:3;12:14;41:44;22:27;0:2,41:44;15:20;4:6;7:11;45:50
06,06,35,Positive,0.07063324749469757,0.19523537158966064,0.734131395816803,0.40329253673553467,0.369961346189181,0.05557286242643992,-0.05121197303136189,0.1635571445027987,0.09779648731152216,-0.09488410254319507,text,text,text,verified_text,index_only,index_only,NOT_TESTED,T2 vision row nonunique,localized_feature_position,localized_feature_position,localized_feature_position,localized_feature_position,localized_feature_position,localized_feature_position,21;6;24;14;9,2;3;4;21;1,16;15;14;10;17,21;6;29;24;14,5;2;3;4;7,16;14;15;13;17,79:89;12:15;102:106;47:51;27:29,79:89;12:15;125:130;102:106;47:51
07,07,48,Positive,0.025250200182199478,0.14756393432617188,0.827185869216919,0.4320453107357025,0.42444957296053565,0.003604228297869364,0.03932290772596995,0.23630576332410172,1.3267000516255624e-05,-0.041096712152163185,text,text,text,verified_text,index_only,index_only,PASS,,localized_feature_position,localized_feature_position,localized_feature_position,localized_feature_position,localized_feature_position,localized_feature_position,21;26;23;27;16,24;22;47;26;23,34;35;33;42;43,21;23;15;26;16,24;23;22;6;38,26;27;1;23;24,87:103;128:135;114:117;136:139;66:68,87:103;114:117;57:65;128:135;66:68
08,08,11,Positive,0.03567611798644066,0.19726629555225372,0.7670575976371765,0.30794185400009155,0.45010354121526075,-0.021857197086016335,-0.020997906724611916,0.16831266383330026,-0.030556378265221916,-0.06663742413123448,text,text,text,verified_text,index_only,index_only,PASS,,localized_feature_position,localized_feature_position,localized_feature_position,localized_feature_position,localized_feature_position,localized_feature_position,8;10;2;4;5,8;7;10;11;9,7;3;5;6;8,8;10;2;6;9,8;1;7;5;6,7;3;8;2;5,31:40;48:53;5:11;15:17;18:25,31:40;48:53;5:11;25:26;41:47
09,09,18,Negative,0.9939311742782593,0.00325248995795846,0.002816465450450778,-2.2184841632843018,0.7071886211633682,-0.017297104001045224,-0.016098648309707638,-2.4811985840400057,0.044659400979677834,-0.018767987688382465,text,text,text,verified_text,index_only,index_only,NOT_TESTED,,localized_feature_position,localized_feature_position,localized_feature_position,localized_feature_position,localized_feature_position,localized_feature_position,7;6;16;17;14,5;1;2;3;4,6;5;1;2;3,7;6;16;17;14,1;2;3;4;5,15;6;5;1;2,12:15;8:11;48:51;52:61;40:41,12:15;8:11;48:51;52:61;40:41
10,10,30,Negative,0.8923784494400024,0.036115262657403946,0.07150623202323914,-1.1465693712234497,0.6453322718540827,-0.03591996928056081,-0.03717215855916341,-1.4879192362229028,0.04738614459832509,0.05714072783788045,text,text,text,verified_text,index_only,index_only,NOT_TESTED,,localized_feature_position,localized_feature_position,localized_feature_position,localized_feature_position,localized_feature_position,localized_feature_position,30;28;29;12;25,24;27;25;26;10,28;30;29;27;15,30;28;12;27;29,10;25;24;9;26,29;30;28;27;15,121:129;110:113;114:120;39:42;97:100,121:129;110:113;39:42;106:109;114:120
11,11,14,Negative,0.6637566089630127,0.19904223084449768,0.13720114529132843,-0.6619403958320618,0.28813529511292774,0.01744212706883748,0.03804088135560353,-0.6796793763836224,-0.0861550805469354,-0.13292893146475154,text,text,text,verified_text,index_only,index_only,NOT_TESTED,,localized_feature_position,localized_feature_position,localized_feature_position,localized_feature_position,localized_feature_position,localized_feature_position,4;3;2;6;13,7;9;10;14;4,2;5;3;4;1,4;3;2;6;14,9;10;6;7;8,2;5;3;4;1,11:18;8:10;2:7;22:26;51:52,11:18;8:10;2:7;22:26;53:61
12,12,42,Negative,0.7382904887199402,0.1656782627105713,0.09603124111890793,-0.48854267597198486,0.43583991626898444,-0.027952228983243305,0.010264496008555092,-0.7868676483631134,0.05744379758834839,0.004058182239532471,text,text,text,verified_text,index_only,index_only,NOT_TESTED,,localized_feature_position,localized_feature_position,localized_feature_position,localized_feature_position,localized_feature_position,localized_feature_position,41;23;33;34;26,23;32;21;16;4,28;30;29;31;26,41;23;33;34;26,32;25;31;4;26,7;1;2;3;22,182:185;104:109;151:153;153:154;119:122,182:185;104:109;151:153;153:154;119:122
13,13,30,Neutral,0.08678881824016571,0.46229830384254456,0.45091280341148376,0.18594250082969666,0.13546108702818552,0.022064844767252602,-0.015280162294705708,-0.05245010554790496,-0.013148501515388489,0.01471811532974243,text,text,text,verified_text,index_only,index_only,BLOCKED,aligned vision all-zero / C2 visual chain unavailable,localized_feature_position,localized_feature_position,localized_feature_position,localized_feature_position,localized_feature_position,localized_feature_position,1;19;5;2;4,16;29;30;18;21,1;2;3;4;5,29;6;5;24;2,5;4;22;6;8,1;2;3;4;5,0:3;71:72;15:20;4:11;13:14,126:130;21:25;15:20;102:104;4:11
14,14,35,Positive,0.0869213417172432,0.3128302991390228,0.600248396396637,0.41274601221084595,-0.06097803513209025,0.035890643795331315,0.26552662750085193,-0.21738514552513757,0.02529113491376241,0.3680170153578122,vision,vision,vision,verified_text,index_only,index_only,PASS,,localized_feature_position,localized_feature_position,localized_feature_position,localized_feature_position,localized_feature_position,localized_feature_position,14;1;24;12;7,11;12;13;4;5,34;35;33;19;30,2;1;19;4;3,10;11;12;13;4,34;35;33;30;31,43:50;0:2;114:115;38:41;21:23,3:5;0:2;76:84;10:12;6:9
15,15,21,Positive,0.01839474029839039,0.057746145874261856,0.9238590598106384,0.4748149514198303,0.4397600392500559,0.07145867745081583,0.052831182877222695,0.22690888742605841,0.0583848605553309,-0.04730178912480672,text,text,text,verified_text,index_only,index_only,PASS,,localized_feature_position,localized_feature_position,localized_feature_position,localized_feature_position,localized_feature_position,localized_feature_position,20;19;18;16;17,1;2;18;21;20,21;20;5;6;4,19;20;18;5;16,3;17;1;2;18,9;10;11;21;16,102:111;99:101;93:98;86:88;89:92,99:101;102:111;93:98;23:30;86:88
16,16,11,Negative,0.9965786337852478,0.0021583931520581245,0.0012630251003429294,-2.343435764312744,0.6863905191421509,-0.01119120419025421,0.0012410134077072144,-2.603506326675415,0.0230117067694664,0.0002358630299568159,text,text,text,verified_text,index_only,index_only,NOT_TESTED,aligned vision all-zero-like / C2 visual chain unavailable,localized_feature_position,localized_feature_position,localized_feature_position,localized_feature_position,localized_feature_position,localized_feature_position,10;5;4;9;7,8;7;11;4;9,5;6;7;11;9,10;5;9;4;7,7;8;5;6;4,10;11;9;8;7,27:35;7:15;5:6;25:26;17:21,27:35;7:15;25:26;5:6;17:21
17,17,24,Positive,0.0023480402305722237,0.011142251081764698,0.9865097403526306,0.9431664943695068,0.6180730760097504,-0.001545518636703491,0.010173022747039795,0.890220413605372,-0.021961403389771778,-0.16191550840934116,text,text,text,verified_text,index_only,index_only,PASS,,localized_feature_position,localized_feature_position,localized_feature_position,localized_feature_position,localized_feature_position,localized_feature_position,14;9;13;7;11,16;15;3;7;21,8;3;4;5;7,13;14;9;11;12,3;16;15;7;2,19;21;20;22;23,78:82;58:60;74:77;39:43;67:68,74:77;78:82;58:60;67:68;69:73
18,18,48,Negative,0.42947012186050415,0.3831759989261627,0.18735386431217194,-0.2377287745475769,0.12965992093086243,-0.008586987853050234,-0.011741116642951965,-0.40454819177587825,0.029774388919274006,-0.09977796425422031,text,text,text,verified_text,index_only,index_only,BLOCKED,T2 vision row nonunique,localized_feature_position,localized_feature_position,localized_feature_position,localized_feature_position,localized_feature_position,localized_feature_position,29;40;32;35;16,26;16;17;18;41,26;27;28;23;24,29;40;32;35;27,16;17;18;1;2,45;4;46;47;48,123:129;187:193;148:153;161:165;72:73,123:129;187:193;148:153;161:165;114:117
19,19,39,Positive,0.3037995994091034,0.15861381590366364,0.5375866293907166,0.055435411632061005,0.007595191399256388,0.03716712693373362,0.1330151508251826,-0.22434777851837376,0.026308684338194627,0.016651513248992462,vision,vision,text,verified_text,index_only,index_only,PASS,,localized_feature_position,localized_feature_position,localized_feature_position,localized_feature_position,localized_feature_position,localized_feature_position,3;17;33;35;2,22;7;25;23;21,22;21;23;20;4,17;3;29;12;5,21;25;12;13;22,22;21;20;23;10,11:23;94:98;170:173;178:182;7:10,94:98;11:23;151:160;61:69;27:33
20,20,43,Positive,0.015316510573029518,0.0695352852344513,0.9151481986045837,0.6459167003631592,0.477686400214831,0.011461759606997171,0.06619087855021158,0.3037339448928833,-0.014986604452133179,0.12034636735916138,text,text,text,verified_text,index_only,index_only,NOT_TESTED,,localized_feature_position,localized_feature_position,localized_feature_position,localized_feature_position,localized_feature_position,localized_feature_position,18;23;3;16;2,36;41;37;39;26,13;14;19;20;21,23;18;3;26;27,29;10;36;9;15,13;14;19;20;21,76:79;91:95;7:13;70:74;4:6,91:95;76:79;7:13;109:112;113:114
