sample_id,video_sha256,format_duration_sec,video_header_nb_frames,video_rate_reported,video_decoded_frames_with_pts,video_first_pts_sec,video_last_pts_sec,video_pts_finite,video_pts_nondecreasing,audio_decoded_frames_with_pts,audio_first_pts_sec,audio_last_pts_sec,audio_pts_finite,audio_pts_nondecreasing,unaligned_audio_length,unaligned_vision_length,audio_rows_per_second_proxy_only,vision_rows_per_second_proxy_only,audio_feature_row_to_raw_pts_verified,vision_feature_row_to_raw_pts_verified,metadata_stdout_sha256,video_pts_stdout_sha256,audio_pts_stdout_sha256
01,3057e24aee7a48fcf15bd618b663bd7f0d061fb8893286c458986a7e1c6d17cf,9.0,270,30/1,270,0.0,8.966667,True,True,387,0.0,8.962902,True,True,179,135,19.88888888888889,15.0,False,False,73aa12c683618854cb3e53e038a093cb276b75e7b777de1f0fe1fd7749339819,dac2ee08e12bd49b197b1d4c0d90a69ece4511cb84a4cc6e0e938d7a59892d2c,00618ff7bd0e6514de02daf473d12417e5985676c6657956d03d2031cb3524e2
02,6b651e908aefd86959f85b78f945f7d5a5d9e767eb4c095926e1df2ed9629ff9,3.492969,108,30/1,101,0.0,3.433333,True,True,144,0.0,3.305147,True,True,66,50,18.89510041457568,14.314470011042182,False,False,8396e1165055584f7b165dc278d16bec2269179a667fbf8fca5c90c028314fd0,c3ed1549c3c65a7da6f9d0a42e093fa1e328cb43488a1681f8c4a24d9c02aec7,13af8dc373b3ebad81c81916031d8351e9769da8031789c892e22b776d751ae4
03,556b83449ac17fd8cb99ed1dcd6f11c287dd6e0198885e88555579f9bcab84f3,9.663997,480,30/1,289,0.0,9.6,True,True,413,0.0,9.560272,True,True,191,144,19.76407898305432,14.900666877276555,False,False,ff83ebee6069c0b90d28181cac761f298ed49cb2577d961044a3cb97eb7b45f0,ed547e536183666c0d0ce6be22666492e496a274af131eafa767c75368da0bd3,8c5bdb34de8c2fa8c811572c2b3492a370d20ef72bbfeb6ce2a3bcd00ada324e
04,766db8dc32508b8f7f8faaa47656e0eedc8d1707b809fe8235db1e74e15d3369,6.99401,277,30/1,207,0.0,6.933333,True,True,295,0.0,6.824286,True,True,137,103,19.588190465841482,14.726887722493963,False,False,5bcfc1089a0678665a53869fb74c757c9311f7891d3246236d93e1bec5cda4fd,1646fe630f5519c0b37fa727eb3155e0b76854546056926f710dcb9d1a3e8068,e40fd8836e989c84e2d7485b8eae02fe488cb3fe918c9f617e41e3b4130d0d8f
05,715d7c1dd52a78eac6c0a10cd78ba1c4f632dc778839c86fcf7a510ea4184420,6.1,183,30/1,183,0.0,6.133333,True,True,259,0.0,5.990748,True,True,120,90,19.672131147540984,14.754098360655739,False,False,4d8ae3085f48158da8289ba4996095c8acad211d148513f2a7aac40ff24aa256,9880f6dafe60e6480bfc47f4adf9722ef247869737eb004407ce44d91c4f5082,1d8fbe76fa207bc618b2ceea1938604e5cf298627cebea4a77db6befaf976633
06,22e0a0e7c0880d3e92e4eb5e98070e5128884dd21eebc8367852570feb1b1d7f,8.305013,292,30/1,247,0.0,8.266667,True,True,352,0.0,8.134853,True,True,163,123,19.62670016290161,14.810332024766245,False,False,6e609823ec0c957e13703d2a6cdb7e3f5aa9d3635be3cef91bd4d8ce20f8b931,9def93635ab3f9889acbf5bbf8b4d24d206522a0f2cf858b7d0dee80223cae3f,7da4ec4b09e21c64e30dfb0d00f56346e5ba40cded1b489e40736debb75684a9
07,f3b47ceaddf31d472c367259788cb68e93511b14ae117577836f196e22ecedc5,21.348,723,30/1,639,0.0,21.3,True,True,916,0.0,21.242358,True,True,425,319,19.90818812066704,14.942851789394792,False,False,3385d5cd782acad5dda2a04c5ab503026041b4fd37b3b2bf16041db698f0c0a5,85696d98ea83487ded2e5a9a2bc88a7704ccf0a0b4100916e10e58ec7b0a4518,2eddd6e33be0e0934ca0e794f91dc8d3e8b3b481c2aad5196c061fcc2e435323
08,962057312eb9b751ff907ba5799f455dedfc271cabb5d45abd40803e08f88d79,5.086003,239,30/1,149,0.0,5.033333,True,True,212,0.0,4.885215,True,True,98,74,19.268569051178304,14.549735814155046,False,False,56d2f39d3f81532ee82607004ed64b4d4acffca4f3d04d6fcb8e8b524cf6bbad,9e1830105a92584f7a7d5bfd27b83430a7219f8bffa3f08ef4b0bf9b97ab3f5e,853e950a54ffe889631ebae5d1ef97997fe4ae7e75bdd065b7cc9b2507abd89c
09,7ecb03c24c8fc45b66bff4eb56bdf2adba033e96db52dd2d858abd93fae9d749,5.041992,339,30/1,151,0.0,5.0,True,True,233,0.0,4.943,True,True,99,75,19.635096604675297,14.875073185360073,False,False,04dd1e25e30014ad9fc0eb03bae00d906bac2ac76a4696e8a85e4572770f48f6,cb259b58f2c3882da4c89ff5477308fdcd1a3f45908e951df19d118a3e83a841,7a03a549a21c639593869386ceb5d50c9c7ffd9066edb3bff0c0daefc9740717
10,21047991667edfdde0cb848dfd80aa41ccb871bc02742bd24f28d512a70f53db,9.939974,325,30/1,295,0.0,9.9,True,True,421,0.0,9.752336,True,True,195,147,19.617757551478505,14.788771077268413,False,False,ce289ca5314f75bb0b213efe18c48488c3af2d3fa4a3c1d191eac404a7d14403,789dcacb4e2ea406dfa6b187408609a7a556e0e4e49b7cb194024caffb6837f6,410c78a116354697c4de8a8b81a6e0761c92e3a4d98c97634aa5411ff6d73974
11,972bbc9b3f3cd620b2e576672301be7ccba0f54dae3a22b42194a3e322fd7905,5.803971,342,30/1,174,0.0,5.766667,True,True,180,0.0,5.727,True,True,114,86,19.641724605446857,14.817441369021314,False,False,eb9b74722cf1a24653bf4e08b5e42969b2b6e15b50288a5944a14dd37a7d046e,0f7776e46e0769d39c926d815282cbe8f9c29fed2ea2e4fde1cb434beb038e4f,6f8620c7800dfb0503ddd730c6f683d8f644bb53d503aab032b89b9ab9253ffd
12,5d4da7ef7e6a4a344a2b9657fadfa2207c3565a9f7c1fb806e629c95b453aff3,13.013997,609,30/1,388,0.0,12.966667,True,True,555,0.0,12.851315,True,True,257,193,19.74796828368717,14.830186298644453,False,False,ad7484c3292089c13bd6c068fdcbd4643d90907bed6f0aaf8aa6443fdb1de19b,9dbb3f8db3c0dbd2bd3c68731d8d6c9414818ef368d7baf6753283f359ebc500,81776d1f5218ecc20dabe1af6c51aed8baa73693173bec77cda6a27d687a15bd
13,8a64f1201e0299f79d915aa87b4a9be811e346525589d1f41060c2533599a7cb,8.679002,260,30/1,260,0.0,8.633333,True,True,374,0.0,8.661043,True,True,173,1,19.93316743100186,0.11522062098845005,False,False,e1e9effa54e92f893d6763ef5ce2d153b1f0c127c902b465cfb3038a66ce5a7e,be0257e15ebb5cd101a53e61750a70418e61073f1f414547636cb0f5e8863189,8d05d290aef08c41d4c7b911665b89b39aac1e46c6931ded57e9a67226fa6b82
14,8f1c4cb4b1c97b31cd065317faef41465cfcda403ef12d1defce4a5d23b8e18e,10.350977,415,30/1,308,0.0,10.3,True,True,441,0.0,10.203129,True,True,204,153,19.708284541642783,14.781213406232087,False,False,77c858a2f5c2ffe9fbfe9a309da54de97e7397fccf8daecc36a81e22c10748cc,398a8202a2ce7e2b76907a8ab2e2b58d92c229b2669f38c274db1afe68e98b3f,e0c85a3fdccf3b9c48dc46503122e829a96e62451de7eca4c9c8fdb3af24829a
15,bdd4ea47f2dac729a445cdf34009b9dff6d66bdc8ca997b82814bd55dc7fc675,7.333333,220,30/1,220,0.0,7.3,True,True,315,0.0,7.291066,True,True,145,110,19.772728171487646,15.000000681818214,False,False,e0fcce0abd1660fed6a05715c55fa1a0c86f49187ae120cd5ed236cf74896a86,59efcf0254a66aab9ce25bbbd30d1dc5a0928161cafc173455962ecdf3f0f9ed,0f07bc025a4cb316ea3e114f944a9ad642b49730b80108057a7164354a80b39f
16,819a4c15dce5b85d8f7717087ea660551c3044daf3cecba1d45d342ae85365e5,3.113997,167,30/1,93,0.0,3.066667,True,True,132,2.3e-05,3.020476,True,True,60,1,19.26784129849836,0.32113068830830604,False,False,007c263ec7b5759d14381fdf427ccf0cdd14396dc7f003acdd52dd7f0ade43ec,edf96c943f3eff22bae4816ad04d3d5cb258ef25a54e0c811488ae2e0e2c584e,c2f12c2d943e19694d15b7d635844497bd24a98cce67e419560730182c3147fc
17,8a2f9bad44684ae0ba22f4ad39e848020dbac6acf7e5fe9d974f2448e6902462,9.666992,419,30/1,289,0.0,9.633333,True,True,412,0.0,9.540159,True,True,191,143,19.75795573224846,14.792605600583924,False,False,cfbfccb17333cff2b34f1ca40422d8cd22f96327031bd5c4f4a24949053a8704,1c89006942bc85eb5ba25a5fe34e6eb2d7d242a32862eaab5f7c65c28e2eb2d3,2c6ef5e26ad55c89fd53beb02db80503f9dbfa483c2d11cd0c38ea088165ab6e
18,0faf17accce9e58d81b2cc4ff6b150f8bc7f1d2f620ba420944f5732f41d6759,18.808008,686,30/1,561,0.0,18.766667,True,True,803,0.0,18.613333,True,True,372,280,19.778809111523135,14.887275675339993,False,False,502e722b4f641a8d626abe2e421d7e6e3c5fde86488739791de6a154ab060a56,a64ec5a0b31eef5c745857247bd2734fa8d23b52d50925a5efdd19f44ec64650,0d041e35715f02a0ffeeab3470445bc2cd7ae0a2f29c0952336f347a7d7875be
19,26148d75d5b4c1ff6f69a36485cc02a771a74203d2c07d9d08f018bf88658217,13.683,561,30/1,409,0.0,13.633333,True,True,587,0.0,13.587574,True,True,272,204,19.87868157567785,14.909011181758386,False,False,9ed953b4801240e28d9faa6b8f1d29140a8d07ed78dea4b24dd02a3cc8c27116,e1f51e8657da7c1a24462554859495afebad2189dfd325722dcef649c7dc7576,9ed60f6c88bc3372e0e98f1fec948330f22481804d277d7eda4083d7ddd5ff9b
20,0c75c37baddf51add457b20ad35e10166ff7baaa520f77bd6b2af2239c217a1c,10.952995,561,30/1,326,0.0,10.9,True,True,466,0.0,10.786644,True,True,216,162,19.720633488831137,14.790475116623353,False,False,0af56d4fb50c1f8e2b01795c2b8de2149e8ca437f278a92857b19390e5e7e70e,342a49ba50f05d87292482a75ba1b45397e7ce1fc6aa9c495fb393a8d318fa87,34a6e33ed9894a2175ce63858558a9781cebd11f1495e4d7a9e0b69a1c3bd251
