sample_key,modalities,original_effective_duration_sec,text_sequence_length,audio_observation_length,video_observation_length,alignment_mode,alignment_granularity,text_av_time_mapping_status,feature_dims_json,output_file
-3g5yACwYnA$_$13,text|audio|video,5.500000,15,535,163,UNCERTAIN_REVIEW,clip,clip_only,"{""audio_native"": 25, ""text_word"": 768, ""video_native"": 52, ""word_audio_mean_std"": 50, ""word_vision_mean_std"": 104}",features/-3g5yACwYnA___13.npz
-3g5yACwYnA$_$2,text|audio|video,9.366667,14,919,278,UNCERTAIN_REVIEW,clip,clip_only,"{""audio_native"": 25, ""text_word"": 768, ""video_native"": 52, ""word_audio_mean_std"": 50, ""word_vision_mean_std"": 104}",features/-3g5yACwYnA___2.npz
-3g5yACwYnA$_$3,text|audio|video,14.366667,29,1428,431,TRI_MODAL_WORD_VALID,word,word_valid,"{""audio_native"": 25, ""text_word"": 768, ""video_native"": 52, ""word_audio_mean_std"": 50, ""word_vision_mean_std"": 104}",features/-3g5yACwYnA___3.npz
-3g5yACwYnA$_$9,text|audio|video,8.800000,21,865,263,UNCERTAIN_REVIEW,clip,clip_only,"{""audio_native"": 25, ""text_word"": 768, ""video_native"": 52, ""word_audio_mean_std"": 50, ""word_vision_mean_std"": 104}",features/-3g5yACwYnA___9.npz
-3nNcZdcdvU$_$5,text|audio|video,7.866667,18,774,236,UNCERTAIN_REVIEW,clip,clip_only,"{""audio_native"": 25, ""text_word"": 768, ""video_native"": 52, ""word_audio_mean_std"": 50, ""word_vision_mean_std"": 104}",features/-3nNcZdcdvU___5.npz
-571d8cVauQ$_$0,text|audio|video,5.166667,12,495,152,UNCERTAIN_REVIEW,clip,clip_only,"{""audio_native"": 25, ""text_word"": 768, ""video_native"": 52, ""word_audio_mean_std"": 50, ""word_vision_mean_std"": 104}",features/-571d8cVauQ___0.npz
-571d8cVauQ$_$5,text|audio|video,15.266667,43,1507,455,UNCERTAIN_REVIEW,clip,clip_only,"{""audio_native"": 25, ""text_word"": 768, ""video_native"": 52, ""word_audio_mean_std"": 50, ""word_vision_mean_std"": 104}",features/-571d8cVauQ___5.npz
-6rXp3zJ3kc$_$8,text|audio|video,12.800000,34,1269,384,UNCERTAIN_REVIEW,clip,clip_only,"{""audio_native"": 25, ""text_word"": 768, ""video_native"": 52, ""word_audio_mean_std"": 50, ""word_vision_mean_std"": 104}",features/-6rXp3zJ3kc___8.npz
-9y-fZ3swSY$_$0,text|audio|video,6.900000,22,671,205,UNCERTAIN_REVIEW,clip,clip_only,"{""audio_native"": 25, ""text_word"": 768, ""video_native"": 52, ""word_audio_mean_std"": 50, ""word_vision_mean_std"": 104}",features/-9y-fZ3swSY___0.npz
-9y-fZ3swSY$_$4,text|audio|video,2.800000,9,262,81,UNCERTAIN_REVIEW,clip,clip_only,"{""audio_native"": 25, ""text_word"": 768, ""video_native"": 52, ""word_audio_mean_std"": 50, ""word_vision_mean_std"": 104}",features/-9y-fZ3swSY___4.npz
-9y-fZ3swSY$_$8,text|audio|video,4.966667,12,487,149,UNCERTAIN_REVIEW,clip,clip_only,"{""audio_native"": 25, ""text_word"": 768, ""video_native"": 52, ""word_audio_mean_std"": 50, ""word_vision_mean_std"": 104}",features/-9y-fZ3swSY___8.npz
-AUZQgSxyPQ$_$2,text|audio|video,22.500000,41,2236,674,UNCERTAIN_REVIEW,clip,clip_only,"{""audio_native"": 25, ""text_word"": 768, ""video_native"": 52, ""word_audio_mean_std"": 50, ""word_vision_mean_std"": 104}",features/-AUZQgSxyPQ___2.npz
-HeZS2-Prhc$_$2,text|audio|video,8.233333,16,811,246,UNCERTAIN_REVIEW,clip,clip_only,"{""audio_native"": 25, ""text_word"": 768, ""video_native"": 52, ""word_audio_mean_std"": 50, ""word_vision_mean_std"": 104}",features/-HeZS2-Prhc___2.npz
-HwX2H8Z4hY$_$2,text|audio|video,3.966667,7,387,119,UNCERTAIN_REVIEW,clip,clip_only,"{""audio_native"": 25, ""text_word"": 768, ""video_native"": 52, ""word_audio_mean_std"": 50, ""word_vision_mean_std"": 104}",features/-HwX2H8Z4hY___2.npz
-HwX2H8Z4hY$_$5,text|audio|video,5.633333,9,550,168,UNCERTAIN_REVIEW,clip,clip_only,"{""audio_native"": 25, ""text_word"": 768, ""video_native"": 52, ""word_audio_mean_std"": 50, ""word_vision_mean_std"": 104}",features/-HwX2H8Z4hY___5.npz
-HwX2H8Z4hY$_$6,text|audio|video,3.333333,7,321,99,UNCERTAIN_REVIEW,clip,clip_only,"{""audio_native"": 25, ""text_word"": 768, ""video_native"": 52, ""word_audio_mean_std"": 50, ""word_vision_mean_std"": 104}",features/-HwX2H8Z4hY___6.npz
-HwX2H8Z4hY$_$9,text|audio|video,7.733333,22,759,232,UNCERTAIN_REVIEW,clip,clip_only,"{""audio_native"": 25, ""text_word"": 768, ""video_native"": 52, ""word_audio_mean_std"": 50, ""word_vision_mean_std"": 104}",features/-HwX2H8Z4hY___9.npz
-I_e4mIh0yE$_$1,text|audio|video,7.600000,18,740,225,UNCERTAIN_REVIEW,clip,clip_only,"{""audio_native"": 25, ""text_word"": 768, ""video_native"": 52, ""word_audio_mean_std"": 50, ""word_vision_mean_std"": 104}",features/-I_e4mIh0yE___1.npz
-I_e4mIh0yE$_$3,text|audio|video,9.133333,22,895,271,UNCERTAIN_REVIEW,clip,clip_only,"{""audio_native"": 25, ""text_word"": 768, ""video_native"": 52, ""word_audio_mean_std"": 50, ""word_vision_mean_std"": 104}",features/-I_e4mIh0yE___3.npz
-MeTTeMJBNc$_$0,text|audio|video,9.333333,21,917,279,UNCERTAIN_REVIEW,clip,clip_only,"{""audio_native"": 25, ""text_word"": 768, ""video_native"": 52, ""word_audio_mean_std"": 50, ""word_vision_mean_std"": 104}",features/-MeTTeMJBNc___0.npz
-MeTTeMJBNc$_$13,text|audio|video,5.400000,14,521,159,UNCERTAIN_REVIEW,clip,clip_only,"{""audio_native"": 25, ""text_word"": 768, ""video_native"": 52, ""word_audio_mean_std"": 50, ""word_vision_mean_std"": 104}",features/-MeTTeMJBNc___13.npz
-MeTTeMJBNc$_$7,text|audio|video,10.500000,31,1037,314,UNCERTAIN_REVIEW,clip,clip_only,"{""audio_native"": 25, ""text_word"": 768, ""video_native"": 52, ""word_audio_mean_std"": 50, ""word_vision_mean_std"": 104}",features/-MeTTeMJBNc___7.npz
-NFrJFQijFE$_$1,text|audio|video,5.720000,16,561,142,UNCERTAIN_REVIEW,clip,clip_only,"{""audio_native"": 25, ""text_word"": 768, ""video_native"": 52, ""word_audio_mean_std"": 50, ""word_vision_mean_std"": 104}",features/-NFrJFQijFE___1.npz
-NFrJFQijFE$_$2,text|audio|video,6.840000,18,665,169,UNCERTAIN_REVIEW,clip,clip_only,"{""audio_native"": 25, ""text_word"": 768, ""video_native"": 52, ""word_audio_mean_std"": 50, ""word_vision_mean_std"": 104}",features/-NFrJFQijFE___2.npz
-RfYyzHpjk4$_$11,text|audio|video,5.233333,17,503,154,UNCERTAIN_REVIEW,clip,clip_only,"{""audio_native"": 25, ""text_word"": 768, ""video_native"": 52, ""word_audio_mean_std"": 50, ""word_vision_mean_std"": 104}",features/-RfYyzHpjk4___11.npz
-RfYyzHpjk4$_$2,text|audio|video,5.500000,25,535,164,UNCERTAIN_REVIEW,clip,clip_only,"{""audio_native"": 25, ""text_word"": 768, ""video_native"": 52, ""word_audio_mean_std"": 50, ""word_vision_mean_std"": 104}",features/-RfYyzHpjk4___2.npz
-RfYyzHpjk4$_$8,text|audio|video,4.566667,17,449,137,UNCERTAIN_REVIEW,clip,clip_only,"{""audio_native"": 25, ""text_word"": 768, ""video_native"": 52, ""word_audio_mean_std"": 50, ""word_vision_mean_std"": 104}",features/-RfYyzHpjk4___8.npz
-THoVjtIkeU$_$12,text|audio|video,14.866667,39,1476,445,UNCERTAIN_REVIEW,clip,clip_only,"{""audio_native"": 25, ""text_word"": 768, ""video_native"": 52, ""word_audio_mean_std"": 50, ""word_vision_mean_std"": 104}",features/-THoVjtIkeU___12.npz
-THoVjtIkeU$_$2,text|audio|video,4.266667,10,419,128,UNCERTAIN_REVIEW,clip,clip_only,"{""audio_native"": 25, ""text_word"": 768, ""video_native"": 52, ""word_audio_mean_std"": 50, ""word_vision_mean_std"": 104}",features/-THoVjtIkeU___2.npz
-THoVjtIkeU$_$6,text|audio|video,8.066667,30,794,241,UNCERTAIN_REVIEW,clip,clip_only,"{""audio_native"": 25, ""text_word"": 768, ""video_native"": 52, ""word_audio_mean_std"": 50, ""word_vision_mean_std"": 104}",features/-THoVjtIkeU___6.npz
-UUCSKoHeMA$_$0,text|audio|video,7.866667,18,769,234,UNCERTAIN_REVIEW,clip,clip_only,"{""audio_native"": 25, ""text_word"": 768, ""video_native"": 52, ""word_audio_mean_std"": 50, ""word_vision_mean_std"": 104}",features/-UUCSKoHeMA___0.npz
-UacrmKiTn4$_$10,text|audio|video,7.333333,18,720,218,UNCERTAIN_REVIEW,clip,clip_only,"{""audio_native"": 25, ""text_word"": 768, ""video_native"": 52, ""word_audio_mean_std"": 50, ""word_vision_mean_std"": 104}",features/-UacrmKiTn4___10.npz
-UacrmKiTn4$_$4,text|audio|video,4.733333,14,464,142,UNCERTAIN_REVIEW,clip,clip_only,"{""audio_native"": 25, ""text_word"": 768, ""video_native"": 52, ""word_audio_mean_std"": 50, ""word_vision_mean_std"": 104}",features/-UacrmKiTn4___4.npz
-UuX1xuaiiE$_$0,text|audio|video,3.700000,9,353,109,TRI_MODAL_WORD_VALID,word,word_valid,"{""audio_native"": 25, ""text_word"": 768, ""video_native"": 52, ""word_audio_mean_std"": 50, ""word_vision_mean_std"": 104}",features/-UuX1xuaiiE___0.npz
-UuX1xuaiiE$_$1,text|audio|video,10.333333,27,1022,309,UNCERTAIN_REVIEW,clip,clip_only,"{""audio_native"": 25, ""text_word"": 768, ""video_native"": 52, ""word_audio_mean_std"": 50, ""word_vision_mean_std"": 104}",features/-UuX1xuaiiE___1.npz
-UuX1xuaiiE$_$3,text|audio|video,4.100000,9,399,123,UNCERTAIN_REVIEW,clip,clip_only,"{""audio_native"": 25, ""text_word"": 768, ""video_native"": 52, ""word_audio_mean_std"": 50, ""word_vision_mean_std"": 104}",features/-UuX1xuaiiE___3.npz
-UuX1xuaiiE$_$6,text|audio|video,8.100000,22,790,240,UNCERTAIN_REVIEW,clip,clip_only,"{""audio_native"": 25, ""text_word"": 768, ""video_native"": 52, ""word_audio_mean_std"": 50, ""word_vision_mean_std"": 104}",features/-UuX1xuaiiE___6.npz
-a55Q6RWvTA$_$3,text|audio|video,22.133333,65,2204,664,UNCERTAIN_REVIEW,clip,clip_only,"{""audio_native"": 25, ""text_word"": 768, ""video_native"": 52, ""word_audio_mean_std"": 50, ""word_vision_mean_std"": 104}",features/-a55Q6RWvTA___3.npz
-aNfi7CP8vM$_$7,text|audio|video,8.666667,18,849,257,TRI_MODAL_WORD_VALID,word,word_valid,"{""audio_native"": 25, ""text_word"": 768, ""video_native"": 52, ""word_audio_mean_std"": 50, ""word_vision_mean_std"": 104}",features/-aNfi7CP8vM___7.npz
-aqamKhZ1Ec$_$0,text|audio|video,11.000000,14,1085,329,UNCERTAIN_REVIEW,clip,clip_only,"{""audio_native"": 25, ""text_word"": 768, ""video_native"": 52, ""word_audio_mean_std"": 50, ""word_vision_mean_std"": 104}",features/-aqamKhZ1Ec___0.npz
-dxfTGcXJoc$_$0,text|audio|video,20.533333,40,2037,615,UNCERTAIN_REVIEW,clip,clip_only,"{""audio_native"": 25, ""text_word"": 768, ""video_native"": 52, ""word_audio_mean_std"": 50, ""word_vision_mean_std"": 104}",features/-dxfTGcXJoc___0.npz
-dxfTGcXJoc$_$1,text|audio|video,16.133333,36,1597,482,UNCERTAIN_REVIEW,clip,clip_only,"{""audio_native"": 25, ""text_word"": 768, ""video_native"": 52, ""word_audio_mean_std"": 50, ""word_vision_mean_std"": 104}",features/-dxfTGcXJoc___1.npz
-dxfTGcXJoc$_$2,text|audio|video,16.666667,34,1659,500,UNCERTAIN_REVIEW,clip,clip_only,"{""audio_native"": 25, ""text_word"": 768, ""video_native"": 52, ""word_audio_mean_std"": 50, ""word_vision_mean_std"": 104}",features/-dxfTGcXJoc___2.npz
-dxfTGcXJoc$_$6,text|audio|video,12.733333,27,1258,381,UNCERTAIN_REVIEW,clip,clip_only,"{""audio_native"": 25, ""text_word"": 768, ""video_native"": 52, ""word_audio_mean_std"": 50, ""word_vision_mean_std"": 104}",features/-dxfTGcXJoc___6.npz
-egA8-b7-3M$_$1,text|audio|video,10.233333,20,1011,306,UNCERTAIN_REVIEW,clip,clip_only,"{""audio_native"": 25, ""text_word"": 768, ""video_native"": 52, ""word_audio_mean_std"": 50, ""word_vision_mean_std"": 104}",features/-egA8-b7-3M___1.npz
-egA8-b7-3M$_$13,text|audio|video,4.166667,11,398,123,UNCERTAIN_REVIEW,clip,clip_only,"{""audio_native"": 25, ""text_word"": 768, ""video_native"": 52, ""word_audio_mean_std"": 50, ""word_vision_mean_std"": 104}",features/-egA8-b7-3M___13.npz
-egA8-b7-3M$_$16,text|audio|video,5.533333,11,544,166,UNCERTAIN_REVIEW,clip,clip_only,"{""audio_native"": 25, ""text_word"": 768, ""video_native"": 52, ""word_audio_mean_std"": 50, ""word_vision_mean_std"": 104}",features/-egA8-b7-3M___16.npz
-egA8-b7-3M$_$17,text|audio|video,7.266667,16,705,215,UNCERTAIN_REVIEW,clip,clip_only,"{""audio_native"": 25, ""text_word"": 768, ""video_native"": 52, ""word_audio_mean_std"": 50, ""word_vision_mean_std"": 104}",features/-egA8-b7-3M___17.npz
-egA8-b7-3M$_$18,text|audio|video,8.366667,22,822,250,UNCERTAIN_REVIEW,clip,clip_only,"{""audio_native"": 25, ""text_word"": 768, ""video_native"": 52, ""word_audio_mean_std"": 50, ""word_vision_mean_std"": 104}",features/-egA8-b7-3M___18.npz
-egA8-b7-3M$_$20,text|audio|video,6.633333,20,643,196,UNCERTAIN_REVIEW,clip,clip_only,"{""audio_native"": 25, ""text_word"": 768, ""video_native"": 52, ""word_audio_mean_std"": 50, ""word_vision_mean_std"": 104}",features/-egA8-b7-3M___20.npz
-egA8-b7-3M$_$26,text|audio|video,6.000000,15,588,179,UNCERTAIN_REVIEW,clip,clip_only,"{""audio_native"": 25, ""text_word"": 768, ""video_native"": 52, ""word_audio_mean_std"": 50, ""word_vision_mean_std"": 104}",features/-egA8-b7-3M___26.npz
-egA8-b7-3M$_$6,text|audio|video,6.233333,12,614,187,UNCERTAIN_REVIEW,clip,clip_only,"{""audio_native"": 25, ""text_word"": 768, ""video_native"": 52, ""word_audio_mean_std"": 50, ""word_vision_mean_std"": 104}",features/-egA8-b7-3M___6.npz
-egA8-b7-3M$_$9,text|audio|video,5.066667,10,489,150,TRI_MODAL_WORD_VALID,word,word_valid,"{""audio_native"": 25, ""text_word"": 768, ""video_native"": 52, ""word_audio_mean_std"": 50, ""word_vision_mean_std"": 104}",features/-egA8-b7-3M___9.npz
-hnBHBN8p5A$_$6,text|audio|video,6.381367,13,629,153,UNCERTAIN_REVIEW,clip,clip_only,"{""audio_native"": 25, ""text_word"": 768, ""video_native"": 52, ""word_audio_mean_std"": 50, ""word_vision_mean_std"": 104}",features/-hnBHBN8p5A___6.npz
-hnBHBN8p5A$_$7,text|audio|video,7.340667,13,726,176,UNCERTAIN_REVIEW,clip,clip_only,"{""audio_native"": 25, ""text_word"": 768, ""video_native"": 52, ""word_audio_mean_std"": 50, ""word_vision_mean_std"": 104}",features/-hnBHBN8p5A___7.npz
-iRBcNs9oI8$_$3,text|audio|video,5.605600,8,549,167,UNCERTAIN_REVIEW,clip,clip_only,"{""audio_native"": 25, ""text_word"": 768, ""video_native"": 52, ""word_audio_mean_std"": 50, ""word_vision_mean_std"": 104}",features/-iRBcNs9oI8___3.npz
-iRBcNs9oI8$_$6,text|audio|video,2.869533,5,278,85,UNCERTAIN_REVIEW,clip,clip_only,"{""audio_native"": 25, ""text_word"": 768, ""video_native"": 52, ""word_audio_mean_std"": 50, ""word_vision_mean_std"": 104}",features/-iRBcNs9oI8___6.npz
-iRBcNs9oI8$_$7,text|audio|video,4.070733,9,396,120,AV_VALID_TEXT_UNALIGNED,clip,unavailable,"{""audio_native"": 25, ""text_word"": 768, ""video_native"": 52, ""word_audio_mean_std"": 50, ""word_vision_mean_std"": 104}",features/-iRBcNs9oI8___7.npz
-iRBcNs9oI8$_$8,text|audio|video,8.074733,21,798,241,UNCERTAIN_REVIEW,clip,clip_only,"{""audio_native"": 25, ""text_word"": 768, ""video_native"": 52, ""word_audio_mean_std"": 50, ""word_vision_mean_std"": 104}",features/-iRBcNs9oI8___8.npz
-iRBcNs9oI8$_$9,text|audio|video,3.403400,5,333,102,UNCERTAIN_REVIEW,clip,clip_only,"{""audio_native"": 25, ""text_word"": 768, ""video_native"": 52, ""word_audio_mean_std"": 50, ""word_vision_mean_std"": 104}",features/-iRBcNs9oI8___9.npz
-lzEya4AM_4$_$5,text|audio|video,7.666667,19,752,229,UNCERTAIN_REVIEW,clip,clip_only,"{""audio_native"": 25, ""text_word"": 768, ""video_native"": 52, ""word_audio_mean_std"": 50, ""word_vision_mean_std"": 104}",features/-lzEya4AM_4___5.npz
-lzEya4AM_4$_$6,text|audio|video,14.766667,43,1470,443,UNCERTAIN_REVIEW,clip,clip_only,"{""audio_native"": 25, ""text_word"": 768, ""video_native"": 52, ""word_audio_mean_std"": 50, ""word_vision_mean_std"": 104}",features/-lzEya4AM_4___6.npz
-mJ2ud6oKI8$_$1,text|audio|video,6.072733,13,601,182,TRI_MODAL_WITH_AUDIO_CONTENT_INVALID,clip,clip_only,"{""audio_native"": 25, ""text_word"": 768, ""video_native"": 52, ""word_audio_mean_std"": 50, ""word_vision_mean_std"": 104}",features/-mJ2ud6oKI8___1.npz
-mJ2ud6oKI8$_$2,text|audio|video,5.705700,11,566,171,TRI_MODAL_WITH_AUDIO_CONTENT_INVALID,clip,clip_only,"{""audio_native"": 25, ""text_word"": 768, ""video_native"": 52, ""word_audio_mean_std"": 50, ""word_vision_mean_std"": 104}",features/-mJ2ud6oKI8___2.npz
-mJ2ud6oKI8$_$6,text|audio|video,2.235567,5,218,67,AV_VALID_TEXT_UNALIGNED,clip,unavailable,"{""audio_native"": 25, ""text_word"": 768, ""video_native"": 52, ""word_audio_mean_std"": 50, ""word_vision_mean_std"": 104}",features/-mJ2ud6oKI8___6.npz
-mJ2ud6oKI8$_$8,text|audio|video,4.171375,11,413,125,AV_VALID_TEXT_UNALIGNED,clip,unavailable,"{""audio_native"": 25, ""text_word"": 768, ""video_native"": 52, ""word_audio_mean_std"": 50, ""word_vision_mean_std"": 104}",features/-mJ2ud6oKI8___8.npz
-mJ2ud6oKI8$_$9,text|audio|video,7.007000,22,686,208,AV_VALID_TEXT_UNALIGNED,clip,unavailable,"{""audio_native"": 25, ""text_word"": 768, ""video_native"": 52, ""word_audio_mean_std"": 50, ""word_vision_mean_std"": 104}",features/-mJ2ud6oKI8___9.npz
-mqbVkbCndg$_$0,text|audio|video,6.500000,12,634,194,UNCERTAIN_REVIEW,clip,clip_only,"{""audio_native"": 25, ""text_word"": 768, ""video_native"": 52, ""word_audio_mean_std"": 50, ""word_vision_mean_std"": 104}",features/-mqbVkbCndg___0.npz
-qDkUB0GgYY$_$6,text|audio|video,4.666667,16,457,140,UNCERTAIN_REVIEW,clip,clip_only,"{""audio_native"": 25, ""text_word"": 768, ""video_native"": 52, ""word_audio_mean_std"": 50, ""word_vision_mean_std"": 104}",features/-qDkUB0GgYY___6.npz
-ri04Z7vwnc$_$0,text|audio|video,2.794467,8,272,67,UNCERTAIN_REVIEW,clip,clip_only,"{""audio_native"": 25, ""text_word"": 768, ""video_native"": 52, ""word_audio_mean_std"": 50, ""word_vision_mean_std"": 104}",features/-ri04Z7vwnc___0.npz
-ri04Z7vwnc$_$2,text|audio|video,6.005989,16,587,143,UNCERTAIN_REVIEW,clip,clip_only,"{""audio_native"": 25, ""text_word"": 768, ""video_native"": 52, ""word_audio_mean_std"": 50, ""word_vision_mean_std"": 104}",features/-ri04Z7vwnc___2.npz
-ri04Z7vwnc$_$5,text|audio|video,3.503500,8,339,83,UNCERTAIN_REVIEW,clip,clip_only,"{""audio_native"": 25, ""text_word"": 768, ""video_native"": 52, ""word_audio_mean_std"": 50, ""word_vision_mean_std"": 104}",features/-ri04Z7vwnc___5.npz
-s9qJ7ATP7w$_$0,text|audio|video,6.866667,24,667,204,UNCERTAIN_REVIEW,clip,clip_only,"{""audio_native"": 25, ""text_word"": 768, ""video_native"": 52, ""word_audio_mean_std"": 50, ""word_vision_mean_std"": 104}",features/-s9qJ7ATP7w___0.npz
-s9qJ7ATP7w$_$1,text|audio|video,4.766667,11,460,140,UNCERTAIN_REVIEW,clip,clip_only,"{""audio_native"": 25, ""text_word"": 768, ""video_native"": 52, ""word_audio_mean_std"": 50, ""word_vision_mean_std"": 104}",features/-s9qJ7ATP7w___1.npz
-s9qJ7ATP7w$_$4,text|audio|video,4.400000,9,420,129,UNCERTAIN_REVIEW,clip,clip_only,"{""audio_native"": 25, ""text_word"": 768, ""video_native"": 52, ""word_audio_mean_std"": 50, ""word_vision_mean_std"": 104}",features/-s9qJ7ATP7w___4.npz
-s9qJ7ATP7w$_$5,text|audio|video,8.533333,19,835,253,UNCERTAIN_REVIEW,clip,clip_only,"{""audio_native"": 25, ""text_word"": 768, ""video_native"": 52, ""word_audio_mean_std"": 50, ""word_vision_mean_std"": 104}",features/-s9qJ7ATP7w___5.npz
-s9qJ7ATP7w$_$6,text|audio|video,2.466667,5,227,71,TRI_MODAL_WORD_VALID,word,word_valid,"{""audio_native"": 25, ""text_word"": 768, ""video_native"": 52, ""word_audio_mean_std"": 50, ""word_vision_mean_std"": 104}",features/-s9qJ7ATP7w___6.npz
-s9qJ7ATP7w$_$7,text|audio|video,6.933333,28,679,207,UNCERTAIN_REVIEW,clip,clip_only,"{""audio_native"": 25, ""text_word"": 768, ""video_native"": 52, ""word_audio_mean_std"": 50, ""word_vision_mean_std"": 104}",features/-s9qJ7ATP7w___7.npz
-s9qJ7ATP7w$_$8,text|audio|video,3.266667,12,314,97,UNCERTAIN_REVIEW,clip,clip_only,"{""audio_native"": 25, ""text_word"": 768, ""video_native"": 52, ""word_audio_mean_std"": 50, ""word_vision_mean_std"": 104}",features/-s9qJ7ATP7w___8.npz
-t217m2on-s$_$2,text|audio|video,5.666667,12,559,170,UNCERTAIN_REVIEW,clip,clip_only,"{""audio_native"": 25, ""text_word"": 768, ""video_native"": 52, ""word_audio_mean_std"": 50, ""word_vision_mean_std"": 104}",features/-t217m2on-s___2.npz
-t217m2on-s$_$7,text|audio|video,17.166667,45,1698,512,UNCERTAIN_REVIEW,clip,clip_only,"{""audio_native"": 25, ""text_word"": 768, ""video_native"": 52, ""word_audio_mean_std"": 50, ""word_vision_mean_std"": 104}",features/-t217m2on-s___7.npz
-tANM6ETl_M$_$3,text|audio|video,6.733333,22,656,200,UNCERTAIN_REVIEW,clip,clip_only,"{""audio_native"": 25, ""text_word"": 768, ""video_native"": 52, ""word_audio_mean_std"": 50, ""word_vision_mean_std"": 104}",features/-tANM6ETl_M___3.npz
-tPCytz4rww$_$10,text|audio|video,4.766667,12,463,142,UNCERTAIN_REVIEW,clip,clip_only,"{""audio_native"": 25, ""text_word"": 768, ""video_native"": 52, ""word_audio_mean_std"": 50, ""word_vision_mean_std"": 104}",features/-tPCytz4rww___10.npz
-tPCytz4rww$_$11,text|audio|video,5.466667,17,533,164,UNCERTAIN_REVIEW,clip,clip_only,"{""audio_native"": 25, ""text_word"": 768, ""video_native"": 52, ""word_audio_mean_std"": 50, ""word_vision_mean_std"": 104}",features/-tPCytz4rww___11.npz
-tPCytz4rww$_$12,text|audio|video,11.833333,26,1169,353,UNCERTAIN_REVIEW,clip,clip_only,"{""audio_native"": 25, ""text_word"": 768, ""video_native"": 52, ""word_audio_mean_std"": 50, ""word_vision_mean_std"": 104}",features/-tPCytz4rww___12.npz
-tPCytz4rww$_$16,text|audio|video,7.200000,16,709,216,UNCERTAIN_REVIEW,clip,clip_only,"{""audio_native"": 25, ""text_word"": 768, ""video_native"": 52, ""word_audio_mean_std"": 50, ""word_vision_mean_std"": 104}",features/-tPCytz4rww___16.npz
-tPCytz4rww$_$18,text|audio|video,6.633333,16,652,199,UNCERTAIN_REVIEW,clip,clip_only,"{""audio_native"": 25, ""text_word"": 768, ""video_native"": 52, ""word_audio_mean_std"": 50, ""word_vision_mean_std"": 104}",features/-tPCytz4rww___18.npz
-uywlfIYOS8$_$4,text|audio|video,6.033333,18,584,179,UNCERTAIN_REVIEW,clip,clip_only,"{""audio_native"": 25, ""text_word"": 768, ""video_native"": 52, ""word_audio_mean_std"": 50, ""word_vision_mean_std"": 104}",features/-uywlfIYOS8___4.npz
-vxjVxOeScU$_$4,text|audio|video,9.100000,21,899,272,UNCERTAIN_REVIEW,clip,clip_only,"{""audio_native"": 25, ""text_word"": 768, ""video_native"": 52, ""word_audio_mean_std"": 50, ""word_vision_mean_std"": 104}",features/-vxjVxOeScU___4.npz
-wMB_hJL-3o$_$7,text|audio|video,6.033333,22,593,181,UNCERTAIN_REVIEW,clip,clip_only,"{""audio_native"": 25, ""text_word"": 768, ""video_native"": 52, ""word_audio_mean_std"": 50, ""word_vision_mean_std"": 104}",features/-wMB_hJL-3o___7.npz
-wny0OAz3g8$_$0,text|audio|video,3.333333,9,323,100,UNCERTAIN_REVIEW,clip,clip_only,"{""audio_native"": 25, ""text_word"": 768, ""video_native"": 52, ""word_audio_mean_std"": 50, ""word_vision_mean_std"": 104}",features/-wny0OAz3g8___0.npz
-wny0OAz3g8$_$1,text|audio|video,6.833333,22,673,205,UNCERTAIN_REVIEW,clip,clip_only,"{""audio_native"": 25, ""text_word"": 768, ""video_native"": 52, ""word_audio_mean_std"": 50, ""word_vision_mean_std"": 104}",features/-wny0OAz3g8___1.npz
-wny0OAz3g8$_$2,text|audio|video,6.666667,23,648,197,UNCERTAIN_REVIEW,clip,clip_only,"{""audio_native"": 25, ""text_word"": 768, ""video_native"": 52, ""word_audio_mean_std"": 50, ""word_vision_mean_std"": 104}",features/-wny0OAz3g8___2.npz
-wny0OAz3g8$_$3,text|audio|video,6.133333,20,605,184,UNCERTAIN_REVIEW,clip,clip_only,"{""audio_native"": 25, ""text_word"": 768, ""video_native"": 52, ""word_audio_mean_std"": 50, ""word_vision_mean_std"": 104}",features/-wny0OAz3g8___3.npz
-wny0OAz3g8$_$5,text|audio|video,6.900000,20,670,204,UNCERTAIN_REVIEW,clip,clip_only,"{""audio_native"": 25, ""text_word"": 768, ""video_native"": 52, ""word_audio_mean_std"": 50, ""word_vision_mean_std"": 104}",features/-wny0OAz3g8___5.npz
-wny0OAz3g8$_$7,text|audio|video,8.066667,29,787,240,UNCERTAIN_REVIEW,clip,clip_only,"{""audio_native"": 25, ""text_word"": 768, ""video_native"": 52, ""word_audio_mean_std"": 50, ""word_vision_mean_std"": 104}",features/-wny0OAz3g8___7.npz
-wny0OAz3g8$_$9,text|audio|video,6.200000,20,600,183,UNCERTAIN_REVIEW,clip,clip_only,"{""audio_native"": 25, ""text_word"": 768, ""video_native"": 52, ""word_audio_mean_std"": 50, ""word_vision_mean_std"": 104}",features/-wny0OAz3g8___9.npz
-yRb-Jum7EQ$_$1,text|audio|video,29.266667,49,2906,875,UNCERTAIN_REVIEW,clip,clip_only,"{""audio_native"": 25, ""text_word"": 768, ""video_native"": 52, ""word_audio_mean_std"": 50, ""word_vision_mean_std"": 104}",features/-yRb-Jum7EQ___1.npz
-yRb-Jum7EQ$_$5,text|audio|video,13.166667,25,1300,394,UNCERTAIN_REVIEW,clip,clip_only,"{""audio_native"": 25, ""text_word"": 768, ""video_native"": 52, ""word_audio_mean_std"": 50, ""word_vision_mean_std"": 104}",features/-yRb-Jum7EQ___5.npz
-yRb-Jum7EQ$_$6,text|audio|video,11.242563,19,1120,336,AV_VALID_TEXT_UNALIGNED,clip,unavailable,"{""audio_native"": 25, ""text_word"": 768, ""video_native"": 52, ""word_audio_mean_std"": 50, ""word_vision_mean_std"": 104}",features/-yRb-Jum7EQ___6.npz
